time,open,high,low,close,volume,rsi,macd,macd_signal,macd_diff,adx,ema_short,ema_long,bb_width,volatility,atr,cci,parabolic_sar,vwap,wma,trix,bb_upper,bb_middle,bb_lower
2024-02-03 00:00:00,42995.16,43000.02,42995.16,43000.01,4.72097,33.56496929636657,-6.837564082961762,-3.731898488175311,-3.1056655947864513,17.778806835152942,43007.14936101837,43019.11435358946,32.83145343922661,17.075236964851996,7.330800172349376,-93.76828673601332,43035.91316032871,43316.964964143706,43013.33171428571,-0.0013309649443768205,43020.51172671962,43004.096000000005,42987.68027328039
2024-02-03 00:01:00,43000.01,43000.07,43000.01,43000.06,3.90683,33.658585422274,-7.325587462510157,-4.4506362830422805,-2.8749511794678764,18.32537160683321,43005.37702076377,43017.64863408258,11.297079935175134,15.934736677218726,6.811457302895683,-69.27943097235297,43033.46797070899,43316.964122593716,43010.94514285715,-0.0015623640379167703,43005.854539967586,43000.206,42994.55746003241
2024-02-03 00:02:00,43000.06,43000.07,43000.06,43000.07,3.06796,33.681014046962204,-7.623661763165728,-5.085241379066971,-2.5384203840987576,18.832896037679173,43004.05026557283,43016.29643146085,9.966597768565407,12.273479841878762,6.325638924117565,-57.94470459934954,43031.16949246645,43316.96346176435,43008.653428571444,-0.0017733845199360348,43004.62329888428,42999.64,42994.65670111572
2024-02-03 00:03:00,43000.06,43000.07,43000.06,43000.07,1.93917,33.681014046962204,-7.770316423069744,-5.622256387867525,-2.148060035202219,19.30416872346471,43003.055199179624,43015.0482444254,7.812503766355803,8.195691937102007,5.874521858109313,-47.92444029844012,43029.00892291846,43316.963044074386,43006.45514285715,-0.001958226454782903,43002.98225188318,42999.076,42995.16974811682
2024-02-03 00:04:00,43000.06,43000.07,43000.06,43000.06,1.74998,33.664624981533734,-7.797463903923926,-6.057297891078806,-1.7401660128451208,19.741779074551282,43002.30639938472,43013.89530254653,0.08952690432488453,7.987878365095995,5.455627439673079,-40.510948905150045,43026.97798754335,43316.96266712428,43004.57352380952,-0.002113813186509726,43000.098763452166,43000.054000000004,43000.00923654784
2024-02-03 00:05:00,43000.06,43000.07,43000.06,43000.06,3.33861,33.664624981533734,-7.729873310250696,-6.391812974913184,-1.338060335337512,20.14813154341738,43001.74479953854,43012.83104850449,0.018304815399460495,6.476348482701226,5.066654051125147,-25.013504128671944,43025.06890829075,43316.96194798176,43003.009999999995,-0.0022389908920084386,43000.0731524077,43000.064,43000.0548475923
2024-02-03 00:06:00,43000.07,43000.07,43000.06,43000.07,2.0106,33.71107356866267,-7.588030271785101,-6.631056434287568,-0.9569738374975332,20.525458835935904,43001.3260996539,43011.84942938877,0.01830481358047109,2.1063830788701163,4.705464476044925,10.66958076740341,43023.274373793305,43316.9615149102,43001.80933333334,-0.002334002819464277,43000.07515240679,43000.066,43000.05684759321
2024-02-03 00:07:00,43000.07,43000.07,43000.06,43000.06,1.56325,33.682771616919595,-7.391224127437454,-6.783089972917545,-0.6081341545199086,20.875834178988818,43001.00957474043,43010.94255020502,0.018304815399460495,1.8705663753672606,4.3700741563275765,42.94933078345453,43021.58751136571,43316.961178185426,43001.0140952381,-0.0024002128016672565,43000.0731524077,43000.064,43000.0548475923
2024-02-03 00:08:00,43000.06,43000.07,43000.06,43000.06,1.0665,33.682771616919595,-7.152800804913568,-6.85703213931675,-0.29576866559681747,21.201182711823662,43000.77218105532,43010.10543095849,0.014389799631317146,1.5457503423984162,4.058640288018609,37.66883441641403,43020.00186068377,43316.96094846124,43000.550285714286,-0.0024395968785607116,43000.069194899814,43000.062,43000.05480510018
2024-02-03 00:09:00,43000.06,43000.07,43000.06,43000.06,2.97058,33.682771616919595,-6.884488506017078,-6.862523412656817,-0.021965093360261534,21.503292063741736,43000.594135791485,43009.33270550014,0.014389799631317146,0.017534336185795918,3.769451696017426,13.953488340218899,43018.51134904275,43316.96030859981,43000.194,-0.002454554153873462,43000.069194899814,43000.062,43000.05480510018
2024-02-03 00:10:00,43000.07,43000.07,43000.06,43000.06,1.94851,33.682771616919595,-6.595816607958113,-6.809182051717077,0.21336544375896338,21.78382217623709,43000.46060184362,43008.61942046168,0.014389799631317146,0.004911170707459812,3.500919432016327,-49.99999975443643,43017.11026810018,43316.95988889315,43000.00152380952,-0.0024477118342691013,43000.069194899814,43000.062,43000.05480510018
2024-02-03 00:11:00,43000.07,43034.86,43000.06,43034.86,13.20031,90.60431150656505,-3.5184147891632165,-6.151028599206305,2.6326138100430887,22.784213661665056,43009.06045138271,43010.63792658001,55.67999955850246,11.003673209866848,5.736568044015369,300.00000000026466,42995.16,43316.95735782576,43004.63428571429,-0.0022637808772527413,43034.859999779255,43007.020000000004,42979.18000022075
2024-02-03 00:12:00,43034.86,43047.98,43034.85,43047.98,7.69117,93.23231634458054,-0.020639406458940357,-4.924950760656833,4.904311354197892,24.47189284620276,43018.79033853704,43013.51039376617,82.7303418010415,17.709933957031417,6.264670326586033,208.7894680509627,42995.954000000005,43316.955951705306,43010.71200000001,-0.0019051149617347754,43057.96917090053,43016.60400000001,42975.238829099486
2024-02-03 00:13:00,43047.97,43047.98,43026.71,43026.72,43.92211,60.38806652744342,1.024063692879281,-3.73514786994961,4.759211562828892,24.998126610568082,43020.77275390278,43014.52651732262,76.4266990935721,18.322739050433547,7.336479588973035,101.10972878826456,42998.03504,43316.947287358445,43013.52561904762,-0.0015375963635204874,43060.14934954679,43021.936,42983.722650453215
2024-02-03 00:14:00,43026.72,43028.66,43026.71,43028.65,5.31272,61.85206038250661,1.9848531445823028,-2.5911476670432276,4.57600081162553,25.48677224890731,43022.74206542708,43015.61293906703,62.695860263251234,18.653751981000582,6.951731046903845,57.50002595702401,43000.0328384,43316.94624634259,43016.296095238096,-0.001168170734814406,43059.00193013163,43027.654,42996.30606986838
2024-02-03 00:15:00,43028.65,43036.83,43028.65,43036.83,4.65664,67.88815118088223,3.3675246165003045,-1.3994132103345212,4.766937826834826,26.446018819296537,43026.26404907031,43017.24502067726,29.972225241101114,19.246318137424268,7.039464543553591,66.43173704295913,43001.950724864,43316.9453597799,43019.88447619048,-0.0007739174747618075,43049.99411262055,43035.008,43020.02188737945
2024-02-03 00:16:00,43036.82,43036.83,43036.82,43036.82,2.55425,67.87239663806716,4.411640161539253,-0.23720253595976615,4.64884269749902,27.336747777515107,43028.90303680274,43018.75078831748,30.10502067579364,19.048521688125586,6.537359933299909,66.06766388917715,43003.79189586944,43316.944873469496,43023.121333333336,-0.0003785055157246024,43050.4525103379,43035.4,43020.347489662105
2024-02-03 00:17:00,43036.82,43038.98,43036.82,43038.98,4.59107,69.69527293306066,5.351711996969243,0.8805803706260357,4.471131626343207,28.297868067703657,43031.422277602054,43020.30688152383,19.72471216392296,18.204362622507148,6.224691366635879,63.3709382696365,43005.55942003467,43316.944006107864,43026.29619047619,1.1237766055836147e-05,43043.46235608197,43033.600000000006,43023.737643918044
2024-02-03 00:18:00,43038.98,43061.1,43038.97,43061.09,9.19564,82.14153991601768,7.791008027619682,2.2626659020247653,5.528342125594917,30.264146639770477,43038.83920820154,43023.444044483535,43.58674676688679,19.085065878460803,7.3607848404474145,139.36216582717995,43007.25624323328,43316.942407036506,43032.04847619047,0.00048080379476772074,43062.267373383445,43040.474,43018.68062661656
2024-02-03 00:19:00,43061.09,43078.94,43061.09,43078.93,9.1772,87.22263557159125,11.036484883225057,4.017429698264824,7.019055184960234,32.66009400208738,43048.861906151156,43027.71219490788,67.57822570462304,20.986171547690727,8.110014494701586,199.71759775900864,43010.48686863928,43316.94092246629,43039.598190476194,0.001063726634970718,43084.31911285231,43050.53,43016.74088714769
2024-02-03 00:20:00,43078.94,43082.01,43078.93,43082.0,7.40949,87.93169773907549,13.698365782831388,5.953616915178137,7.744748867653251,34.968662686498824,43057.14642961336,43031.88817991497,76.35150930457166,20.027641026698664,7.750727745080169,152.67631823616543,43015.96311914814,43316.93973932734,43046.80609523809,0.0017093911667545262,43097.739754652284,43059.564,43021.38824534771
2024-02-03 00:21:00,43082.01,43105.7,43082.0,43105.7,13.71736,92.02930568065642,17.51837656418502,8.266568844979513,9.251807719205505,37.64297144853412,43069.28482221002,43037.5660122292,89.157575273377,26.59556564054382,8.889961477574234,143.59532711019503,43022.567807233325,43316.93776994121,43056.39371428571,0.0024735940117237556,43117.91878763669,43073.340000000004,43028.761212363315
2024-02-03 00:22:00,43105.69,43177.61,43105.69,43164.18,36.80362,96.02531826383517,24.976694110111566,11.608593898005925,13.368100212105642,40.93327965138532,43093.00861665751,43047.30554975004,143.33595092578616,43.5036103295685,13.392107086318807,181.45336749987916,43032.543670365325,43316.933949023354,43072.77257142857,0.0035450231417069222,43170.04797546289,43098.38,43026.712024537104
2024-02-03 00:23:00,43164.17,43185.41,43106.01,43109.99,47.7408,61.654569369252776,26.212621599253907,14.529399438255522,11.683222160998385,44.04169199957393,43097.25396249313,43052.127430538494,122.45984659255191,43.11941405387481,18.106956580153284,111.32750407160432,43052.85295651418,43316.92723470101,43080.36304761905,0.0045232014840237075,43169.38992329627,43108.159999999996,43046.93007670372
2024-02-03 00:24:00,43109.99,43118.0,43109.94,43109.94,11.12545,61.63014470927477,26.87823291867244,16.999166134338907,9.879066784333531,46.928074894320496,43100.42547186985,43056.574551266305,107.96785986240138,41.172093630048565,17.389316824427883,53.331536751342654,43074.06208347191,43316.925669689175,43086.89990476191,0.0053877618105671885,43168.3459299312,43114.362,43060.3780700688
2024-02-03 00:25:00,43109.94,43115.04,43109.94,43109.99,17.44865,61.64837645509873,27.097407223991468,19.01881435226942,8.078592871722048,49.60828758229944,43102.816603902385,43060.68343193813,88.68746352828748,38.584518433552766,16.51150847982579,38.78774472470285,43091.8777501164,43316.92321583632,43092.39695238096,0.006128709995310191,43164.30373176414,43119.96,43075.616268235855
2024-02-03 00:26:00,43110.0,43110.0,43109.63,43109.63,4.94259,61.39632210644358,26.93160467432608,20.601372416680753,6.330232257645328,52.06726899216067,43104.51995292679,43064.44855255828,86.86965874835732,34.09242016530979,15.358543588409848,20.82574334620256,43106.842910097774,43316.922519547305,43097.130476190476,0.006741358903553279,43164.18082937418,43120.746,43077.31117062582
2024-02-03 00:27:00,43109.64,43109.64,43109.63,43109.64,1.66204,61.4015825309866,26.495587238838198,21.780215381112242,4.715371857725955,54.3506088727461,43105.79996469509,43067.924817746105,0.667085763416253,27.383545128756683,14.26221904638072,3.7322018197652955,43185.41,43316.922285419205,43101.27819047618,0.007228570976826192,43110.17154288171,43109.838,43109.504457118295
2024-02-03 00:28:00,43109.64,43131.1,43109.63,43131.1,10.51824,71.42796468960736,27.56394295474456,22.936960895838705,4.626982058905856,56.646057741358405,43112.12497352132,43072.784447150254,34.08517254283652,23.889715602662317,14.777060543067893,45.00940635451868,43183.894400000005,43316.92095714681,43107.49752380953,0.0076940653899570674,43131.102586271416,43114.06,43097.01741372858
2024-02-03 00:29:00,43131.1,43144.01,43131.09,43144.0,4.03246,75.93684373315168,29.115914607325976,24.172751638136162,4.943162969189814,58.864919366830726,43120.09373014099,43078.26256660024,56.864038926622015,22.995786604447282,14.64441336142058,89.51228973448188,43182.409112,43316.920483272916,43114.461142857144,0.008168472452199206,43149.30401946331,43120.871999999996,43092.439980536685
2024-02-03 00:30:00,43144.0,43146.11,43144.0,43146.1,2.87506,76.65646640059558,30.167562886621454,25.371713887833224,4.79584899878823,60.93899390656993,43126.59529760574,43083.48083070792,63.69231798898545,20.792855113258216,13.749098121319152,91.04585868036058,43180.95352976,43316.920149515376,43120.684095238095,0.008621975035322332,43159.94015899449,43128.094,43096.247841005505
2024-02-03 00:31:00,43146.11,43146.12,43146.1,43146.11,3.14802,76.660454872916,30.648511676539783,26.42707344557454,4.221438230965244,62.86498943438248,43131.47397320431,43088.29845911501,56.148978499753866,20.762060922491376,12.768448255510933,98.63930041773631,43179.5270591648,43316.91978409356,43125.86761904762,0.00902512916807234,43163.464489249876,43135.39,43107.31551075012
2024-02-03 00:32:00,43146.11,43146.12,43139.27,43139.27,12.61772,67.23175559197811,30.130411592552264,27.16774107497009,2.9626705175821755,63.90714769139184,43133.42297990323,43092.2193468754,22.74208104745776,17.123492679188413,12.34570195154628,67.54508173702676,43178.1291179815,43316.91826079458,43129.118857142865,0.009328512613135359,43152.68704052373,43141.316,43129.94495947627
2024-02-03 00:33:00,43139.27,43139.28,43129.44,43129.45,6.24826,55.476633958950224,28.597764386089693,27.453745737194012,1.1440186488956812,63.869174773187446,43132.42973492743,43095.083243269604,25.140660500066588,16.23816633653646,12.166723240721296,18.66327855068423,43176.75913562187,43316.917464773476,43130.31619047618,0.009489212211597875,43153.55633025003,43140.986,43128.415669749964
2024-02-03 00:34:00,43129.45,43129.45,43111.35,43111.35,4.87806,40.00553687399956,25.627197322493885,27.08843605425399,-1.4612387317601048,62.248262512342095,43127.15980119557,43096.33453224887,52.26150562886323,16.073814605520337,12.590528723526814,-63.519448534837686,43175.41655290943,43316.91678331748,43128.619047619046,0.00944676205521831,43160.58675281443,43134.456,43108.32524718557
2024-02-03 00:35:00,43111.36,43111.36,43111.2,43111.21,1.2315,39.90225143096057,22.9966140410761,26.270071651618412,-3.2734576105423123,60.730909067126575,43123.172350896675,43097.478798998956,56.98706276714802,15.928739378698284,11.70263381470372,-97.71757428647715,43174.10082185124,43316.91661116275,43126.623714285706,0.009250973947456578,43155.97153138357,43127.477999999996,43098.98446861642
2024-02-03 00:36:00,43111.21,43111.21,43111.2,43111.21,2.79268,39.90225143096057,20.673546067984717,25.150766534891673,-4.477220466906957,59.32193801085502,43120.181763172506,43098.53504522981,46.94664421508787,15.735298054396264,10.867445685082172,-100.44730721057918,43172.81140541422,43316.91622076749,43124.5759047619,0.008942824528214715,43143.97132210754,43120.498,43097.024677892456
2024-02-03 00:37:00,43111.21,43111.21,43097.22,43097.22,10.20992,29.09365195788739,17.501871205095085,23.620987468932356,-6.11911626383727,56.84708622146661,43114.44132237938,43098.43388790444,40.97151648811996,17.707181731271174,11.090485279004728,-112.63635029594158,43171.54777730594,43316.91469644441,43121.167238095244,0.00849174670399424,43132.57375824406,43112.088,43091.60224175594
2024-02-03 00:38:00,43097.22,43097.23,43097.22,43097.22,2.9003,29.09365195788739,14.817489233260858,21.860287821798057,-7.042798588537199,54.54900955989166,43110.13599178454,43098.34051191179,27.5068959271739,19.880082282041137,10.29902204479025,-102.38634056480882,43168.5746662137,43316.91426343858,43117.88019047619,0.007947749266520965,43119.395447963594,43105.64200000001,43091.88855203642
2024-02-03 00:39:00,43097.22,43160.0,43097.22,43160.0,16.35516,74.21965380855285,17.55357185666071,20.998944628770587,-3.4453727721098772,54.43927432572083,43122.601993838405,43103.083549457035,92.69810032157693,22.23438539196278,14.047663327305148,71.66789644888448,43165.720479565156,43316.91251945,43123.08495238095,0.007634052366437371,43161.721050160784,43115.371999999996,43069.02294983921
2024-02-03 00:40:00,43159.99,43160.0,43127.89,43127.9,10.36934,53.3767289932689,16.936501868076448,20.18645607663176,-3.2499542085553124,54.33737732256221,43123.9264953788,43104.99250719111,94.13539837446297,21.0191887037439,15.33783023249768,77.7271824082559,43162.98046038255,43316.91118757018,43123.53342857143,0.007327609656844464,43165.77769918724,43118.71000000001,43071.642300812775
2024-02-03 00:41:00,43127.9,43127.9,43122.03,43122.03,11.39005,50.27834643894027,15.791771798751142,19.307519221055635,-3.515747422304493,53.81498897578142,43123.4523715341,43106.30308356103,92.96138214897655,19.406951343196745,14.661556644462319,24.73228010795585,43160.35004196724,43316.90967917359,43123.025238095244,0.006998263643083333,43167.35469107449,43120.874,43074.393308925515
2024-02-03 00:42:00,43122.04,43122.04,43102.43,43102.43,10.36682,40.79096647608501,13.15140753590822,18.076296884026153,-4.924889348117933,52.03232813186522,43118.19677865057,43106.00515405634,89.00892365945037,18.979128196903563,15.015016884143623,-43.68006426334023,43160.0,43316.90816822863,43119.78571428572,0.0065652049571961095,43166.42046182973,43121.916000000005,43077.41153817028
2024-02-03 00:43:00,43102.43,43119.73,43101.11,43119.72,9.97553,50.64883241933253,12.312131745522493,16.92346385632542,-4.611332110802927,50.29525043460257,43118.57758398793,43107.06014220586,75.24868431317736,18.513758529674256,15.272515678133553,-15.090943340962676,43157.4888,43316.906831538254,43119.12457142857,0.006146852930267012,43164.040342156586,43126.416,43088.79165784341
2024-02-03 00:44:00,43119.72,43119.73,43119.72,43119.72,4.87984,50.64883241933253,11.514270294421294,15.841625143944595,-4.327354849523301,48.68224971571583,43118.863187990944,43108.0339774208,34.03267058474012,18.467864112903666,14.182335986838444,14.713054446074377,43155.078047999996,43316.90617766128,43118.69466666667,0.005744324714319887,43135.37633529237,43118.36,43101.34366470763
2024-02-03 00:45:00,43119.72,43127.77,43119.72,43127.77,5.94256,55.60444969898563,11.400113655588939,14.953322846273464,-3.553209190684525,47.48929396494554,43121.08989099321,43109.55213300381,33.91649526602123,18.645945534831043,13.744311987778243,36.23352165723144,43152.76372608,43316.905413897635,43119.58933333333,0.005394962100972812,43135.292247633006,43118.333999999995,43101.375752366985
2024-02-03 00:46:00,43127.77,43132.89,43127.76,43132.89,7.25664,58.76472251014507,11.589191916827986,14.280496660384369,-2.6913047435563833,46.570606198787665,43124.039918244904,43111.34735354198,41.3417562648101,18.95905941154572,13.129003988651037,57.48553982113382,43150.541977036795,43316.904506498344,43121.34133333333,0.005108890305312233,43141.176878132406,43120.506,43099.835121867596
2024-02-03 00:47:00,43132.88,43133.92,43132.88,43133.92,5.43972,59.46135364995408,11.687424834708509,13.761882295249197,-2.074457460540689,45.75657463889463,43126.50993868368,43113.08371096184,24.591127075676923,17.39896677596282,12.265503703747454,59.18439886636976,43148.40909795532,43316.9038301072,43123.291428571436,0.004872191492142735,43139.099563537835,43126.804,43114.50843646216
2024-02-03 00:48:00,43133.91,43133.92,43115.51,43116.0,8.46539,43.95725420527116,10.201682250874,13.04984228637416,-2.8481600355001593,43.7280001066058,43123.88245401276,43113.30804088785,28.439509610339883,14.99095121061328,12.704396296336652,-20.83701908170878,43146.36153403711,43316.9026744215,43122.80961904761,0.004588004568387515,43140.27975480517,43126.06,43111.84024519483
2024-02-03 00:49:00,43115.99,43132.94,43111.1,43132.93,9.45618,56.74396085875294,10.271921739316895,12.494258176962708,-2.2223364376458132,41.55272702218041,43126.14434050957,43114.81742235802,26.82400497297931,9.742172321412527,13.356939418027162,34.57042747028397,43144.395872675625,43316.90149227633,43124.540857142856,0.004351983117385787,43142.114002486494,43128.702000000005,43115.289997513515
2024-02-03 00:50:00,43132.94,43139.5,43132.93,43139.49,9.45882,60.89277883743598,10.733198583664489,12.142046258303065,-1.4088476746385759,39.85981177968323,43129.480755382174,43116.71531294587,31.64264986870694,10.935965149860552,12.872158031025203,122.56738498182827,43142.5088377686,43316.90035198012,43126.93990476191,0.004179590891693114,43146.867324934356,43131.046,43115.22467506565
2024-02-03 00:51:00,43139.49,43139.5,43139.49,43139.49,5.93843,60.89277883743598,10.972282167313097,11.908093440105072,-0.935811272791975,38.28781905450727,43131.98306653663,43118.46721195003,34.505962537950836,11.822000412532871,11.953432457380691,113.94686907017582,43140.697284257854,43316.89963608761,43129.06961904762,0.004049060498903503,43149.61898126897,43132.365999999995,43115.11301873102
2024-02-03 00:52:00,43139.49,43177.45,43139.49,43165.77,16.37916,74.82315722648579,13.130968369121547,12.152668425908367,0.9782999432131803,38.362673049355735,43140.42979990247,43122.105887953876,64.0652043660375,14.249823404834938,13.811044424710579,209.67480945507504,43097.22,43316.89795405797,43134.300761904764,0.00406334467062143,43170.768602183016,43138.736,43106.70339781698
2024-02-03 00:53:00,43165.78,43165.78,43164.17,43164.18,6.31531,72.9368773514387,14.545768460346153,12.631288432795925,1.914480027550228,38.432180330286464,43146.367349926855,43125.34235811127,55.101897264510626,16.486134387908255,12.939541251517008,155.95758354752903,43098.8246,43316.89729870497,43138.66704761904,0.004158866029079136,43175.92294863225,43148.371999999996,43120.82105136774
2024-02-03 00:54:00,43164.17,43164.18,43164.17,43164.17,4.79507,72.92300280589032,15.487668606343505,13.202564467505443,2.2851041388380615,38.49672280543642,43150.81801244515,43128.329099795024,49.469259403660544,17.220664245126624,12.01600259069451,104.3032571808478,43100.397108,43316.896801081646,43142.99219047619,0.004296517918194291,43179.35462970183,43154.62,43129.88537029817
2024-02-03 00:55:00,43164.17,43164.18,43164.13,43164.14,3.27463,72.87309811898757,16.046733750867133,13.771398324177783,2.2753354266893506,38.553229775054156,43154.148509333856,43131.08378442618,40.19716937530029,17.792099880116297,11.161288119930825,77.81636265841544,43101.938165839994,43316.89646118183,43146.96790476191,0.00444793402713286,43179.64858468765,43159.55,43139.45141531235
2024-02-03 00:56:00,43164.14,43193.1,43164.13,43193.1,12.91549,84.86853882446722,18.612078422484046,14.739534343839036,3.87254407864501,39.52219216630291,43163.88638200039,43135.85426254724,45.7238270646485,22.650920249004336,12.433338968507277,119.20432489838234,43103.448402523194,43316.89537474759,43154.40390476191,0.004724559950270138,43193.13391353232,43170.272,43147.41008646767
2024-02-03 00:57:00,43193.1,43199.27,43174.33,43174.33,10.77688,63.14978699151652,18.912538453834713,15.574135165838173,3.33840328799654,40.580322134101785,43166.49728650029,43138.813934658996,45.073398023465415,22.806095196572866,13.326671899327833,102.88224629260309,43107.034466422265,43316.894330777024,43158.47371428572,0.004978885984678564,43194.52069901174,43171.984000000004,43149.44730098827
2024-02-03 00:58:00,43174.33,43198.0,43174.33,43194.85,19.99068,72.41180713495949,20.569337185486802,16.5731755697679,3.9961616157189006,41.562871389915024,43173.58546487522,43143.12440122369,53.92439931220724,21.26442008204791,14.06548104937572,120.10507360717759,43112.56859843693,43316.89267302172,43164.75942857143,0.005290554263280965,43205.0801996561,43178.117999999995,43151.15580034389
2024-02-03 00:59:00,43194.85,43226.61,43194.53,43202.59,48.91291,75.22980112379219,22.250426366284955,17.70862572907131,4.541800637213644,43.125567512962924,43180.83659865642,43147.69867805264,57.070148071754375,21.636795543836772,15.352232402991863,147.15772410102258,43117.77068253071,43316.888874271826,43171.36161904762,0.00565193681893381,43214.33707403588,43185.802,43157.266925964126
2024-02-03 01:00:00,43202.6,43203.59,43188.01,43203.59,17.24884,75.61595714167682,23.393724996647506,18.845645582586553,4.548079414060954,44.03203209215338,43186.524948992315,43151.998010510135,42.094114085892215,21.010196182082172,15.368501517063478,88.61541665946046,43126.477827928255,43316.88754644569,43177.38457142857,0.006024546458398189,43214.73905704294,43193.691999999995,43172.64494295705
2024-02-03 01:01:00,43203.59,43215.25,43203.58,43215.24,18.89489,79.9793033273006,24.952221359497344,20.066960737968714,4.88526062152863,45.1339217757562,43193.70371174424,43156.86277893243,54.24841181575903,19.753381826607047,15.104322837273104,118.75003488873192,43134.488401694,43316.88624150306,43184.28752380953,0.0064296260494887975,43225.24420590788,43198.12,43170.99579409212
2024-02-03 01:02:00,43215.25,43218.0,43207.88,43217.99,24.20501,80.94514855835081,26.108282938832417,21.275225178141454,4.833057760690963,46.2164954751795,43199.77528380818,43161.564872860705,34.281977192804334,21.191164202074273,14.748299777468068,103.18804245055809,43141.85812955848,43316.88461510046,43190.78266666667,0.0068389012363363165,43223.9929885964,43206.852,43189.7110114036
2024-02-03 01:03:00,43218.0,43228.0,43217.99,43227.62,19.96606,84.15690878672643,27.484704028756823,22.51712094826453,4.967583080492293,47.43261425763682,43206.73646285613,43166.6460364868,37.512839509086916,22.26497439175307,14.409849793363351,116.37894136109782,43148.6382791938,43316.88340419895,43197.590476190475,0.007263606604625279,43232.16241975454,43213.405999999995,43194.64958024545
2024-02-03 01:04:00,43227.62,43238.01,43221.1,43221.11,23.40641,74.03401256651324,27.730564380930446,23.559809634797716,4.1707547461327295,48.756674890030276,43210.3298471421,43170.83557214167,31.67443296908459,20.498813087160507,14.588431950980505,105.74221136227325,43156.57445127442,43316.88188116375,43202.628476190475,0.007636680568963135,43232.94721648454,43217.11,43201.27278351546
2024-02-03 01:05:00,43221.1,43230.07,43210.0,43211.51,29.39835,61.041042389394825,26.84136021946324,24.216119751730822,2.625240467732418,49.02124900096863,43210.62488535658,43173.96437428462,21.87572919607919,15.867574945006623,14.97997252591045,50.607893388021495,43166.34671712149,43316.87977656541,43205.609142857145,0.007900711342340591,43229.63186459804,43218.694,43207.75613540196
2024-02-03 01:06:00,43211.51,43211.52,43182.0,43192.02,14.25419,42.75894592809711,24.284048010682454,24.229705403521148,0.05434260716130623,47.29503737356168,43205.97366401743,43175.35326857042,48.704318740885356,15.969937214520241,16.01854591691662,-90.60461104140568,43174.94631106691,43316.878567409156,43205.305238095236,0.007976652097427503,43238.402159370446,43214.05,43189.69784062956
2024-02-03 01:07:00,43192.02,43217.27,43192.01,43199.99,17.30034,50.09372354539147,22.639498012227705,23.91166392526246,-1.2721659130347547,45.89879344026946,43204.47774801307,43177.24840175731,52.418152048048796,11.824059707295818,16.678649779993627,-60.19722939654693,43182.0,43316.87719356049,43205.814000000006,0.007943833995562956,43236.65907602402,43210.45,43184.24092397597
2024-02-03 01:08:00,43200.0,43205.37,43177.39,43177.39,22.22271,34.88361832646319,19.290183933531807,22.987367926916328,-3.6971839933845203,43.732013380725036,43197.7058110098,43177.25929392983,60.72070362290833,14.961331089402464,17.485889081422883,-128.4815390735013,43238.01,43316.87508766399,43202.96838095238,0.007721745432829435,43230.76435181146,43200.404,43170.04364818855
2024-02-03 01:09:00,43177.39,43177.4,43174.33,43174.33,5.91118,33.24359106058837,16.202143741575128,21.630323089848087,-5.428179348272959,41.546285795403655,43191.861858257354,43177.03396362754,55.587914160991204,18.187973718224473,16.456182718464085,-144.0427009199615,43236.797600000005,43316.87451522347,43199.58885714285,0.007353500731094394,43218.84195708049,43191.047999999995,43163.2540429195
2024-02-03 01:10:00,43174.33,43181.96,43174.33,43181.95,5.04808,41.46688758689373,14.205962465923221,20.145450965063112,-5.939488499139891,39.71939614748842,43189.38389369301,43177.412120271576,38.15553444735997,19.493149941652163,15.825741095716463,-94.4004031749858,43234.29889600001,43316.87405250213,43197.128285714294,0.00692332155396638,43204.21376722368,43185.136,43166.05823277632
2024-02-03 01:11:00,43181.95,43181.96,43154.05,43159.91,12.19244,29.047511440343484,10.721934828688973,18.260747737788286,-7.538812909099313,36.90221585700323,43182.01542026976,43176.06580332761,51.77498091911548,22.85356661192844,16.68890244602216,-114.32019415403974,43231.90014016001,43316.872752363495,43191.83523809524,0.006356880462127097,43204.60149045956,43178.714,43152.82650954044
2024-02-03 01:12:00,43159.92,43163.48,43159.91,43162.87,10.61063,32.31455551577709,8.106221610592911,16.22984251234921,-8.1236209017563,34.28626273012413,43177.22906520232,43175.05074153318,33.96412144335045,23.694576505828252,15.751837985591985,-102.90818615656325,43227.22913175041,43316.871642255166,43187.07419047619,0.005724508025267094,43188.272060721676,43171.29,43154.307939278326
2024-02-03 01:13:00,43162.87,43162.87,43142.0,43156.96,9.8057,29.103754475373634,5.493042062385939,14.082482422356557,-8.589440359970618,32.689129219056845,43172.16179890174,43173.65914603063,37.74227986691403,21.992267939985847,16.117420986621315,-113.78772268514477,43222.83838384539,43316.870577005284,43181.82971428571,0.005037236577400841,43186.075139933455,43167.204,43148.33286006654
2024-02-03 01:14:00,43156.97,43162.69,43156.96,43156.97,5.9791,29.118054757355495,3.3838781193480827,11.942761561754864,-8.558883442406781,31.206076673065798,43168.363849176305,43172.37536556674,37.47344075029832,19.060927465083186,15.375462344720022,-80.44889354710733,43216.37131313776,43316.869927508655,43177.02114285714,0.004332945104671887,43182.46872037515,43163.732,43144.995279624854
2024-02-03 01:15:00,43156.97,43159.62,43144.95,43144.95,6.46898,22.55565688594477,0.7339761341208941,9.70100447622807,-8.967028342107175,30.37295045278919,43162.51038688223,43170.26572206161,24.390087369843968,17.368638540111924,15.325072177240415,-99.20438388620704,43210.42160808674,43316.86917197961,43171.053904761895,0.0035846756220698937,43168.52704368493,43156.33200000001,43144.13695631509
2024-02-03 01:16:00,43144.96,43163.33,43144.95,43163.32,5.81115,45.2039466869187,0.11489080514002126,7.7837817420104605,-7.668890936870439,29.360569379833017,43162.71279016168,43169.73143574918,26.509065805614227,15.75694218328878,15.543281307437862,-54.476237258970144,43204.9478794398,43316.86856580605,43168.20542857143,0.002915226273756597,43170.2685329028,43157.013999999996,43143.75946709719
2024-02-03 01:17:00,43163.32,43163.33,43153.7,43153.7,8.71336,38.18617775172864,-1.1388642623496708,5.999252541138434,-7.138116803488105,28.42050124065943,43160.45959262126,43168.49824838386,23.965000019743457,11.492962352999163,15.120904071192632,-46.13992365409656,43199.91204908462,43316.867599962,43164.59495238095,0.0022781237623403436,43167.16250000987,43155.18,43143.19749999013
2024-02-03 01:18:00,43153.71,43153.71,43144.62,43144.63,4.14368,32.48104041330345,-2.8317052495549433,4.233060982999759,-7.064766232554702,27.98773410724105,43156.502194465946,43166.66222927741,28.688880250483635,11.677394557727924,14.690125208964336,-114.74699155394467,43195.27908515785,43316.86711512271,43160.47914285715,0.0016445815294465174,43167.05844012524,43152.714,43138.36955987476
2024-02-03 01:19:00,43144.62,43144.63,43135.96,43137.78,5.31547,28.607529383903426,-4.67217376944609,2.452014032510589,-7.124187801956679,27.975308534357787,43151.82164584946,43164.440519333,35.25737610986107,12.378503064255876,14.26011626546676,-165.3497409326998,43191.01675834522,43316.86646844472,43156.178380952384,0.0010064439268205909,43166.504688054934,43148.876000000004,43131.24731194507
2024-02-03 01:20:00,43137.77,43144.61,43137.77,43144.61,3.27314,37.52231982832976,-5.516048834673711,0.858401459073729,-6.37445029374744,27.963770502394755,43150.01873438709,43162.915094768934,35.38250248575059,8.935887713800135,13.730107960790832,-100.89221526137383,43185.5110825107,43316.86608542493,43153.490476190476,0.00042158121850863607,43166.49925124287,43148.808,43131.11674875712
2024-02-03 01:21:00,43144.6,43144.61,43141.68,43141.68,3.3135,35.256006231266085,-6.348075750909629,-0.5828939829229427,-5.765181767986687,27.953056615571942,43147.93405079032,43161.28162594055,20.997354745210032,9.129524833381634,12.958671677877222,-78.92690303235797,43180.55597425962,43316.86569108868,43150.86342857143,-0.0001165456496297139,43154.9786773726,43144.479999999996,43133.98132262739
2024-02-03 01:22:00,43141.68,43157.7,43141.68,43157.69,16.85825,53.62299558748192,-5.650454950227868,-1.5964061763839277,-4.05404877384394,26.87444608704618,43150.37303809274,43161.00534702205,26.77846676473564,8.489790556004278,13.17733798660005,29.8871945719931,43176.09637683366,43316.863868182234,43150.926380952376,-0.0005275856040546474,43158.667233382366,43145.278,43131.88876661763
2024-02-03 01:23:00,43157.7,43162.78,43148.62,43148.63,8.17891,44.96142468637786,-5.762228340579895,-2.4295706092231213,-3.332657731356774,25.49692087868196,43149.93727856955,43160.053397251126,27.22971689613769,8.158161851688424,13.247528130414063,52.737831435783725,43172.08273915029,43316.8629334621,43149.96895238096,-0.0008757899791531759,43159.69285844807,43146.078,43132.46314155193
2024-02-03 01:24:00,43148.63,43148.63,43148.62,43148.63,2.97235,44.96142468637786,-5.7841336653145845,-3.100483220441414,-2.6836504448731704,24.21779032805804,43149.61045892716,43159.17467438566,21.601249088242184,7.711939972153035,12.301990406812683,-4.015605964770111,43168.47046523526,43316.86259377206,43149.256285714284,-0.0011652313056744147,43159.04862454412,43148.248,43137.44737545588
2024-02-03 01:25:00,43148.62,43148.63,43148.62,43148.62,1.65295,44.949884615705045,-5.7361776244142675,-3.6276221012359855,-2.108555523178282,23.03002624533583,43149.36284419537,43158.36277635599,20.357145825139014,7.607570010611865,11.423991092039973,9.477154618344114,43165.219418711735,43316.862404856794,43148.85961904762,-0.0014006421129431996,43159.22857291257,43149.05,43138.87142708743
2024-02-03 01:26:00,43148.62,43148.63,43132.46,43135.84,6.34687,32.25397652205177,-6.652722861603252,-4.2326422533094386,-2.420080608293813,22.9590392358999,43145.98213314653,43156.63025509784,27.878035120593267,6.746044876395553,11.762991728322707,-102.36716192394606,43162.29347684056,43316.86162437742,43146.86647619048,-0.0016448312128511838,43161.821017560294,43147.882,43133.9429824397
2024-02-03 01:27:00,43135.84,43163.0,43135.83,43163.0,10.42673,60.61971905389171,-5.128389667253941,-4.41179173609834,-0.7165979311556017,21.7580350300689,43150.2365998599,43157.12023547494,34.39014292132924,8.348496160286022,12.863492319156675,92.90012986603566,43132.46,43316.860534582294,43148.752095238095,-0.0017583159166418606,43166.13907146067,43148.944,43131.74892853934
2024-02-03 01:28:00,43162.99,43163.0,43154.23,43154.24,4.21668,52.16590516761205,-4.5744717552443035,-4.444327739927533,-0.13014401531677056,20.642816838940114,43151.23744989492,43156.89867889995,35.38328207095037,8.581042174594982,12.571100010645255,115.08603374409093,43132.46,43316.86006876972,43149.41219047619,-0.0018155615501924873,43167.757641035474,43150.066,43132.374358964524
2024-02-03 01:29:00,43154.24,43154.24,43153.98,43153.99,4.52936,51.917949838757465,-4.108302772838215,-4.37712274650967,0.26881997367145516,19.62482464283927,43151.92558742119,43156.674934369184,35.72483564801223,7.926955511817884,11.691735724170218,58.51478340596411,43133.0708,43316.85956764946,43150.064952380955,-0.001830256475569887,43169.000417824005,43151.138,43133.27558217599
2024-02-03 01:30:00,43153.98,43153.99,43146.0,43146.0,3.63467,43.91285644026387,-4.333631316272658,-4.3684244604622675,0.034793144189609215,19.232082486630976,43150.44419056589,43155.853785571555,36.55213495946373,7.839626997741374,11.427326029586485,-33.55970571593498,43133.669384,43316.85914579071,43149.56628571429,-0.001848392048061933,43168.89006747973,43150.614,43132.33793252027
2024-02-03 01:31:00,43146.0,43159.66,43143.75,43159.65,12.68351,57.38362777386704,-3.3718957726305234,-4.169118722895919,0.7972229502653958,18.382589552559534,43152.74564292442,43156.14580206605,23.152593157967203,7.822927081671426,11.747517027473416,56.44346871571474,43134.255996320004,43316.85779129919,43151.05257142857,-0.001802680841342267,43166.95229657899,43155.376000000004,43143.79970342102
2024-02-03 01:32:00,43159.66,43166.63,43148.39,43166.01,10.92972,62.42894258531245,-2.072622674066224,-3.7498195131299803,1.6771968390637562,17.104896790278122,43156.06173219332,43156.90458652251,26.572639347985387,8.90654499108833,12.21126581122517,120.50252115197043,43134.8308763936,43316.85667133589,43153.33019047619,-0.0016838595115903237,43169.264319673995,43155.978,43142.69168032601
2024-02-03 01:33:00,43166.01,43166.01,43166.0,43166.01,2.16452,62.42894258531245,-1.0310540336067788,-3.2060664172253404,2.1750123836185615,15.918467796731095,43158.54879914499,43157.60500294386,30.493102856897167,9.733283636053615,11.339746824709232,152.5949827304538,43136.10284133786,43316.8564495405,43155.40419047618,-0.0015178730556066953,43173.57855142845,43158.332,43143.08544857155
2024-02-03 01:34:00,43166.01,43177.39,43166.0,43177.39,4.25062,71.2108410102011,0.7045459443397704,-2.4239439449123186,3.128489889252089,15.679775984664548,43163.259099358744,43159.12692579434,41.003963243652834,11.910435447692397,11.34333633722996,163.132575138319,43137.323927684345,43316.85604684578,43158.72666666666,-0.0012729589968084247,43183.51398162183,43163.012,43142.510018378176
2024-02-03 01:35:00,43177.39,43177.39,43161.42,43161.42,8.05472,51.097688524874634,0.782357369287638,-1.7826836820723273,2.565041051359965,15.056116696682155,43162.79932451906,43159.303316117854,24.721495294288616,11.584157059195675,11.67381231314219,75.74227041402581,43139.727892023286,43316.85519638611,43159.607619047616,-0.0010554691206895112,43178.45674764714,43166.096,43153.73525235285
2024-02-03 01:36:00,43161.43,43161.43,43161.42,43161.43,3.22795,51.10806494595865,0.8352027037108201,-1.259106404915698,2.094309108626518,14.477004500698504,43162.45699338929,43159.46690718571,23.363017818206572,8.464171829811827,10.840682862203607,13.036989954472979,43141.98761850189,43316.854855586724,43160.30190476191,-0.000863590132795889,43178.13350890911,43166.452000000005,43154.7704910909
2024-02-03 01:37:00,43161.42,43161.46,43156.07,43156.08,8.57454,44.98062934515446,0.4403071371925762,-0.9192236964940432,1.3595308336866194,13.454676248946296,43160.86274504197,43159.20637586374,28.746288971611648,8.557046238169026,10.451348372046166,-28.07253755205559,43144.111761391774,43316.85391915307,43160.24723809524,-0.0007196367470360635,43178.839144485806,43164.466,43150.092855514195
2024-02-03 01:38:00,43156.07,43170.6,43156.07,43170.59,4.3897,60.4233348748632,1.2833911561610876,-0.4787007259630171,1.7620918821241047,13.250643690383058,43163.294558781476,43160.082039258836,30.41885010333499,8.844246170101451,10.74268063118564,48.32576823236437,43146.108455708265,43316.853483020226,43162.05628571429,-0.0005469091452754624,43180.591425051665,43165.382,43150.17257494833
2024-02-03 01:39:00,43170.6,43170.6,43157.4,43157.4,3.89195,46.25983756447525,0.8771077960263938,-0.20753902156513496,1.0846468175915287,13.06118488600291,43161.82091908611,43159.87572854662,20.298453382973094,8.568667489088917,10.9182034432436,-19.77891827879651,43147.98534836577,43316.85306147238,43161.89752380952,-0.00042094643567878044,43171.533226691485,43161.384,43151.23477330851
2024-02-03 01:40:00,43157.4,43157.41,43151.1,43151.11,6.95429,40.78853184222863,0.04703270993195474,-0.15662467526571702,0.20365738519767176,12.276150722112016,43159.14318931458,43159.20144173535,26.11072197026806,7.592071103999048,10.58904605444084,-144.9449321041878,43149.749627463825,43316.85227852656,43160.81647619048,-0.00035936759884146847,43172.377360985134,43159.322,43146.266639014866
2024-02-03 01:41:00,43151.11,43157.41,43151.1,43157.41,3.5294,48.15805393555667,-0.10128290123248007,-0.14555632045906963,0.04427341922658956,11.547190427070472,43158.709891985935,43159.063638524945,25.86321329291968,7.724247916208858,10.283399907695417,-94.94992823326129,43177.39,43316.85189627709,43160.43,-0.0003143562348545803,43171.449606646456,43158.518,43145.58639335354
2024-02-03 01:42:00,43157.41,43157.41,43143.01,43155.58,17.5356,46.15565679137541,-0.3623132757784333,-0.1889077115229424,-0.17340556425549092,11.325442893221735,43157.92741898945,43158.79566633073,26.025898674954078,7.8976154127344405,10.577442771431562,-106.10161970267139,43176.864199999996,43316.84997532441,43159.85276190476,-0.0002900453583375455,43171.430949337475,43158.418,43145.40505066252
2024-02-03 01:43:00,43155.58,43156.84,43155.58,43156.84,2.34791,47.94400761895671,-0.46218250624951907,-0.24356267046825775,-0.21861983578126132,11.119534468933622,43157.655564242086,43158.64523045914,9.49796830539708,7.840449624943539,9.911911144900362,-38.037197376568805,43175.510032,43316.849720133534,43159.43076190477,-0.00027437853924521996,43160.4169841527,43155.668,43150.9190158473
2024-02-03 01:44:00,43156.83,43157.91,43156.83,43157.91,0.82626,49.6482132693352,-0.44980446737463353,-0.28481102984953294,-0.1649934375251006,10.807854523470102,43157.71917318157,43158.58867426998,9.824993940303102,5.139355914500702,9.281060348836176,-7.418506066333747,43174.21003072,43316.849630929275,43159.124285714286,-0.0002597977898212646,43160.682496970156,43155.770000000004,43150.85750302985
2024-02-03 01:45:00,43157.9,43157.91,43157.9,43157.91,3.4364,49.64821326933521,-0.43498059683770407,-0.31484494324716716,-0.1201356535905369,10.518437431253975,43157.76687988618,43158.53646855691,3.4787506208231207,5.042563754376423,8.61884175249088,8.447386134151923,43172.9620294912,43316.8492599315,43158.70438095238,-0.0002460637281123662,43158.86937531041,43157.13,43155.390624689586
2024-02-03 01:46:00,43157.91,43167.88,43157.9,43166.01,6.53998,62.891334182466224,0.22774443675007205,-0.20632706724771935,0.4340715039977914,10.38181348896372,43159.827659914634,43159.111355591,14.725844825516106,5.548517749417933,8.716067341598384,101.81902062875307,43171.763948311556,43316.84858985517,43159.38104761905,-0.0001963508800788456,43166.21292241276,43158.85,43151.48707758724
2024-02-03 01:47:00,43166.0,43181.89,43166.0,43181.88,7.97462,77.07034900775267,2.010360979445977,0.23701054209101996,1.7733504373549571,11.422308863209555,43165.34074493597,43160.862789776314,37.91003172843193,9.078570879163406,9.228491102912743,213.9792387544331,43143.01,43316.847858760164,43162.17371428572,-5.246952784027e-05,43183.06501586422,43164.11,43145.154984135785
2024-02-03 01:48:00,43181.88,43181.89,43180.0,43180.01,5.48381,73.11985019924009,3.234913986067113,0.8365912308862387,2.3983227551808746,12.388483139294973,43169.008058701984,43162.33565210122,41.634720240414026,10.52694238000237,8.704313166990364,156.62471569378076,43143.7876,43316.84734905603,43164.565904761905,0.00013995520231452167,43189.56136012021,43168.744000000006,43147.9266398798
2024-02-03 01:49:00,43180.0,43181.92,43180.0,43181.9,10.50083,74.69312495403202,4.308225726461387,1.5309181300012686,2.7773075964601186,13.28802456447168,43172.231044026485,43163.840601939584,39.28577810531715,12.028113562178815,8.21971936934807,111.92859276968989,43144.549648,43316.84638652579,43167.18514285714,0.0003649108108832838,43193.18488905266,43173.542,43153.89911094734
2024-02-03 01:50:00,43181.9,43183.73,43181.9,43183.73,4.43649,76.3045439971314,5.246025799686322,2.2739396639382794,2.9720861357480426,14.273524901364405,43175.10578301986,43165.37055563654,25.82434837843175,12.364809216732638,7.76331084296619,91.05043886853038,43146.04446208,43316.84598538566,43169.85333333334,0.0006095604927116756,43191.61817418922,43178.706000000006,43165.79382581079
2024-02-03 01:51:00,43183.73,43190.15,43183.72,43190.14,17.22792,81.30748966256556,6.432324708337546,3.105616672818133,3.326708035519413,15.692385745685415,43178.864337264895,43167.27589751065,14.028754791914253,13.549376749132092,7.668074354182911,95.72601825386214,43148.305594355195,43316.84450269695,43173.16380952381,0.0008847056063718033,43190.54637739596,43183.532,43176.51762260404
2024-02-03 01:52:00,43190.15,43190.52,43190.14,43190.52,8.38882,81.58409502411361,7.3187717198670725,3.9482476822279216,3.370524037639151,17.037972528061243,43181.77825294867,43169.06390539445,17.2209159151098,13.581429529229158,7.1474976145982305,94.97309544038856,43151.65314680678,43316.843782906624,43176.20057142857,0.0011684451376430714,43193.87045795755,43185.259999999995,43176.64954204244
2024-02-03 01:53:00,43190.52,43190.52,43166.8,43166.8,61.32467,38.694378580452195,6.037682948612201,4.366134735504778,1.6715482131074229,16.126313993830028,43178.033689711505,43168.889758825644,34.45499152576667,12.445017264798848,8.331247784983635,-22.12929843100393,43155.5398321261,43316.83753330023,43175.88485714287,0.0013361244213457597,43199.845495762886,43182.618,43165.39050423712
2024-02-03 01:54:00,43166.8,43189.19,43166.8,43189.18,5.74177,61.569068948489964,6.750474561464216,4.843002700696665,1.9074718607675507,15.279773926329614,43180.82026728363,43170.45054660829,35.907788695403724,11.365343825308798,9.335444371770476,20.265083898571106,43159.03784891349,43316.837035460005,43178.46361904762,0.0015175116986869237,43202.0278943477,43184.074,43166.1201056523
2024-02-03 01:55:00,43189.19,43189.19,43189.14,43189.15,2.25935,61.53213724468839,7.22960788137425,5.320323736832183,1.9092841445420667,14.493701006507802,43182.90270046272,43171.88896609996,36.77825717674568,9.038044050472953,8.67219834521565,98.17668848232402,43162.18606402214,43316.83683951807,43180.67580952381,0.0016971842751182338,43203.547128588376,43185.158,43166.76887141163
2024-02-03 01:56:00,43189.14,43189.15,43186.55,43186.55,4.05772,57.918947584009736,7.3152011333659175,5.71929921613893,1.5959019172269873,14.026619954461264,43183.81452534704,43173.01673793843,35.65343328463496,7.155439595706627,8.238469891985856,53.80974917186571,43165.01945761993,43316.83648044858,43182.239047619056,0.0018529036206539353,43202.26671664232,43184.44,43166.613283357685
2024-02-03 01:57:00,43186.55,43186.56,43186.39,43186.4,2.31633,57.68444553681494,7.286931446084054,6.032825662127955,1.2541057839560992,13.609673227662798,43184.460894010284,43174.04621963548,33.97505451075267,7.150384311802339,7.662150613986741,29.342107977686677,43167.56951185793,43316.836275240385,43183.48733333333,0.001981584160810897,43200.60352725538,43183.616,43166.628472744625
2024-02-03 01:58:00,43186.4,43200.0,43186.39,43200.0,9.31937,70.6245834630223,8.266641161790176,6.479588762060399,1.7870523997297765,13.501512198701274,43188.34567050771,43176.0426642789,20.074238436180167,8.450907986751247,8.086996998702016,143.1702814951607,43169.86456067214,43316.83553570883,43186.26742857143,0.0021442866733396237,43200.29311921809,43190.256,43180.21888078191
2024-02-03 01:59:00,43200.0,43200.0,43199.99,43200.0,3.45199,70.6245834630223,8.940013261999411,6.971673662048202,1.968339599951209,13.401076957522713,43191.25925288079,43177.88553625745,25.063310729470686,9.269844851611238,7.510068641652018,158.50561426687364,43173.480813391485,43316.835261781154,43188.64666666667,0.0023185949414711664,43204.95165536473,43192.42,43179.88834463526
2024-02-03 02:00:00,43199.99,43230.06,43199.99,43206.95,38.27519,76.02072473441523,9.92011945717968,7.561362821074498,2.3587566361051824,15.362327278945486,43195.181939660586,43180.12126423765,32.661315720688435,10.795329710855164,9.121492310105426,182.86624003022817,43176.663115784504,43316.83240526328,43191.55171428572,0.0025200993878451965,43212.31065786035,43195.98,43179.64934213966
2024-02-03 02:01:00,43206.95,43206.96,43180.55,43180.55,10.34713,41.37552092721574,8.468976225973165,7.742885502054232,0.7260907239189329,15.31618688373575,43191.52395474544,43180.15424391168,39.00043005718908,11.253897113247284,10.356385716526196,-11.634876533550264,43230.06,43316.831447547185,43190.54685714286,0.0026067852596273985,43214.28021502859,43194.78,43175.279784971404
2024-02-03 02:02:00,43180.55,43180.56,43164.17,43164.17,16.93401,30.89305987119623,5.928861429718381,7.380080687587062,-1.4512192578686811,14.352044432195703,43184.685466059076,43178.92468668771,63.07420652525616,13.811368313378201,10.787358165345712,-165.2481001341866,43230.06,43316.82969180281,43187.37066666667,0.0025336280523685878,43221.87110326262,43190.333999999995,43158.79689673737
2024-02-03 02:03:00,43164.18,43168.65,43151.11,43156.02,26.23093,26.8339618558889,3.2210351770409034,6.548271585477831,-3.327236408436928,14.22911266663779,43177.519099544304,43177.16278771173,78.79912817460718,15.833668811249586,11.269689724963937,-180.14076731995192,43227.424399999996,43316.826827029465,43183.25866666667,0.0023147202169854397,43220.937564087304,43181.538,43142.1384359127
2024-02-03 02:04:00,43156.02,43170.0,43151.11,43169.98,11.13704,42.39215891053339,2.176430162246106,5.673903300831487,-3.497473138585381,14.017525475799,43175.63432465823,43176.610265580064,70.4933223027183,16.53969774099083,11.813997601752186,-101.3357079251689,43222.84553599999,43316.82571633292,43181.25447619047,0.0020662254065651605,43210.78066115136,43175.534,43140.28733884864
2024-02-03 02:05:00,43169.98,43201.1,43169.98,43185.6,20.40272,55.186901643569726,2.579244692962675,5.0549715792577254,-2.4757268862950506,14.04777776855571,43178.12574349368,43177.30178361237,42.93636977451388,16.454207034742275,13.19299777305527,4.835141114860575,43218.54140383999,43316.82389804741,43181.46390476191,0.0018752217596933126,43192.73218488725,43171.263999999996,43149.79581511274
2024-02-03 02:06:00,43185.59,43185.6,43172.1,43175.22,12.77432,46.8833130793992,2.0374128330586245,4.451459830017905,-2.4140469969592804,14.075869183258371,43177.39930762026,43177.141646411415,39.99368201915058,16.619439395243734,13.214926503551322,-27.534690657133897,43214.49551960959,43316.822669578156,43180.33257142857,0.0016803156170952691,43190.19484100957,43170.198,43150.20115899042
2024-02-03 02:07:00,43175.23,43185.59,43175.22,43185.59,6.12273,55.000414498676285,2.4169187794832396,4.044551619910973,-1.627632840427733,14.101954068339413,43179.44698071519,43177.79151976439,44.13273299159482,16.600222763939566,13.011717467583038,0.14725594216010923,43210.69238843302,43316.82212390002,43180.72961904762,0.0015348027599862164,43196.5483664958,43174.482,43152.415633504206
2024-02-03 02:08:00,43185.59,43191.87,43185.58,43191.87,6.4618,59.49827188337276,3.1876779252052074,3.8731768809698197,-0.6854989557646123,14.46268354810829,43182.552735536396,43178.87447978251,31.653537575970404,15.823849273006367,12.53159479132717,48.63576538301269,43207.117445127034,43316.82157556658,43181.78504761904,0.0014540427088195443,43197.47876878799,43181.652,43165.82523121202
2024-02-03 02:09:00,43191.86,43194.65,43191.86,43194.65,4.71384,61.54033456042718,3.9769886185822543,3.8939392284923064,0.08304939008994783,14.94535831137184,43185.5770516523,43180.08798133771,26.779030768724624,15.211014292821185,11.83576659194672,96.56967249381894,43203.75699841941,43316.82118446353,43183.18552380953,0.0014298657409662985,43199.975515384365,43186.586,43173.19648461564
2024-02-03 02:10:00,43194.64,43194.72,43194.64,43194.71,26.3194,61.590490454436356,4.5548589496538625,4.026123172724618,0.5287357769292447,15.397456610196647,43187.86028873922,43181.21275200404,29.531144929598668,13.264083678114615,10.996068978236366,94.17475728156238,43200.59817851425,43316.819001885124,43184.54161904762,0.0014421098052771542,43203.1735724648,43188.408,43173.642427535204
2024-02-03 02:11:00,43194.72,43201.1,43194.71,43201.06,5.7499,67.04808053219222,5.462251842087426,4.31334890659718,1.1489029354902458,16.17545764426105,43191.16021655442,43182.739463388345,20.010901246176218,14.874682488958879,10.667064051219441,99.3317946195387,43151.11,43316.81854987123,43186.666666666664,0.0015041334184521338,43203.58145062309,43193.576,43183.57054937691
2024-02-03 02:12:00,43201.06,43211.03,43201.05,43211.03,8.85457,74.00673995709724,6.9062519504950615,4.831929515376757,2.0743224351183045,17.40580277477215,43196.12766241581,43184.91565851233,27.513691292115254,16.010906047657706,10.617988047560617,133.52076234282336,43152.1098,43316.81791374946,43189.981428571424,0.0016389994169250946,43212.42084564606,43198.664000000004,43184.90715435395
2024-02-03 02:13:00,43211.03,43213.38,43199.41,43199.42,14.19228,57.14383013462848,7.03273349468509,5.272090311238424,1.7606431834466658,18.662419579109784,43196.95074681185,43186.03137708831,23.97172351894551,12.24901634185536,10.857417472734422,95.67740997637446,43154.466607999995,43316.81678228092,43191.643142857145,0.0017611432894879735,43212.15986175947,43200.174,43188.188138240526
2024-02-03 02:14:00,43199.42,43212.15,43199.41,43212.14,21.37799,67.02279123033563,8.066384465259034,5.830949142042546,2.235435323216488,19.829278040280446,43200.74806010889,43188.0397326969,27.192155492986785,11.474581047669611,10.991887653253245,100.64943308887943,43158.001411519996,43316.81526264042,43195.00638095238,0.0019236119354732325,43217.26807774649,43203.672,43190.075922253505
2024-02-03 02:15:00,43212.15,43225.29,43212.14,43225.25,6.60526,74.33876711014138,9.83011232579156,6.6307817787923495,3.199330546999211,21.5379989860908,43206.87354508167,43190.90206095099,37.086751598864794,14.314928656130494,11.14603853516383,154.37195822171026,43161.3241268288,43316.81485192374,43200.068190476195,0.002161651919691278,43228.32337579943,43209.78,43191.23662420057
2024-02-03 02:16:00,43225.25,43277.0,43225.25,43256.92,55.7461,84.38251899264928,13.626308087455982,8.029887040525075,5.596421046930907,24.584455450905953,43219.385158811245,43195.98036395476,79.0320292020333,20.951382987114968,14.046321496937841,232.71035166680278,43166.441396682494,43316.8125846225,43208.926952380956,0.002579109851370529,43260.46801460102,43220.952000000005,43181.43598539899
2024-02-03 02:17:00,43256.93,43338.97,43244.0,43301.1,105.96829,90.5646255951238,19.969580458127894,10.417825724045638,9.551754734082255,28.22988159155031,43239.81386910843,43204.0664898044,145.92742417793488,34.88364890978447,19.82658424715665,204.86010174421142,43177.49725701424,43316.81145405227,43222.79304761905,0.0032935973075644094,43311.92971208897,43238.966,43166.00228791103
2024-02-03 02:18:00,43301.1,43341.1,43301.09,43328.99,23.37229,92.74128044739521,26.936650486910366,13.721590676618586,13.21505981029178,31.63525677401202,43262.107901831325,43213.67599058868,177.42501814108982,47.707591768313385,21.26825680093132,158.79701218713774,43196.87398617253,43316.811647321985,43238.99609523809,0.004296031712559508,43353.592509070535,43264.87999999999,43176.167490929445
2024-02-03 02:19:00,43328.99,43329.0,43307.03,43307.03,8.14781,76.14418029807736,30.336415888537886,17.044555719002446,13.29186016953544,34.79739087201218,43273.33842637349,43220.8570682357,150.00457658934465,50.92176161163805,21.318381315150592,102.28396874153047,43217.06562810838,43316.81159320699,43250.75676190476,0.005340496780049933,43358.860288294665,43283.85799999999,43208.85571170532
2024-02-03 02:20:00,43307.04,43321.1,43303.8,43312.32,20.23777,77.31759829983581,33.07632991101127,20.25091055740421,12.82541935360706,37.48079019138924,43283.08381978012,43227.89267837142,96.17700118626817,51.905272736208865,21.03135407835381,76.62242963395096,43234.43044017321,43316.811531487576,43262.066285714296,0.00638165046521623,43349.36050059313,43301.272,43253.18349940686
2024-02-03 02:21:00,43312.32,43313.99,43307.03,43313.98,15.24287,77.73008562862557,34.978469616260554,23.196422369175483,11.782047247085071,39.97251813081079,43290.80786483509,43234.51478003516,37.26035969788791,51.014865328193494,20.026257358471334,60.4475536404232,43249.36417854896,43316.811502182536,43272.29142857142,0.007370799395125034,43331.314179848945,43312.684,43294.05382015106
2024-02-03 02:22:00,43313.98,43313.99,43294.07,43294.07,15.58638,61.60559073813943,34.48187286547909,25.453512468436205,9.028360397042885,41.23198218449322,43291.62339862632,43239.09595080169,45.12249147443799,47.566859097792545,20.01866754715183,33.81300791058616,43262.20719355211,43316.81126151692,43278.63914285714,0.008178084929890056,43333.839245737225,43311.278000000006,43288.71675426279
2024-02-03 02:23:00,43294.08,43300.48,43284.0,43297.21,17.01082,63.05596773058573,33.950329851439164,27.1528759450368,6.797453906402364,41.64876607876738,43293.02004896974,43243.56626227849,31.9230204878113,39.671222833018625,19.765905579498355,5.989342806404442,43273.25218645481,43316.81103512867,43284.4321904762,0.008827012290966343,43320.88351024391,43304.922000000006,43288.9604897561
2024-02-03 02:24:00,43297.21,43309.16,43297.2,43309.15,21.71791,68.48781290952961,34.099459058656066,28.542192567760654,5.557266490895412,42.25673891761936,43297.0525367273,43248.61116518015,32.54514165050932,30.76254966919141,19.20834089524893,19.830441593233935,43282.75088035114,43316.81092216373,43290.840476190475,0.00937865650494395,43321.61857082526,43305.346000000005,43289.07342917475
2024-02-03 02:25:00,43309.16,43329.25,43309.15,43318.77,11.48904,72.40982979436916,34.59510776449315,29.752775607107157,4.842332157385993,43.27391874754544,43302.48190254547,43254.007998627836,38.12578346749069,19.48447655356044,19.272030831302477,81.55874120583924,43284.0,43316.810937445385,43297.441523809524,0.009866533933093466,43325.698891733744,43306.636,43287.57310826625
2024-02-03 02:26:00,43318.76,43341.09,43318.76,43341.09,9.918,79.51005434166439,36.36970310081233,31.076161105848193,5.293541994964137,44.45047138249309,43312.133926909104,43260.706614118004,67.89157618464378,14.434641545301076,19.490457200494763,157.47106131753097,43291.994,43316.81110093415,43305.897523809515,0.010372282418504537,43346.00378809232,43312.058,43278.112211907675
2024-02-03 02:27:00,43341.09,43380.0,43341.08,43370.23,44.32881,85.39744793168452,39.67014442583604,32.794957769845766,6.875186655990277,46.144008839079255,43326.65794518183,43269.131489955085,103.3942355276522,22.651864379212633,20.878281686173583,215.2850760830292,43298.868839999996,43316.812708615,43317.00019047619,0.010979623511283683,43378.98711776382,43327.28999999999,43275.59288223617
2024-02-03 02:28:00,43370.23,43380.01,43367.27,43380.01,42.74488,86.91200592442925,42.58404980099294,34.7527761760752,7.831273624917742,47.71671090261466,43339.99595888638,43277.66060611239,110.91133729161811,29.722978837093475,20.296975851447275,153.49422206599132,43311.849825599995,43316.81454257051,43327.78009523809,0.011651540605947438,43399.30566864581,43343.85,43288.39433135419
2024-02-03 02:29:00,43380.0,43380.01,43350.38,43356.0,22.12105,66.57084395943764,42.46640814561397,36.29550256998296,6.170905575631011,48.033491768599966,43343.996969164786,43283.686713334515,86.69416554483178,30.56778879878149,20.963620433487087,83.45550234697201,43324.118656991996,43316.815131048694,43333.75990476191,0.012206443397480607,43396.56708277242,43353.22,43309.872917227585
2024-02-03 02:30:00,43355.99,43368.96,43355.99,43364.99,19.08377,69.75171139563712,42.60744208347751,37.55789047268187,5.049551610795639,48.32764542987204,43349.24522687359,43289.940812308785,52.86010824069672,31.831746903369616,20.39264754538095,67.90268140357682,43334.17909873344,43316.81575518406,43339.69314285715,0.012675802077943284,43388.89405412035,43362.464,43336.03394587965
2024-02-03 02:31:00,43365.0,43365.0,43352.4,43352.41,9.53532,60.142193179662364,41.2288510993676,38.29208259801902,2.936768501348581,48.35157146654303,43350.03642015519,43294.74613443889,39.670291593894945,31.38915100649924,19.83602986356792,39.73254693566706,43342.42866096142,43316.81598559672,43342.9198095238,0.012986001593245412,43384.56314579694,43364.727999999996,43344.89285420305
2024-02-03 02:32:00,43352.4,43352.41,43302.2,43319.99,18.79181,42.173978308243214,37.09270316480979,38.052206711377174,-0.9595035465673831,45.64813690231176,43342.52481511639,43296.68797025128,79.15951250145736,28.23407446510558,22.00559915902781,-62.061378377767745,43380.01,43316.81602608815,43341.33514285714,0.013004387630815746,43394.259756250736,43354.68000000001,43315.10024374928
2024-02-03 02:33:00,43319.98,43339.89,43318.07,43323.08,12.46241,44.08463878866584,33.67591827973956,37.17694902504965,-3.5010307453100893,43.13780480695416,43337.663611337295,43298.7181263858,73.03571731579723,24.747344095525587,21.99234207624009,-71.93183157879137,43378.4538,43316.816079083044,43340.24819047619,0.012815077729595167,43379.8118586579,43343.294,43306.7761413421
2024-02-03 02:34:00,43323.08,43335.25,43321.66,43326.0,13.18172,46.10403741726655,30.84811338938016,35.91118189791575,-5.0630685085355935,40.80678214697924,43334.74770850297,43300.816732048435,72.1017614488519,22.6259148568782,21.392174785079835,-77.4514112819366,43376.928724000005,43316.816161265364,43339.39771428571,0.012482944529192592,43373.34488072443,43337.294,43301.243119275576
2024-02-03 02:35:00,43326.0,43326.03,43314.0,43326.02,6.47751,46.12003103270488,28.282646727260726,34.38547486378475,-6.102828136524025,38.27414755013607,43332.56578137723,43302.755444967785,46.677959898413974,21.78336000502571,20.723448014716904,-86.67400126717394,43375.434149520006,43316.816201737245,43338.419619047614,0.012045130856903124,43352.83897994921,43329.5,43306.16102005079
2024-02-03 02:36:00,43326.03,43326.03,43303.49,43304.01,8.16124,33.134877717657815,24.194572883978253,32.34729446782345,-8.1527215838452,35.64327279408959,43325.42683603292,43302.85194920103,32.8509351554967,25.54050690803701,20.853201727951472,-96.60944154803676,43373.969466529605,43316.81613078758,43334.39219047619,0.0114324525553708,43336.24546757775,43319.82,43303.39453242225
2024-02-03 02:37:00,43304.01,43323.56,43304.0,43310.62,11.86567,39.29442419614988,21.243237845686963,30.126483143396158,-8.883245297709195,33.200317663475005,43321.72512702469,43303.44949157019,35.968728704960085,25.245373631692463,20.760830175954773,-80.84556615502322,43372.534077199016,43316.81608087808,43331.15142857142,0.010736522535703267,43335.930364352476,43317.945999999996,43299.961635647516
2024-02-03 02:38:00,43310.63,43310.63,43301.1,43301.11,4.82152,33.902528453608014,17.930217655055458,27.687230045728022,-9.757012390672564,31.074161315617683,43316.571345268516,43303.269530680176,42.515068820270244,22.219266935712234,19.95862802052935,-109.19968964624832,43371.127395655036,43316.81602947126,43326.51495238095,0.009950861726822786,43334.80953441014,43313.552,43292.29446558987
2024-02-03 02:39:00,43301.1,43301.11,43301.1,43301.11,6.64265,33.902528453608014,15.130213600801653,25.175826756742747,-10.045613155941094,29.0998732783216,43312.70600895138,43303.103412935554,37.557495190092595,21.415156207670048,18.533726019063113,-109.52554018746105,43368.326299828834,43316.815958648185,43321.95504761904,0.009119454205594128,43327.35274759505,43308.574,43289.795252404954
2024-02-03 02:40:00,43301.11,43301.11,43292.38,43292.52,8.27656,28.768052156228123,12.078811978797603,22.55642380115372,-10.477611822356117,27.720805770810948,43307.659506713535,43302.2893042482,23.304571336353547,17.507440985617773,17.833459874844547,-123.27451363768859,43365.63724783568,43316.815822143224,43316.418,0.00823657824809768,43313.52628566817,43301.873999999996,43290.22171433182
2024-02-03 02:41:00,43292.51,43306.54,43290.0,43306.54,16.76772,45.0633508708418,10.668866981737665,20.178912437270508,-9.510045455532843,26.108578444457684,43307.37963003515,43302.61628084449,24.373663269085228,11.940954730610105,17.741069883784284,-70.64716895204157,43361.24181296554,43316.81570517977,43313.212857142855,0.007404372571694941,43314.56683163454,43302.38,43290.193168365455
2024-02-03 02:42:00,43306.53,43306.54,43291.37,43294.11,10.65368,36.24250760207212,8.45105973923637,17.833341897663683,-9.382282158427312,24.61151021284394,43304.062222526365,43301.96195154877,20.523380746410112,12.587154647036284,17.557422034942427,-78.01340788134709,43355.542467928295,43316.81554097299,43308.956952380955,0.006571328738205133,43309.33969037321,43299.078,43288.816309626796
2024-02-03 02:43:00,43294.1,43295.2,43294.1,43295.16,6.62572,37.482972165890985,6.700913782995485,15.606856274730044,-8.905942491734558,23.221375426345464,43301.83666689477,43301.43872450656,20.84372800870915,12.083159994390941,16.38189188958929,-88.27734095778905,43350.29907049403,43316.81544357352,43305.65914285714,0.005765438876281244,43308.30986400435,43297.888,43287.466135995644
2024-02-03 02:44:00,43295.16,43304.05,43294.0,43304.05,7.63921,47.801244602986195,5.962526908064319,13.677990401396901,-7.715463493332582,21.79021460255205,43302.39000017108,43301.63959185221,22.742334209178807,9.760208610642486,15.929613897475978,-18.49477562959218,43345.47514485451,43316.815377376784,43304.12609523809,0.005041227005773901,43309.84716710459,43298.476,43287.10483289541
2024-02-03 02:45:00,43304.04,43304.05,43248.66,43248.69,31.97771,21.403439891416156,0.8998873119417112,11.122369783505864,-10.222482471564152,22.248804422370462,43288.96500012831,43297.56654632512,84.2963796468539,17.512580745524765,18.748212904799082,-263.4210526315912,43341.037133266145,43316.813898611996,43295.792095238095,0.004143247849096993,43331.858189823426,43289.71,43247.56181017657
2024-02-03 02:46:00,43248.69,43262.72,43241.1,43245.52,20.21343,20.620944849004616,-3.329700831025548,8.231955660599581,-11.56165649162513,22.940286219638875,43278.10375009623,43293.56296583857,100.32597273869033,23.28052311715087,18.953340554456478,-191.0404793048643,43331.79941993953,43316.81292040844,43288.023238095244,0.003145085531430479,43327.668986369354,43277.50600000001,43227.34301363066
2024-02-03 02:47:00,43245.51,43267.18,43245.51,43267.18,12.40413,38.92806830760006,-4.877672158640053,5.610030096751655,-10.487702255391707,23.282099480693084,43275.37281257217,43291.53350692792,95.18478839677118,23.04526292511704,19.147387657709462,-96.19595080098665,43320.91548954679,43316.81250251136,43283.851619047615,0.002214284798536018,43319.71239419839,43272.12,43224.52760580162
2024-02-03 02:48:00,43267.18,43269.44,43257.83,43257.83,8.37166,34.773747028441576,-6.78075314569287,3.1318734482627497,-9.91262659395562,23.443567564708918,43270.98710942913,43288.94092947193,84.39813651010627,23.858303212708684,18.60900282501597,-67.72914276240587,43311.33763080117,43316.81216734108,43278.96571428572,0.0013220978462420289,43306.85306825505,43264.653999999995,43222.45493174494
2024-02-03 02:49:00,43257.83,43275.35,43257.83,43272.24,6.98388,45.52518609257221,-7.044981803410337,1.0965023979281323,-8.14148420133847,23.181698792045427,43271.30033207185,43287.65624258947,41.14672524735215,22.91916480876829,18.531216908943172,-34.26732860267533,43302.90911510503,43316.81195604609,43276.65038095239,0.0005565298693941142,43278.86536262368,43258.292,43237.718637376325
2024-02-03 02:50:00,43272.24,43272.24,43272.23,43272.23,1.24904,45.51893791228265,-7.172511585915345,-0.5573003988405631,-6.615211187074782,22.938534931715044,43271.53274905389,43286.46960854413,40.804791170041426,22.421393181607332,17.208272844018285,-10.67443850609656,43295.492021292426,43316.81191824854,43274.84590476191,-9.246166463819083e-05,43283.40239558502,43263.0,43242.59760441498
2024-02-03 02:51:00,43272.24,43272.24,43261.11,43261.12,7.7159,38.478286372089705,-8.076957864665019,-2.0612318920054546,-6.015725972659564,23.23466267606426,43268.92956179042,43284.51963865612,23.2986991553189,20.108437173265198,16.774110498016793,-34.349792226844066,43288.964978737335,43316.81162656978,43271.86276190476,-0.0006854163217108925,43277.769349577655,43266.119999999995,43254.470650422336
2024-02-03 02:52:00,43261.12,43277.83,43257.79,43277.83,7.37462,51.90486876963236,-7.360533064667834,-3.1210921265379308,-4.239440938129903,23.083069067144226,43271.15467134281,43284.00505106719,30.090539746917784,18.713297262773203,17.007388319587083,20.961599037804106,43283.221181288856,43316.811431440045,43271.579047619045,-0.0011386441725886893,43283.29526987346,43268.25,43253.20473012654
2024-02-03 02:53:00,43277.82,43281.1,43264.49,43264.5,5.9598,42.93504474288476,-7.778712687868392,-4.052616238804023,-3.726096449064369,22.693568716226746,43269.49100350711,43282.50466252356,23.96921371713688,16.55379275133356,16.97900343961662,62.84104665232714,43241.1,43316.81121982312,43269.739714285715,-0.0015367064867771606,43281.56860685857,43269.584,43257.599393141434
2024-02-03 02:54:00,43264.5,43264.5,43250.0,43250.04,4.78911,35.050310130678554,-9.171204270853195,-5.076333845213858,-4.094870425639337,23.041765163121216,43264.62825263033,43280.00738079098,38.19462169417238,11.067158423978103,16.80193176535829,-93.2256254322354,43241.9,43316.81100277061,43266.32104761905,-0.0019429450948238907,43284.24131084709,43265.144,43246.046689152914
2024-02-03 02:55:00,43250.04,43250.04,43249.96,43249.97,4.17276,35.01295803642654,-10.163256602019828,-6.093718396575053,-4.0695382054447755,23.366945514496678,43260.96368947275,43277.69681303783,41.44669683465327,10.905965952579901,15.607508067832823,-145.4083237237499,43242.684,43316.81081345527,43263.29761904762,-0.0023337380913729736,43281.41534841733,43260.692,43239.968651582676
2024-02-03 02:56:00,43249.96,43252.57,43234.64,43252.56,19.48415,37.94895215743402,-10.618075304759259,-6.998589778211894,-3.619485526547365,24.335228222708416,43258.86276710456,43275.76321203492,43.38158068303892,9.91741565916733,15.773400348701928,-131.24883252741975,43281.1,43316.80996373924,43261.158285714286,-0.0026811613752332135,43280.67079034152,43258.98,43237.289209658484
2024-02-03 02:57:00,43252.57,43254.7,43244.0,43244.0,9.87775,32.182559188414515,-11.536260039887566,-7.906123830547029,-3.6301362093405363,25.049250715646217,43255.14707532842,43273.31988803224,27.028701906994684,11.324165705218368,15.411014609508726,-90.0316428778358,43280.1708,43316.80947558209,43258.27333333334,-0.0030179938361378092,43265.7283509535,43252.214,43238.6996490465
2024-02-03 02:58:00,43244.01,43244.01,43229.11,43229.12,8.53775,24.43686496597317,-13.31117674075358,-8.98713441258834,-4.324042328165241,26.297239389976646,43248.640306496316,43269.91989664515,33.956926230253885,15.03289389731363,15.374513565972492,-133.7510078668291,43279.260184,43316.808967423596,43253.89161904761,-0.0033945096302275468,43262.116463115126,43245.138,43228.15953688487
2024-02-03 02:59:00,43229.11,43243.75,43229.07,43229.07,10.12282,24.413172388541085,-14.554075275722425,-10.100522585215158,-4.4535526905072675,27.457566749855065,43243.74772987224,43266.77759690322,40.26067469806003,16.41991419813985,15.324905454117337,-110.23513139693529,43277.254176639995,43316.80836458738,43250.21685714286,-0.0037750487250037624,43261.07433734903,43240.944,43220.81366265097
2024-02-03 03:00:00,43229.07,43246.25,43229.07,43246.24,6.12877,45.99124047144936,-13.992311161804537,-10.878880300533035,-3.1134308612715014,28.2937127372529,43244.370797404175,43265.197781756826,37.96143146888062,15.044991970527514,15.457412207394691,-60.154578923488884,43274.36312604159,43316.80807103414,43249.018285714286,-0.004057110223493973,43259.17871573444,43240.198,43221.21728426556
2024-02-03 03:01:00,43246.24,43266.86,43246.24,43266.85,7.82943,61.72854520688637,-11.7486234809694,-11.052828936620308,-0.6957945443490914,27.34217976045386,43249.99059805313,43265.32487546784,55.62743789779779,15.59576566651454,15.826168478295259,84.44285439087847,43271.6455384791,43316.80780555096,43250.56085714285,-0.004160169537455855,43270.869718948896,43243.056,43215.2422810511
2024-02-03 03:02:00,43266.86,43276.2,43252.95,43252.95,19.24798,49.94938448924884,-10.965692979101732,-11.035401745116594,0.06970876601486253,25.816386598754416,43250.73044853985,43264.37296197032,57.90981408202788,12.525525052605008,16.356442158417025,111.82748168726903,43229.07,43316.806971303944,43250.25323809524,-0.004193470289959884,43273.80090704101,43244.846,43215.891092958984
2024-02-03 03:03:00,43252.95,43267.3,43252.95,43267.29,4.58532,59.51366610470357,-9.083389104664093,-10.644999217026095,1.5616101123620023,24.399578662890654,43254.870336404885,43264.597349511074,56.935601013494306,12.944828613874796,16.21312486138765,107.06560516737858,43230.0126,43316.806817198536,43251.904095238104,-0.0041057088474458405,43280.94780050674,43252.479999999996,43224.01219949325
2024-02-03 03:04:00,43267.3,43267.3,43267.29,43267.29,3.368,59.51366610470357,-7.505135196144693,-10.017026412849816,2.5118912167051235,23.0839712938743,43257.975252303666,43264.80447647176,35.425365016038995,14.214206666947991,15.055758799860106,103.560024458226,43230.936348,43316.80670400595,43253.60209523809,-0.00393258759243427,43277.836682508016,43260.123999999996,43242.41131749198
2024-02-03 03:05:00,43267.3,43272.09,43267.29,43272.08,3.46357,62.92175530374065,-5.800974610305275,-9.173816052340909,3.372841442035634,21.501226163136828,43261.50143922775,43265.36413212778,25.849611957470188,15.75302387365761,14.323204599869786,93.7533531597413,43231.84162104,43316.80659886231,43255.98580952381,-0.0036804149742877467,43278.21680597874,43265.292,43252.367194021266
2024-02-03 03:06:00,43272.09,43272.09,43272.08,43272.08,7.05687,62.92175530374065,-4.399698087378056,-8.218992459348339,3.819294371970283,20.03153425602346,43264.14607942081,43265.88073734872,28.113613042762154,16.895511601287563,13.300832842735856,83.62637362637987,43232.728788619206,43316.806384638345,43258.26514285714,-0.003378921584439573,43280.394806521384,43266.338,43252.28119347862
2024-02-03 03:07:00,43272.09,43272.09,43272.08,43272.09,6.35967,62.931136079508164,-3.2508951353665907,-7.22537299455199,3.9744778591853995,18.666820342275333,43266.13205956561,43266.358372937284,9.392984945894568,17.250799145245903,12.35148763968292,80.07874593427906,43233.598212846824,43316.806191624055,43260.60057142858,-0.0030506898634008552,43274.86249247295,43270.166000000005,43265.46950752706
2024-02-03 03:08:00,43272.09,43272.09,43246.24,43246.24,17.14332,35.2594038100371,-4.3758968665861175,-6.655477768958816,2.2795809023726985,19.120853316677177,43261.159044674205,43264.810805788264,40.12512039022113,14.795490905828867,13.315667093991179,-67.36271368721289,43234.450248589885,43316.805370564325,43259.41704761905,-0.002829354024661696,43286.01856019511,43265.956,43245.89343980489
2024-02-03 03:09:00,43246.25,43268.0,43246.24,43268.0,15.32611,55.17110602854736,-3.471600252967619,-6.018702265760577,2.5471020127929584,19.542455364336032,43262.86928350566,43265.05612841994,40.21663186202932,10.471262739274527,13.91883373013481,-47.583313912885394,43235.285243618084,43316.80486289821,43261.17104761905,-0.002585410233868588,43286.20631593101,43266.098,43245.98968406898
2024-02-03 03:10:00,43268.0,43268.0,43257.65,43259.07,8.73976,47.91393515373373,-3.435908031431609,-5.502143418894784,2.066235387463175,19.933942980019253,43261.919462629245,43264.59565700303,39.403021285295836,8.832164955178646,13.663917035125078,-40.607137710770026,43236.10353874572,43316.80452043517,43261.562666666665,-0.002372055670133619,43283.19751064265,43263.496,43243.79448935735
2024-02-03 03:11:00,43259.07,43259.07,43259.06,43259.07,4.51245,47.91393515373373,-3.3687883931197575,-5.075472413739779,1.7066840206200213,20.297467194582246,43261.207096971935,43264.170606464344,35.65341170903412,8.933858443400528,12.688637246902003,-68.60921806345111,43236.905467970806,43316.804343618714,43261.89228571429,-0.002183729058742155,43278.72070585451,43260.89399999999,43243.067294145476
2024-02-03 03:12:00,43259.07,43262.85,43259.06,43262.85,19.62847,51.78013650386834,-2.9762725694454275,-4.655632444880909,1.6793598754354813,20.227163454884117,43261.61782272895,43264.0690213517,28.768833249778254,8.13324207703972,12.05302030069478,-35.022661722315,43237.69135861139,43316.803624862194,43262.58238095238,-0.0019989349935491353,43273.430416624884,43259.045999999995,43244.661583375106
2024-02-03 03:13:00,43262.85,43268.0,43262.84,43267.99,5.08081,56.98955686511729,-2.2247998008242575,-4.169465916069578,1.9446661152453206,19.62664977463902,43263.21086704671,43264.37063509388,16.002829950128216,8.161870973902257,11.560661707788258,24.92656708948738,43238.46153143916,43316.80345653997,43263.63657142857,-0.0017973418222390362,43271.39741497506,43263.39599999999,43255.39458502493
2024-02-03 03:14:00,43267.99,43271.34,43267.99,43271.34,8.25054,60.34054651102717,-1.3434487735503353,-3.60426248756573,2.2608137140153945,18.733406139870436,43265.24315028504,43264.90674008666,19.57202100935683,8.402915434145893,10.974185871517564,75.71098429457703,43239.21630081038,43316.80320196845,43264.76676190476,-0.001574522712519149,43273.85001050468,43264.064,43254.27798949532
2024-02-03 03:15:00,43271.33,43277.75,43271.33,43277.74,8.76727,66.35077106876699,-0.12708031885995297,-2.908826053824575,2.781745734964622,17.498061434649653,43268.367362713776,43265.89391392616,26.05143601166492,9.0893198017435,10.648886880694757,128.59320114961017,43239.955974794175,43316.80296953714,43266.511238095234,-0.0013150912062497024,43280.82371800583,43267.797999999995,43254.77228199416
2024-02-03 03:16:00,43277.75,43277.75,43277.73,43277.73,7.19261,66.33192295767488,0.8265653971393476,-2.1617477636317908,2.9883131607711384,16.35095563694464,43270.70802203533,43266.804382085684,22.97227420497802,9.689425852214445,9.889680674930617,130.2343315798707,43241.467735802406,43316.80277880528,43268.15066666667,-0.0010397536358723637,43283.01613710248,43271.52999999999,43260.0438628975
2024-02-03 03:17:00,43277.73,43291.1,43277.73,43291.09,8.23998,76.86706341953122,2.630059158713266,-1.2033863791627795,3.8334455378760453,16.42476609351015,43275.803516526496,43268.67250654063,31.631167508719955,12.441993231072274,10.13827491243524,153.13979407710428,43242.919026370306,43316.80263501383,43271.33542857142,-0.0007032508433059559,43292.99358375436,43277.178,43261.36241624564
2024-02-03 03:18:00,43291.1,43318.0,43291.09,43314.4,10.65644,86.02364033196504,5.872567841899581,0.21180446504969275,5.660763376849888,18.026684479305743,43285.45263739487,43272.190006037505,61.5258301988797,16.973327965022797,11.336255275832972,196.4387280247566,43245.80988478809,43316.80261763763,43277.401523809516,-0.00023363182285925948,43317.222915099446,43286.46000000001,43255.69708490057
2024-02-03 03:19:00,43314.41,43314.41,43289.53,43289.54,13.03371,57.09886683492111,6.36293711970211,1.4420309959801763,4.920906123721934,19.35579881049456,43286.474478046155,43273.5246209577,53.5931393141218,17.358830477169196,12.303665613273807,102.03909705337556,43251.585094005044,43316.802376488056,43279.704285714295,0.0001932206484675351,43316.89656965706,43290.1,43263.30343034294
2024-02-03 03:20:00,43289.54,43289.54,43281.1,43281.1,4.02017,50.2195190277116,6.001341116607364,2.353893020105614,3.64744809650175,19.76011246134498,43285.13085853462,43274.107342422496,51.33552880336356,16.17659849479556,12.02768949804013,17.406854185492634,43256.89828648464,43316.80227908082,43280.71542857143,0.0005346007038393958,43316.43976440168,43290.772,43265.104235598315
2024-02-03 03:21:00,43281.1,43281.11,43281.1,43281.11,4.61725,50.228044987442374,5.650445773826505,3.013203570849792,2.6372422029767124,20.135546565706086,43284.12564390096,43274.64600839,48.81043369506369,14.534439138729294,11.169283105323123,-12.989301447411162,43261.78642356587,43316.80216723854,43281.642,0.0008030497441309442,43315.853216847536,43291.448000000004,43267.04278315247
2024-02-03 03:22:00,43281.1,43281.11,43281.1,43281.11,1.90435,50.228044987442374,5.311135225791077,3.4727899018380493,1.8383453239530274,20.484163948327115,43283.37173292572,43275.143238513854,51.57811200077413,12.99845225678523,10.372191454943046,-27.87641427328063,43266.2835096806,43316.80212111024,43282.48266666666,0.001009534841059386,43315.24105600039,43289.452000000005,43263.66294399962
2024-02-03 03:23:00,43281.11,43311.1,43271.99,43305.83,21.65167,69.07941314632639,6.956733682738559,4.1695786580181515,2.7871550247204073,22.27655954760537,43288.98629969429,43277.503758628176,38.47041301598074,13.538098050992998,12.424892065304297,66.78738152497633,43270.42082890615,43316.80195988857,43286.28723809524,0.0012752495672802692,43306.97320650799,43287.738,43268.50279349201
2024-02-03 03:24:00,43305.83,43322.0,43305.82,43311.79,16.86232,72.13310870872294,8.64218280219211,5.064099486852943,3.5780833153391667,24.317712171009084,43294.68722477072,43280.14116181062,54.80818805137824,14.326355043280145,12.693114060639726,133.5761375686347,43271.99,43316.801902534884,43290.526190476194,0.0015936322447820765,43319.59209402569,43292.188,43264.78390597431
2024-02-03 03:25:00,43311.79,43311.79,43311.74,43311.75,12.12547,72.07578129538831,9.86101407467504,6.023482404417363,3.837531670257677,26.213068178455394,43298.95291857804,43282.57261090211,56.86683565379644,14.819176950240935,11.790034484879953,98.77592706628326,43271.99,43316.801860964275,43294.25771428572,0.0019303158465515064,43326.751417826905,43298.31800000001,43269.88458217311
2024-02-03 03:26:00,43311.74,43311.75,43289.0,43289.01,8.38375,46.73645061419136,8.889545538026141,6.596695031139119,2.2928505068870217,25.92609927044217,43296.46718893353,43283.06779467888,50.23514822535799,13.790657905958504,12.572889164531386,-0.27202659816217173,43276.990999999995,43316.801702844445,43294.45552380953,0.002158368964612687,43325.01557411268,43299.898,43274.78042588732
2024-02-03 03:27:00,43289.0,43294.01,43283.02,43283.02,14.40206,42.06216727214691,7.549283345048025,6.7872126939209005,0.7620706511271242,25.21402802833917,43293.10539170015,43283.06411816512,47.99213207612047,14.314802902879254,12.459825652779518,-51.42677981691491,43281.49189999999,43316.801372678485,43293.60552380952,0.002272594667423539,43324.276066038066,43300.280000000006,43276.283933961946
2024-02-03 03:28:00,43283.02,43285.58,43283.02,43285.57,2.91164,44.87844433234507,6.616607457726786,6.753091646682078,-0.13648418895529169,24.552819017814954,43291.221543775115,43283.256878306274,51.326470727522974,12.7625485499678,11.752695249009905,-52.1627102469403,43322.0,43316.801310968694,43292.95238095238,0.002312729609592751,43321.89123536376,43296.227999999996,43270.564764636234
2024-02-03 03:29:00,43285.58,43285.61,43285.57,43285.6,3.41859,44.91624495822777,5.812868714587239,6.565047060263111,-0.7521783456758717,23.9406218126469,43289.81615783134,43283.43711843656,42.212695027832524,12.906354547806872,10.916074159794974,-48.53914603690883,43321.2204,43316.80123858444,43292.167714285715,0.0022971247707086126,43312.096347513914,43290.99,43269.88365248608
2024-02-03 03:30:00,43285.61,43288.0,43274.84,43274.84,9.60843,34.68021462911301,4.2585677766328445,6.103751203537058,-1.8451834269042138,22.521853258422162,43286.0721183735,43282.77580163375,19.118381671913085,13.604562181857938,11.076354576952724,-87.26038814143922,43320.456392,43316.80096498061,43289.87352380952,0.002191800055167231,43293.16719083596,43283.608,43274.04880916404
2024-02-03 03:31:00,43274.85,43274.88,43264.11,43274.88,7.57893,34.74655235063243,2.995470827787358,5.482095128387119,-2.486624300599761,21.361806948244038,43283.27408878013,43282.16843227731,19.700774549361086,14.233985150794583,11.054472107170158,-120.05008529015447,43318.63173632,43316.800749375834,43287.61219047619,0.002026800733928535,43290.63238727468,43280.782,43270.93161272532
2024-02-03 03:32:00,43274.88,43274.88,43264.12,43264.13,5.9745,26.17391862246555,1.1141786789448815,4.608511838498671,-3.49433315955379,20.28462108879292,43278.488066585094,43280.780860563675,32.10989638674073,16.31766649815036,11.033438385229058,-111.62384337394873,43315.3604321408,43316.80053583127,43284.07190476191,0.0017764426566332266,43293.05894819337,43277.004,43260.94905180663
2024-02-03 03:33:00,43264.12,43266.0,43260.09,43266.0,7.83388,29.78982354317104,-0.22329156506020809,3.6421511577868957,-3.8654427228471038,19.56254280428976,43275.36604993882,43279.64387128955,30.636782175904955,16.515938731392687,10.667478500570088,-114.19599943716509,43312.28540621235,43316.80026577122,43281.25971428571,0.0014846345658512492,43288.408391087956,43273.090000000004,43257.77160891205
2024-02-03 03:34:00,43266.0,43266.0,43261.58,43261.58,3.40646,26.15617199055903,-1.6212150717328768,2.589477911882941,-4.210692983615818,18.89204154010825,43271.919537454116,43278.25434272882,22.192200572506408,14.904998265863393,10.221230036243528,-98.35677042184396,43308.10977371536,43316.80013812266,43278.082380952386,0.001154752855956779,43279.38210028625,43268.286,43257.18989971375
2024-02-03 03:35:00,43261.59,43261.59,43236.06,43241.47,10.50051,15.700385430713482,-4.302195425138052,1.2111432444787427,-5.513338669616795,19.769627907371945,43264.30715309059,43275.42477790353,44.084858607762726,14.648164845011799,11.314713605083194,-160.89943736862483,43304.26819181813,43316.799601350234,43272.40961904762,0.000720529981348711,43283.65442930388,43261.612,43239.56957069612
2024-02-03 03:36:00,43241.47,43241.47,43221.83,43221.84,4.88285,10.69330981929663,-7.919576665852219,-0.6150007375874497,-7.304575928264769,21.18976942333837,43253.69036481794,43271.30287191095,68.12834246340208,20.51712187451307,11.909376919005782,-184.385034587825,43297.44737263632,43316.79928670449,43264.49704761904,0.00014507048889283517,43285.0681712317,43251.004,43216.9398287683
2024-02-03 03:37:00,43221.83,43221.87,43212.01,43216.0,9.47014,9.600281087511704,-11.12932462747267,-2.717865515564494,-8.411459111908176,22.869828082421797,43244.26777361346,43267.04880484088,80.79897944357072,24.800044557094715,11.762992853362553,-150.17261528951227,43288.37328791996,43316.79863893472,43256.370285714285,-0.0005269206350468567,43281.77748972179,43241.378000000004,43200.97851027822
2024-02-03 03:38:00,43215.99,43221.87,43215.99,43221.87,4.09483,19.52232916455779,-13.048992407922924,-4.784090894036181,-8.264901513886743,24.42988255157069,43238.668330210094,43263.573512160816,67.52720962256717,25.44409184964331,11.342779078122703,-100.90204779396126,43277.682427611166,43316.79837515661,43249.881714285715,-0.0012071956073075067,43266.31560481129,43232.552,43198.78839518872
2024-02-03 03:39:00,43221.86,43236.21,43221.85,43236.21,4.91472,39.11306182983914,-13.260367536109698,-6.479346222450885,-6.781021313658813,24.593451561989163,43238.05374765757,43261.46862660999,38.657679697236745,23.055829729429448,11.558294858256838,-49.205426188401454,43268.488287745604,43316.79810638999,43246.161523809526,-0.0017967304388529985,43246.80683984862,43227.478,43208.149160151384
2024-02-03 03:40:00,43236.2,43245.78,43232.82,43245.78,7.59164,49.04638018398206,-12.511440727284935,-7.685765123417696,-4.825675603867239,24.002924592570476,43239.98531074318,43260.26180917845,43.908158052305225,21.02215191620285,11.658416654095573,-2.670197056873771,43260.58132746122,43316.797740537,43244.436761904755,-0.002253458973788457,43250.29407902616,43228.340000000004,43206.38592097385
2024-02-03 03:41:00,43245.78,43264.02,43245.77,43264.01,6.47004,62.88692382869092,-10.327849173634604,-8.214181933461077,-2.113667240173527,22.31957476046341,43245.99148305738,43260.550131549346,68.74681903384044,19.53232673948238,12.12924403594589,74.89421026732035,43212.01,43316.79750877616,43245.55438095238,-0.0025149239027379587,43271.14740951692,43236.774,43202.40059048308
2024-02-03 03:42:00,43264.01,43264.97,43264.01,43264.97,3.36849,63.513219572663225,-8.422780586879526,-8.255901664144767,-0.16687892273475846,20.813482339949612,43250.73611229304,43260.89012143017,65.98805375939992,19.630605386937876,11.33144089052112,103.91061452517194,43213.050200000005,43316.79739030992,43246.98104761905,-0.0026250961245513444,43279.5620268797,43246.568,43213.5739731203
2024-02-03 03:43:00,43264.96,43265.88,43264.96,43265.87,2.62948,64.19300662092856,-6.762424507949618,-7.9572062329057385,1.1947817249561208,19.47283646912026,43254.51958421978,43261.27318901247,48.534796163861756,19.614434029616273,10.587766541198059,105.0081961066103,43215.126992000005,43316.79729944013,43248.7239047619,-0.002619986431934817,43279.63539808193,43255.368,43231.10060191807
2024-02-03 03:44:00,43265.87,43265.91,43265.87,43265.9,4.86141,64.21967162510386,-5.382117899011064,-7.442188566126804,2.06007066711574,18.229988075287856,43257.36468816483,43261.62909754997,31.17579071127693,20.087495172391765,9.83435464539826,83.94325715079258,43218.17217248,43316.79713153892,43250.65866666667,-0.00253260852717576,43276.893895355635,43261.306,43245.71810464436
2024-02-03 03:45:00,43265.91,43275.0,43246.0,43246.01,14.81435,40.32700775663617,-5.826013086894818,-7.118953470280407,1.2929403833855888,18.033495124609622,43254.52601612362,43260.42762850767,30.809269359582686,20.06540926485568,11.203329313584097,35.51486532070573,43221.9911986816,43316.79641994971,43250.02657142857,-0.0024786977288192777,43276.75663467979,43261.352,43245.94736532021
2024-02-03 03:46:00,43246.0,43261.13,43246.0,43256.05,6.58354,51.301661205446315,-5.306489224545658,-6.756460621133457,1.4499713965877996,17.85103738469412,43254.90701209272,43260.090887853235,31.241120698905434,18.567615207972004,11.483805791185047,18.281457139107896,43227.29207881344,43316.79614857418,43251.00809523809,-0.0023993676931749405,43275.380560349455,43259.76,43244.13943965055
2024-02-03 03:47:00,43256.04,43256.05,43231.1,43231.1,9.17161,33.1311379036424,-6.829295438110421,-6.77102758452885,-0.058267853581570606,18.46700094406386,43248.95525906954,43257.86081955684,52.758119818157866,16.102286278526417,12.445676806100712,-87.20521826394382,43275.0,43316.79561524581,43248.73990476191,-0.0024143523832735637,43279.36505990908,43252.986000000004,43226.606940090925
2024-02-03 03:48:00,43231.1,43231.11,43215.02,43215.03,4.5067,26.01059810355936,-9.22648782266333,-7.262119632155747,-1.9643681905075834,19.728721377434223,43240.47394430215,43254.56614112939,72.16731364739826,17.50373741227068,12.705985605665218,-174.4569365652271,43274.122,43316.79530404108,43244.661428571424,-0.0025597102679325613,43278.9016568237,43242.818,43206.7343431763
2024-02-03 03:49:00,43215.02,43239.8,43215.02,43239.79,11.60097,47.050871963153384,-9.024328148756467,-7.614561335475891,-1.4097668132805765,20.20985065137631,43240.30295822662,43253.42951488867,55.64405455441738,17.245675433986573,13.568415205260996,-94.5929559609575,43271.757920000004,43316.794697866106,43244.327619047624,-0.002669407438927834,43265.41802727721,43237.596,43209.77397272279
2024-02-03 03:50:00,43239.79,43240.03,43230.28,43230.29,8.14116,41.60373379448545,-9.52093435126153,-7.995835938633019,-1.5250984126285116,20.63836746004326,43237.799718669965,43251.64955220492,53.68769132079615,18.276863214372945,13.295671262028067,-64.58839990674223,43269.488403200005,43316.79421999954,43242.74314285714,-0.002788176141909862,43261.295845660396,43234.452,43207.6081543396
2024-02-03 03:51:00,43230.28,43230.29,43192.79,43200.01,16.09557,28.835278158240115,-12.217011183980503,-8.840070987702516,-3.376940196277987,22.415944994780062,43228.352289002476,43247.67727895839,56.35378255030082,22.68374249150348,15.02455188616892,-135.00782457211753,43267.309667072004,43316.79294454073,43237.040857142856,-0.003039175435969787,43251.42089127515,43223.244,43195.06710872485
2024-02-03 03:52:00,43200.01,43211.1,43192.79,43195.93,13.51917,27.4720077683683,-14.515566979600408,-9.975170186082096,-4.540396793518312,24.06655270560709,43220.246716751855,43243.69671903852,67.63132014058647,25.122759847015136,15.259226751442402,-131.5867668489903,43262.83848704769,43316.79183583796,43230.94685714286,-0.003380478331315118,43250.02566007029,43216.21,43182.394339929706
2024-02-03 03:53:00,43195.92,43197.13,43192.8,43197.13,8.1494,28.66236925555772,-16.05528371998662,-11.191192892863,-4.8640908271236185,25.599259865660763,43214.46753756389,43240.114663727865,74.36010936030652,25.019485386762337,14.478567697767549,-112.38288379638462,43258.635577824825,43316.791174153666,43225.25990476191,-0.0037556159575597913,43249.81005468015,43212.63,43175.449945319844
2024-02-03 03:54:00,43197.13,43208.37,43197.12,43208.36,7.33286,39.7644816643489,-16.182807847406366,-12.189515883771673,-3.993291963634693,26.09458286786573,43212.94065317292,43237.67199728727,50.941343605023576,21.654468877560404,14.247955719355582,-64.15713950119006,43254.68484315534,43316.790634649355,43221.442476190474,-0.004079287504172303,43231.81467180251,43206.344,43180.873328197486
2024-02-03 03:55:00,43208.37,43222.0,43203.97,43203.97,9.50345,37.05898809857564,-16.448499880607415,-13.041312683138822,-3.407187197468593,25.56615456768603,43210.697989879685,43235.07953595748,18.29713705633185,20.519872323183804,14.51810173940153,-28.754086100624345,43250.97115256602,43316.78990714701,43217.396095238095,-0.004366441583963273,43210.22856852817,43201.08,43191.931431471836
2024-02-03 03:56:00,43203.97,43222.72,43203.97,43222.72,11.18139,53.33256745252266,-14.973489366668218,-13.427748019844701,-1.545741346823517,25.025412260614665,43213.70349240977,43234.12880242229,38.72430813209212,15.766966211138532,14.820380186587133,19.442710791112493,43247.48028341206,43316.789193460005,43216.42152380952,-0.004523620678650227,43224.98415406604,43205.621999999996,43186.25984593395
2024-02-03 03:57:00,43222.71,43235.79,43212.83,43235.79,13.97019,61.63083251589292,-12.604595210541447,-13.263117457984052,0.6585222474426047,23.65113298119916,43219.225119307324,43234.25658685135,55.62807068420807,16.375822155834978,15.401781601830848,79.06384823545415,43244.198866407336,43316.78842567405,43217.592000000004,-0.00451912106873629,43241.4080353421,43213.594,43185.77996465789
2024-02-03 03:58:00,43235.78,43235.79,43221.1,43221.1,5.09034,49.70915810886496,-11.776833746785996,-12.96586071574444,1.1890269689584443,22.37501650745619,43219.6938394805,43233.24454170893,45.1624715874641,16.493171285579372,15.350940058843097,74.77450056049301,43241.1143344229,43316.788095181364,43217.09028571429,-0.004463999661835405,43240.96923579373,43218.388,43195.80676420627
2024-02-03 03:59:00,43221.11,43221.11,43221.1,43221.1,1.57758,49.70915810886496,-10.99409375385585,-12.571507323366724,1.577413569510874,21.19005121040915,43220.045379610376,43232.31034619286,40.4661993249174,14.356504532597429,14.255158626068736,62.27424691529104,43238.21487435752,43316.787992756705,43217.015238095235,-0.004368615326310296,43241.16909966246,43220.936,43200.70290033754
2024-02-03 04:00:00,43221.11,43221.11,43212.06,43216.0,8.17964,45.3259047288649,-10.662384713767096,-12.189682801446798,1.5272980876797018,20.64194403681395,43219.03403470778,43231.055704178034,26.49061191677174,13.177884215564756,13.883361581349748,22.96797545046379,43235.79,43316.787433391095,43216.49742857143,-0.004264855375937048,43236.58730595839,43223.342000000004,43210.09669404162
2024-02-03 04:01:00,43216.0,43233.55,43215.98,43233.54,10.93766,59.913875844938175,-8.88178777678695,-11.52810379651483,2.6463160197278803,19.253867964658696,43222.660526030835,43231.24680385665,30.957803663259256,13.97038709993323,14.146692896967602,89.51570907829709,43192.79,43316.786815595464,43218.69971428572,-0.00407240138434428,43240.98490183162,43225.505999999994,43210.027098168364
2024-02-03 04:02:00,43233.55,43233.55,43219.64,43219.65,7.72077,47.79528221526287,-8.493550429848256,-10.921193123181515,2.4276426933332598,17.96494018337167,43221.90789452312,43230.354742021525,23.726957659164327,12.16316406858156,14.129786261470167,48.45267176507106,43193.6052,43316.78630674314,43219.02676190476,-0.003883568270071944,43234.14147882959,43222.278000000006,43210.41452117042
2024-02-03 04:03:00,43219.65,43219.65,43211.98,43211.99,5.12375,42.152928259613034,-8.703637403850735,-10.47768197931536,1.7740445754646252,17.275181871850304,43219.42842089234,43228.94206955833,29.05357822748192,10.06570835059175,13.668372957079317,-72.62759470097785,43194.404096,43316.78594242593,43218.28847619048,-0.0037322875793114442,43234.98278911374,43220.456,43205.92921088626
2024-02-03 04:04:00,43211.98,43211.99,43188.37,43188.37,11.40799,29.337548365775234,-10.653265233580896,-10.512798630168469,-0.14046660341242756,17.896086009317866,43211.66381566926,43225.82114113077,58.75047118139628,13.799215804799744,14.379203460144748,-211.27283988846574,43233.55,43316.784948462315,43214.66561904761,-0.0037120656105074047,43243.285235590694,43213.909999999996,43184.5347644093
2024-02-03 04:05:00,43188.38,43188.38,43178.36,43178.36,12.23167,25.40904203505464,-12.857865211473836,-10.981811946429543,-1.876053265044293,18.900065220900284,43203.33786175195,43222.170284120715,81.08683863787155,18.236449342264137,14.067831784419894,-189.61104456917937,43232.646400000005,43316.78379967685,43210.107333333326,-0.00381849412093489,43246.92541931893,43206.382,43165.83858068106
2024-02-03 04:06:00,43178.36,43200.0,43178.36,43195.18,8.8435,41.26733699864741,-13.096821146158618,-11.404813786375358,-1.6920073597832594,18.967351881332565,43201.29839631396,43220.09410841913,60.6192308144673,18.982157006549492,14.608700942675574,-93.09008100686377,43230.474944,43316.78307003871,43207.997904761905,-0.003921782310554597,43229.01961540723,43198.71,43168.400384592765
2024-02-03 04:07:00,43195.19,43200.35,43178.36,43178.36,17.08369,32.87908797534841,-14.476552193031239,-12.019161467706535,-2.4573907253247036,19.004425220164993,43195.563797235474,43216.88379238689,50.05619442995521,19.695375801744948,15.135936589627173,-87.6739500685409,43228.390346240005,43316.78146560667,43203.65295238095,-0.004086858916818024,43215.48009721498,43190.452000000005,43165.42390278503
2024-02-03 04:08:00,43178.36,43186.79,43178.36,43182.0,6.75183,36.24450679047115,-15.102192731828836,-12.635767720530996,-2.46642501129784,19.038850463366536,43192.1728479266,43214.20042374175,25.964770151258563,20.316447775287173,14.656941118939539,-80.50612375699379,43226.3891323904,43316.78084818644,43199.972095238096,-0.004261829711503959,43197.436385075634,43184.454000000005,43171.471614924376
2024-02-03 04:09:00,43181.99,43182.03,43181.99,43182.02,5.4361,36.265576822077406,-15.418666741075867,-13.19234752463997,-2.226319216435897,19.070816760625114,43189.63463594495,43211.72500653085,24.864606352202827,20.088833304875607,13.612873896158206,-69.03325382349385,43224.46796709479,43316.78035116085,43196.54495238095,-0.00442751179428741,43195.6163031761,43183.184,43170.7516968239
2024-02-03 04:10:00,43182.03,43185.33,43175.0,43178.69,17.83281,34.01927497185093,-15.756546187163622,-13.7051872571447,-2.051358930018921,19.496924154990072,43186.89847695871,43209.18385218232,24.66453212707711,19.95144283855341,13.3783829035756,-72.03160450580317,43222.623648411,43316.77868043405,43192.88285714286,-0.0045862627278349735,43195.58226606354,43183.25,43170.91773393646
2024-02-03 04:11:00,43178.7,43178.7,43174.97,43174.98,13.55868,31.41757557699279,-16.13765918694844,-14.19168164310545,-1.9459775438429894,19.894300730761348,43183.918857719036,43206.55278662984,10.517183329196996,15.396724046291078,12.689212696177051,-89.1956989247122,43219.766229506335,43316.77737604265,43189.14542857142,-0.0047413679425159835,43184.4685916646,43179.21,43173.9514083354
2024-02-03 04:12:00,43174.97,43174.98,43170.0,43174.54,6.06186,31.07930565526381,-16.28744676014321,-14.610834666513004,-1.676612093630208,20.551106841187735,43181.574143289276,43204.0902645814,12.990322906101937,11.528231493649853,12.138554646450347,-126.23827392109227,43216.18253114583,43316.77679106917,43185.92847619048,-0.004880109207330002,43184.941161453055,43178.446,43171.95083854695
2024-02-03 04:13:00,43174.55,43174.55,43159.64,43159.65,25.94296,21.624387150272483,-17.406996035322663,-15.170066940274936,-2.236929095047728,21.706513118975874,43176.09310746696,43200.67178269052,30.64574896050908,9.301357442645052,12.336515028847,-181.0495757035824,43211.56427803125,43316.77402553732,43181.169619047614,-0.005059689017902795,43189.29887448026,43173.976,43158.65312551975
2024-02-03 04:14:00,43159.64,43164.56,43159.64,43164.56,9.39681,30.045511979505136,-17.69408454396762,-15.674870461013473,-2.0192140829541465,22.779390376922002,43173.209830600215,43197.893953252795,28.64809399358637,9.734820905430436,11.806763955357804,-131.96015288105855,43205.3333646675,43316.773055158636,43177.65066666667,-0.005226866232807441,43184.80804699679,43170.484,43156.1599530032
2024-02-03 04:15:00,43164.55,43171.1,43154.28,43165.19,11.96984,31.183975292033892,-17.667113038849493,-16.07331897658068,-1.5937940622688131,23.061834825814532,43171.20487295016,43195.37826454105,24.04734682981507,10.375236610865427,12.164852244260798,-97.59983264886203,43199.8501609074,43316.771824205265,43174.70561904763,-0.005365513161864334,43179.80767341491,43167.784,43155.76032658509
2024-02-03 04:16:00,43165.19,43182.03,43165.19,43182.03,6.10571,54.78635386993891,-16.10128507285117,-16.07891219583478,-0.022372877016390902,22.27173366518461,43173.91115471262,43194.35147496097,32.09667910402641,8.21450723901683,12.49879136967049,30.282688615897882,43193.470338380364,43316.771266070085,43174.65685714286,-0.0053925213944742,43185.242339552016,43169.194,43153.14566044799
2024-02-03 04:17:00,43182.03,43195.19,43179.82,43195.19,6.54956,65.78957246229056,-13.641205782420002,-15.591370913151824,1.950165130731822,20.8716721582096,43179.23086603447,43194.41597688705,53.182382133294595,10.552437593976844,12.7038777004085,143.7094434261266,43154.28,43316.77072584138,43176.721047619045,-0.0052735690986622,43199.91519106665,43173.324,43146.73280893335
2024-02-03 04:18:00,43195.19,43211.99,43195.18,43211.99,4.68373,75.07995615153186,-10.218166956212372,-14.516730121763935,4.298563165551563,20.632545366337506,43187.420649525855,43195.76782481882,72.53248569453717,15.557860615890354,12.997172150379155,195.3541620503456,43155.0982,43316.77039289772,43181.18523809524,-0.00497570058121322,43220.05824284727,43183.792,43147.52575715273
2024-02-03 04:19:00,43211.98,43220.0,43211.98,43219.99,4.14253,78.4275754234974,-6.781675944730523,-12.969719286357254,6.188043341626731,20.838571591148845,43195.56298714439,43197.63106906352,79.3973070114007,20.31452652766275,12.641659853923272,154.3832170487257,43157.373872000004,43316.77012090998,43186.49114285714,-0.004524867333909786,43234.576653505705,43194.878000000004,43155.179346494304
2024-02-03 04:20:00,43220.0,43220.0,43219.98,43219.98,3.58193,78.4117753246883,-4.012782121550117,-11.178331853395827,7.16554973184571,21.029881657045088,43201.66724035829,43199.35021759709,59.82168443217233,23.37833945789273,11.740112721499953,113.66607543752663,43161.13143968,43316.769885706715,43191.39923809524,-0.0039821126046593125,43235.74684221609,43205.836,43175.92515778392
2024-02-03 04:21:00,43219.99,43227.99,43201.1,43201.1,18.83733,53.83833858118027,-3.3037880193805904,-9.603423086592779,6.299635067212188,19.745459002981164,43201.52543026872,43199.48481624347,40.05173384731461,23.36890279886522,12.822247527107058,64.12882762568145,43164.6635532992,43316.768407519914,43193.553809523815,-0.00347864610121016,43229.67586692366,43209.65,43189.624133076344
2024-02-03 04:22:00,43201.1,43209.75,43201.1,43209.75,7.2949,60.622925670120814,-2.0206298137563863,-8.0868644320255,6.066234618269114,18.552780824207524,43203.581572701536,43200.27444576321,28.273739761149045,23.529484605276803,12.524229846599514,41.747156777895555,43169.72966903527,43316.76787789873,43196.645142857145,-0.0029772354971517646,43226.69886988057,43212.562,43198.42513011942
2024-02-03 04:23:00,43209.74,43209.75,43209.74,43209.74,2.31907,60.610567462731176,-0.9930770336868591,-6.668106952357772,5.675029918670913,17.44529394391771,43205.12117952615,43201.00256531988,28.646136914001545,20.831451546942663,11.630356286128265,41.50728128414462,43174.390495512445,43316.76770951598,43199.470857142864,-0.0024929727730915504,43226.435068457,43212.112,43197.788931543
2024-02-03 04:24:00,43209.75,43209.75,43209.74,43209.75,1.34163,60.620200723832404,-0.17589947627129732,-5.369665457140478,5.1937659808691805,16.416913269362883,43206.27838464461,43201.67544491066,23.93207070362405,17.402100421917545,10.80033083711925,31.24224389003386,43178.67845587145,43316.76761211242,43202.03390476191,-0.0020360892758941648,43222.03003535181,43210.064,43198.09796464819
2024-02-03 04:25:00,43209.75,43212.23,43209.74,43212.23,2.23367,63.2919049749016,0.6641786610343843,-4.162896633505506,4.82707529453989,15.658982479110213,43207.76628848346,43202.48733376369,15.31895584607264,11.59303838863384,10.206735777325392,29.34332387033504,43182.62337940173,43316.76745370433,43204.63180952381,-0.0016019903632966041,43216.17347792304,43208.514,43200.85452207697
2024-02-03 04:26:00,43212.23,43212.23,43202.47,43202.48,6.26605,47.94576067680159,0.5370127724745544,-3.222914752309494,3.7599275247840485,14.748544706524813,43206.444716362595,43202.48676962803,13.193378043724806,7.8707517759491346,10.17482607894515,-93.48834037891446,43186.25270904959,43316.76696788325,43205.57495238095,-0.0012427570854591265,43215.38668902186,43208.79,43202.19331097814
2024-02-03 04:27:00,43202.47,43202.48,43202.44,43202.45,1.35701,47.90287516709326,0.4288684122293489,-2.4925581194017257,2.9214265316310746,13.905676777994112,43205.44603727195,43202.4839411951,16.29835648930748,6.677157093386137,9.45090993044913,-134.81224360986894,43189.59169232562,43316.76686264412,43206.248,-0.0009468245495351952,43215.479178244655,43207.33,43199.18082175535
2024-02-03 04:28:00,43202.44,43202.45,43202.44,43202.44,0.53027,47.885742436760665,0.33845481474418193,-1.926355532572544,2.2648103473167263,13.123013701501318,43204.694527953965,43202.48056110318,17.013630544373882,7.026155038883401,8.776559221130961,-108.34115338690603,43192.66355693957,43316.76682151696,43206.51209523809,-0.0007042120828452511,43214.37681527219,43205.87,43197.363184727816
2024-02-03 04:29:00,43202.44,43202.45,43202.4,43202.41,2.02623,47.82416595037783,0.26136775329359807,-1.488810875399316,1.750178628692914,12.400177001019598,43204.12339596548,43202.47513332601,15.656253713706974,6.107623757983157,8.153233562478437,-93.02903686454523,43195.48967238441,43316.76666432381,43206.41142857143,-0.0005065060710457816,43212.230126856855,43204.402,43196.57387314315
2024-02-03 04:30:00,43202.4,43202.41,43194.01,43194.01,14.64712,33.39527432509428,-0.47209211254812544,-1.285467122829078,0.8133750102809525,12.514035296908174,43201.59504697411,43201.82396922401,13.496294323500479,5.584156574057056,8.170859736587223,-149.3769707513151,43227.99,43316.76544455988,43204.83628571429,-0.00038436708240147913,43207.50614716176,43200.75800000001,43194.00985283826
2024-02-03 04:31:00,43194.01,43194.02,43182.8,43182.81,6.12325,22.52280778359419,-1.9348074819354224,-1.4153351946503467,-0.5194722872850757,13.48096879290247,43196.89878523058,43200.36135620678,30.916946948156692,8.888593263540407,8.3886554696877,-202.00553564134643,43227.310399999995,43316.76488811901,43201.65371428571,-0.00036798605145139533,43212.28247347408,43196.824,43181.36552652592
2024-02-03 04:32:00,43182.81,43201.1,43182.8,43201.1,6.89842,52.700097779480636,-1.599729124820442,-1.4522139806843657,-0.14751514413607625,13.595069779291322,43197.949088922935,43200.418174960105,30.197923249856103,8.552388632327622,9.096608650423981,-74.26654048015033,43225.52998399999,43316.76434683424,43201.02771428572,-0.0003397510815804029,43211.652961624925,43196.554,43181.45503837507
2024-02-03 04:33:00,43201.09,43201.1,43201.09,43201.1,1.35202,52.700097779480636,-1.3189728151191957,-1.4255657475713317,0.10659293245213597,13.701020695223828,43198.7368166922,43200.4706230401,29.428438093324075,8.101614118246012,8.447565175393843,8.677545881600857,43223.82078464,43316.76424074854,43200.50542857142,-0.00030412440399006614,43211.00021904666,43196.286,43181.57178095334
2024-02-03 04:34:00,43201.09,43201.1,43201.07,43201.07,4.52435,52.65165952679013,-1.0863691785780247,-1.3577264337726704,0.2713572551946457,13.801133107465349,43199.320112519155,43200.516728960094,28.602627162923454,7.512860099797669,7.846310520008485,27.587581885296753,43222.179953254396,43316.76388565658,43200.15904761904,-0.0002646182304375773,43210.31931358146,43196.018,43181.716686418535
2024-02-03 04:35:00,43201.07,43201.08,43201.03,43201.04,1.86972,52.593651029671534,-0.8941427490499336,-1.2650096968281233,0.3708669477781896,13.897816187980881,43199.750084389365,43200.55698057855,29.22813453807612,6.25099540466553,7.289431197150944,38.168647845322745,43220.60475512422,43316.76373887487,43199.988761904766,-0.0002238293615632592,43212.03806726904,43197.424,43182.80993273096
2024-02-03 04:36:00,43201.03,43201.41,43201.03,43201.4,4.42111,53.33401030656305,-0.7046303868919495,-1.1529338348408884,0.44830344794893895,13.942987801551856,43200.162563292026,43200.62182822635,0.5235651385301026,6.195016024956897,6.795900397354781,45.18640420268378,43219.09256491925,43316.76339287839,43199.867047619045,-0.00018186903491882914,43201.40378256927,43201.14200000001,43200.88021743074
2024-02-03 04:37:00,43201.4,43201.41,43174.55,43174.56,8.46273,22.248201264086873,-2.689204685637378,-1.4601880050001865,-1.2290166806371916,15.932973415440168,43193.76192246902,43198.617072208945,42.55113827652531,9.730145836641027,8.229050368972338,-159.19605269117295,43217.64086232248,43316.762576504705,43196.24619047619,-0.0002619180020143483,43217.109569138265,43195.834,43174.55843086174
2024-02-03 04:38:00,43174.56,43182.17,43174.55,43182.17,5.37551,35.11537400307766,-3.6063588549077394,-1.8894221749816973,-1.7169366799260422,17.78081719976503,43190.86394185177,43197.35191280826,45.71625401049096,10.374404465239358,8.185546771188267,-133.38604875033909,43215.05541058313,43316.76208570109,43193.975047619046,-0.0003853477841422154,43214.90612700524,43192.047999999995,43169.18987299475
2024-02-03 04:39:00,43182.16,43185.61,43181.51,43181.51,6.48265,34.520815953104176,-4.336478402277862,-2.3788334204409303,-1.957644981836932,19.03206332391995,43188.52545638883,43196.13330413071,44.045492946272134,10.631326937831552,7.893722001817573,-77.11413600069992,43212.625085948144,43316.76149091391,43191.87857142857,-0.0005347680272547634,43210.158746473135,43188.136,43166.11325352686
2024-02-03 04:40:00,43181.51,43191.1,43175.27,43191.09,10.32723,49.4336819866217,-4.094874305170379,-2.72204159738682,-1.3728327077835587,20.57400123412571,43189.16659229162,43195.74535765912,37.03680775855901,10.612419622202685,8.460599001687871,-52.198548072962225,43210.34058079126,43316.76061050864,43191.352,-0.0006508237608629353,43204.66440387928,43186.146,43167.62759612072
2024-02-03 04:41:00,43191.1,43193.6,43191.09,43193.59,2.19019,52.80000333408443,-3.6594879122276325,-2.9095308603549825,-0.7499570518726499,21.661620676759668,43190.27244421872,43195.579560916114,27.666210600582417,10.136280339620564,8.035556215853168,5.219763564688584,43208.193145943784,43316.76042750899,43191.26723809524,-0.0007269676228379917,43198.41710530029,43184.583999999995,43170.750894699704
2024-02-03 04:42:00,43193.6,43193.6,43193.59,43193.59,2.11555,52.80000333408443,-3.2766696509497706,-2.98295861847394,-0.2937110324758305,22.671553016348344,43191.10183316404,43195.42651776872,21.717663430259563,9.728183352910449,7.46230220043523,20.75117266517286,43206.17455718716,43316.760250746345,43191.26685714285,-0.000771682112093574,43199.24883171513,43188.39,43177.53116828487
2024-02-03 04:43:00,43193.59,43193.6,43193.59,43193.6,2.41282,52.81809556781329,-2.938602128291677,-2.974087320437488,0.03548519214581081,23.609347331680688,43191.726374873026,43195.28601640189,18.73772688442841,9.234855242508889,6.929994900404288,31.401723754798002,43204.27708375593,43316.76004916259,43191.3520952381,-0.0007918676268002797,43200.044863442214,43190.676,43181.307136557785
2024-02-03 04:44:00,43193.6,43193.6,43193.55,43193.56,5.42037,52.72109464233056,-2.643436950951582,-2.907957246540307,0.26452029558872514,24.483294305248645,43192.18478115477,43195.153245909445,3.9923537814611336,8.644130263884719,6.438566693232241,44.36467157333221,43202.493458730576,43316.75959616254,43191.5159047619,-0.0007933874355957104,43195.082176890726,43193.085999999996,43191.089823109265
2024-02-03 04:45:00,43193.56,43200.15,43193.55,43200.14,3.22096,65.30057213092388,-1.8571572598666535,-2.697797249205576,0.8406399893389227,24.24998292599693,43194.17358586608,43195.53684237795,10.488134660510696,8.527378730845644,6.450097643715549,103.51124834581444,43200.81685120674,43316.75934135378,43192.56133333334,-0.0007510373613867577,43200.14006733025,43194.89599999999,43189.65193266974
2024-02-03 04:46:00,43200.14,43200.15,43185.89,43185.89,7.37698,38.606099993788256,-2.356714114313945,-2.62958062222725,0.2728665079133048,24.70535164070876,43192.10268939956,43194.79477757965,18.059431018380565,7.699085098714995,7.007947812021727,8.178438661729004,43174.55,43316.75868645853,43191.541714285704,-0.0007440791430161149,43202.38571550919,43193.356,43184.32628449081
2024-02-03 04:47:00,43185.89,43185.9,43173.1,43173.11,5.80652,26.81075532343914,-3.740734850827721,-2.851811467947344,-0.8889233828803769,26.004172608298145,43187.354517049665,43193.12671776583,37.002892114556744,8.008082390929037,7.4216658254489545,-159.83423045758198,43200.15,43316.758120647784,43188.962952380956,-0.0008174606847534882,43207.76144605727,43189.259999999995,43170.75855394272
2024-02-03 04:48:00,43173.11,43173.11,43169.26,43169.26,2.96284,24.144044910974074,-5.089574631849246,-3.2993641007277246,-1.790210531121521,27.430776441974444,43182.83088778725,43191.29081639923,47.008311190700624,9.994430906226434,7.1665468379167825,-170.06304370796983,43200.15,43316.75782420054,43186.13742857143,-0.0009573238578252315,43207.89615559535,43184.392,43160.88784440465
2024-02-03 04:49:00,43169.26,43178.41,43169.26,43178.41,5.01895,40.90681583375216,-5.358442555640067,-3.711179791710193,-1.6472627639298745,27.97987505957545,43181.72566584044,43190.299984368525,43.685577037525945,10.246927139729806,7.308222063779973,-92.71395194548352,43198.9144,43316.757353183675,43184.83485714285,-0.0010924768442556127,43203.204788518764,43181.362,43159.51921148124
2024-02-03 04:50:00,43178.4,43178.41,43174.86,43174.86,6.45637,37.09079468765749,-5.791220073653676,-4.12718784809889,-1.6640322255547861,28.489752347347807,43180.009249380324,43189.11229326326,22.502003672285355,10.835009574452974,7.03977763065304,-66.39152698149286,43197.728224,43316.756731725276,43183.274476190476,-0.0012325866306191848,43187.55700183615,43176.306000000004,43165.05499816386
2024-02-03 04:51:00,43174.87,43174.87,43169.51,43169.52,6.3201,31.74529177842325,-6.490276874676056,-4.5998056534143235,-1.8904712212617323,29.33445863299872,43177.38693703524,43187.60519378147,13.720951912153396,11.515278943752206,6.919793514177864,-79.23461878130524,43196.589495039996,43316.75610049531,43181.254857142856,-0.0013917371516986381,43179.892475956076,43173.032,43166.17152404392
2024-02-03 04:52:00,43169.51,43169.52,43161.1,43161.11,3.98688,24.94974350511137,-7.634890871202515,-5.206822696971962,-2.428068174230553,30.627924544126603,43173.31770277643,43185.567101952125,23.47155984280107,12.769521188535194,7.026951120307892,-109.01689865943906,43195.49631523839,43316.755679557704,43178.1619047619,-0.0015921174731474304,43182.3677799214,43170.632,43158.8962200786
2024-02-03 04:53:00,43161.11,43164.94,43161.1,43164.94,6.68044,32.80995343115519,-8.139133850010694,-5.793284927579709,-2.345848922430985,31.829000033031065,43171.223277082325,43183.980401801964,25.231387624982744,12.57932520066956,6.799311754571884,-102.46017221199861,43193.43253632409,43316.754991593174,43175.78019047619,-0.0017910866641737272,43182.38369381249,43169.768,43157.152306187505
2024-02-03 04:54:00,43164.93,43177.57,43164.93,43177.57,4.6148,52.497264601439916,-7.433920983261487,-6.121412138716065,-1.3125088445454223,31.130956974128697,43172.80995781175,43183.48729397105,24.33043085288955,11.191447590713802,7.216503772102422,-2.623855105316773,43191.492584144646,43316.754555892454,43175.24028571429,-0.001919957613891383,43181.76521542644,43169.6,43157.434784573554
2024-02-03 04:55:00,43177.57,43177.57,43168.0,43168.0,4.81298,41.45319156186874,-7.560105535143521,-6.409150818001556,-1.150954717141965,30.482774133719353,43171.60746835881,43182.29596366558,21.943276909631095,7.240607806505463,7.384610645523657,-4.094803354973827,43189.66902909597,43316.75407023964,43173.55314285714,-0.0020358559129581106,43179.19963845482,43168.228,43157.25636154519
2024-02-03 04:56:00,43168.0,43168.01,43168.0,43168.0,1.6043,41.45319156186874,-7.5728130269635585,-6.641883259793957,-0.9309297671696015,29.88089006762496,43170.7056012691,43181.19627415284,21.791132360260235,5.50205580485242,6.857852742272113,-45.7410318708197,43187.954887350206,43316.75390835877,43172.10971428571,-0.0021341105705032708,43178.81956618013,43167.924,43157.02843381987
2024-02-03 04:57:00,43168.01,43168.01,43168.0,43168.01,1.79241,41.471718724794336,-7.495671454715193,-6.812640898778204,-0.6830305559369894,29.321997720537308,43170.031700951826,43180.181945371856,17.199674691597465,5.4672373963385965,6.3687204035385365,-37.266710787393905,43186.343594109196,43316.75372750936,43170.91133333333,-0.0022121129727377463,43177.9038373458,43169.304000000004,43160.704162654205
2024-02-03 04:58:00,43168.0,43168.01,43168.0,43168.0,5.77111,41.45597621080964,-7.3506098644429585,-6.920234691911155,-0.4303751725318037,28.803026255384488,43169.52377571387,43179.24487265095,15.308006058170577,5.499789518545946,5.914526089000215,-25.78940778768549,43184.82897846265,43316.75314518349,43169.95533333334,-0.0022689234217678216,43177.57000302909,43169.916000000005,43162.26199697092
2024-02-03 04:59:00,43168.0,43187.99,43168.0,43187.98,7.52254,69.3506084689929,-5.559343833723688,-6.648056520273662,1.0887126865499743,27.636794395984936,43174.1378317854,43179.91680552396,31.96400290026213,7.5912749090906,6.919917082642911,194.00480618547346,43161.1,43316.75248809106,43171.906761904764,-0.0022143114350832572,43187.98000145013,43171.998,43156.01599854987
2024-02-03 05:00:00,43187.98,43193.55,43187.98,43193.55,4.77085,73.56435945427441,-3.648245446878718,-6.048094305594673,2.3998488587159548,27.042498374955304,43178.99087383905,43180.96551279135,45.15660440333886,10.460676431587519,6.823494433882682,195.7172495553615,43161.6378,43316.75208938715,43174.71666666667,-0.0020578815911149206,43199.68630220167,43177.108,43154.52969779833
2024-02-03 05:01:00,43193.55,43193.55,43193.54,43193.54,5.84072,73.54257674458972,-2.1101684150562505,-5.260509127486989,3.1503407124307383,26.49065206971351,43182.62815537929,43181.93278103817,47.11929720477201,12.260443179371043,6.336816260034064,134.91315136472494,43162.914288,43316.751601237214,43177.45228571429,-0.0018359825634191409,43205.775648602386,43182.216,43158.656351397614
2024-02-03 05:02:00,43193.55,43193.58,43193.54,43193.57,3.70426,73.5707496599702,-0.8786816417996306,-4.384143630349517,3.5054619885498868,25.981040718292512,43185.363616534465,43182.82795172755,39.60854302927328,12.449316993768582,5.8870436700316935,98.47022056712369,43164.13971648,43316.75129172361,43179.99733333334,-0.0015760324841818248,43207.13227151464,43187.328,43167.523728485365
2024-02-03 05:03:00,43193.58,43193.58,43175.46,43175.47,14.68263,41.54323976114047,-1.347702755156206,-3.776855455310855,2.429152700154649,24.796130434161572,43182.890212400845,43182.26195544082,28.065173451323062,11.609209430797875,6.760826265029617,12.830034059786616,43165.9061334912,43316.74988465063,43179.89752380952,-0.001380538812622994,43202.85458672566,43188.822,43174.78941327434
2024-02-03 05:04:00,43175.46,43175.47,43171.1,43171.11,3.77788,36.899882151253564,-2.0476172712660627,-3.4310078185018966,1.3833905472358339,24.07685972851559,43179.94515930064,43181.40411271461,40.089039411832346,11.896615823609265,6.590052960384831,-50.954019393226275,43167.56656548173,43316.74951143873,43179.24438095238,-0.00125365048589864,43205.49251970592,43185.448000000004,43165.40348029409
2024-02-03 05:05:00,43171.11,43189.52,43171.1,43189.52,6.41016,59.71503243432401,-1.1040446867700666,-2.9656151921555307,1.861570505385464,22.695369004823302,43182.338869475476,43182.028411736566,37.94391915696906,11.685920552487245,7.435049177500076,15.532717175237314,43169.12737155282,43316.74895823915,43181.081619047625,-0.0010924646798978561,43203.613959578484,43184.642,43165.670040421515
2024-02-03 05:06:00,43189.51,43189.52,43173.67,43173.67,9.43083,43.47492959876347,-1.6165841754191206,-2.6958089888082486,1.079224813389128,21.412556189966182,43180.17165210661,43181.3854569876,36.317095163598424,11.115445522213749,8.036117093392823,-36.17064102876497,43170.59452925965,43316.748042971696,43180.615047619045,-0.0009847788688123868,43198.8265475818,43180.668,43162.5094524182
2024-02-03 05:07:00,43173.68,43173.68,43173.67,43173.67,1.91204,43.474929598763474,-1.9997238411669969,-2.5565919592799986,0.5568681181130017,20.221372861884568,43178.54623907996,43180.79196029624,26.258680112543516,10.481517926544416,7.462823015293481,-100.98642697096864,43171.1,43316.74785740855,43180.02885714286,-0.0009156389112457187,43189.817340056274,43176.688,43163.55865994373
2024-02-03 05:08:00,43173.68,43189.52,43173.67,43189.51,6.19913,59.374679826370425,-1.0135258717054967,-2.247978741765098,1.2344528700596014,20.427289992342992,43181.28717930997,43181.462578734994,32.93485948292073,9.443092080344144,8.061907085629558,5.881045170478416,43172.4488,43316.74732239221,43181.47152380952,-0.0008018628017694262,43195.96342974146,43179.496,43163.02857025854
2024-02-03 05:09:00,43189.52,43196.56,43189.51,43196.55,4.1518,64.67423580150104,0.33228194907133,-1.7319266035978125,2.0642085526691423,21.08256310381597,43185.102884482476,43182.62314960153,37.096436607738724,10.187902642715388,7.989628008084279,103.46851787227978,43173.67,43316.746983899015,43183.73914285714,-0.0006296639491676813,43203.132218303865,43184.583999999995,43166.035781696126
2024-02-03 05:10:00,43196.55,43207.67,43196.55,43207.66,5.6109,71.67228352403617,2.2691709032515064,-0.9317071022279488,3.2008780054794554,22.322419219826322,43190.74216336186,43184.54906117065,52.83548088994576,12.266270882555352,8.213226007506497,155.37911869791412,43173.67,43316.7465687323,43187.21619047619,-0.0003742443950565711,43214.62974044497,43188.212,43161.79425955503
2024-02-03 05:11:00,43207.67,43209.72,43189.42,43209.72,11.97711,72.86819340506321,3.9251474809861975,0.03966381441488043,3.885483666571317,22.684104293695878,43195.48662252139,43186.48528723445,52.56843349990959,14.220261179946924,9.076567006970526,118.14960527342956,43177.07,43316.74569925714,43190.5901904762,-6.399915915656523e-05,43221.70621674995,43195.422,43169.137783250044
2024-02-03 05:12:00,43209.72,43209.75,43209.71,43209.74,5.07309,72.8815315694829,5.179429443815025,1.0676169402949092,4.111812503520115,23.021830702296565,43199.04996689104,43188.274111293336,32.75224341012654,15.754868602675877,8.431097935044123,114.23682031460983,43180.988,43316.74533105057,43193.569619047616,0.00026985876264369287,43219.01212170507,43202.636000000006,43186.25987829494
2024-02-03 05:13:00,43209.75,43209.75,43209.74,43209.74,1.63921,72.8815315694829,6.103104150373838,2.0747143823106953,4.028389768063143,23.335433795997204,43201.72247516828,43189.92533350154,20.517002711465466,16.0492744456739,7.829590939683975,91.55698412254205,43185.01468,43316.74521207671,43196.15152380952,0.0006046601774032574,43216.94050135573,43206.682,43196.42349864427
2024-02-03 05:14:00,43209.75,43209.75,43209.74,43209.75,1.15866,72.89112693039898,6.758027591124119,3.01137702407338,3.7466505670507386,23.626636668719225,43203.72935637621,43191.450307847575,3.3242202356486814,14.770166673194781,7.271048729706694,73.90436346788013,43188.4776248,43316.74512798918,43198.52752380953,0.0009245680833770256,43210.984110117824,43209.322,43207.659889882176
2024-02-03 05:15:00,43209.74,43216.0,43209.74,43215.99,7.20975,78.56919378231896,7.691907465312397,3.947483112321184,3.744424352991213,24.343026552800648,43206.79451728216,43193.337976474686,10.004073176460224,15.636539123731673,7.198830963299218,84.3711425044659,43191.455757327996,43316.74463527342,43201.58123809524,0.001247164948613148,43215.99003658823,43210.988,43205.98596341177
2024-02-03 05:16:00,43215.99,43234.0,43215.99,43234.0,9.37862,87.57948719280245,9.772617822985922,5.112510054454131,4.66010776853179,26.006253386729963,43213.595887961616,43196.46582443817,37.57940297503956,16.150460646145213,7.971057323063705,163.92859139452878,43195.38283615551,43316.7441089107,43206.82247619048,0.0016367157584126534,43234.63370148752,43215.844,43197.05429851248
2024-02-03 05:17:00,43234.0,43234.03,43229.29,43229.29,9.14585,77.37088191672181,10.915708640844969,6.2731497717322995,4.642558869112669,27.552091816356274,43217.51941597121,43198.99076101986,40.33506474310707,13.233787782243315,7.740267514273294,151.64482249810277,43202.33392564752,43316.743566400466,43211.05066666667,0.0020298718342293197,43239.921532371554,43219.754,43199.58646762845
2024-02-03 05:18:00,43229.29,43229.3,43220.0,43227.59,8.2346,73.65244479995715,11.551284539265907,7.328776725239022,4.222507814026885,27.807284713039717,43220.03706197841,43201.19070247987,36.035977684980026,11.689246774909368,7.851676977539696,80.81493106157149,43208.67314051802,43316.74306845424,43214.539619047624,0.002396885252902443,43241.34198884249,43223.324,43205.30601115751
2024-02-03 05:19:00,43227.58,43227.59,43203.62,43203.63,11.7765,40.62833760912273,10.006265262658417,7.864274432722901,2.1419908299355157,26.40280524932697,43215.9352964838,43201.37834075065,43.887827284488594,10.612182158375584,9.002985764857852,-33.853480292278334,43234.03,43316.74216495713,43214.296,0.0026175625462238825,43244.04391364224,43222.1,43200.156086357754
2024-02-03 05:20:00,43203.62,43203.63,43203.62,43203.63,2.49469,40.62833760912273,8.68174856146652,8.027769258471626,0.6539793029948946,25.09864574730799,43212.858972362854,43201.55154530829,52.92028911328816,11.020554339123812,8.360629638796203,-99.64744169226721,43233.4218,43316.74197356552,43213.918,0.0027256118273904385,43246.08814455665,43219.628000000004,43193.16785544336
2024-02-03 05:21:00,43203.63,43203.63,43183.91,43183.92,9.6206,26.53475717706162,5.972776803420857,7.616770767461473,-1.6439939640406163,24.24211420170766,43205.62422927214,43200.195272592275,67.93125142499048,14.83423353652901,9.17201323602461,-160.47635279076812,43232.825763999994,43316.74110687057,43210.62666666666,0.0026591102980620058,43243.577625712496,43209.612,43175.646374287506
2024-02-03 05:22:00,43183.92,43183.92,43156.73,43156.74,11.65961,16.857822115173875,1.6140920721518341,6.416235028399546,-4.802142956247712,24.848887935903267,43193.40317195411,43196.85255931595,94.61676574815647,23.154837175691167,10.459012290593927,-193.80501467061188,43230.86913343999,43316.7398415582,43203.61371428572,0.0023504355248312896,43242.41038287408,43195.102,43147.79361712592
2024-02-03 05:23:00,43156.73,43156.74,43156.72,43156.72,13.08318,16.852395286193953,-1.8208215158520034,4.7688237195492365,-6.58964523540124,25.412750696288647,43184.23237896558,43193.765439368566,84.1104086371488,28.10725932693308,9.713368555551275,-144.67249211941638,43226.42078543359,43316.73842160496,43196.91019047619,0.0018881255364221821,43222.983204318574,43180.928,43138.872795681425
2024-02-03 05:24:00,43156.72,43156.73,43155.0,43155.01,4.01062,16.31357832051863,-4.627653284056578,2.8895283188280736,-7.517181602884651,26.014682160036482,43176.92678422418,43190.78425172483,77.8589761647745,31.574088465766373,9.143127944440698,-104.57608767702624,43220.8447225989,43316.73798167497,43190.358,0.0013313488584490681,43210.133488082385,43171.204,43132.27451191761
2024-02-03 05:25:00,43155.0,43170.0,43155.0,43169.99,8.73702,37.365443506297574,-5.5790154581773095,1.1958195634269968,-6.774835021604306,25.432848171825665,43175.19258816814,43189.18469389985,44.47308230433555,31.793800168036643,9.561475948409221,-63.969976324281504,43214.26025033901,43316.73711207684,43186.304571428576,0.0008003544957546068,43186.71254115217,43164.476,43142.239458847835
2024-02-03 05:26:00,43170.0,43170.0,43169.99,43170.0,7.67486,37.37806269729282,-6.260008438381192,-0.295346036934641,-5.964662401446551,24.89257375420134,43173.8944411261,43187.70894821525,27.233618227110128,28.702821313717077,8.879227666380137,-37.975593305297025,43208.33422530511,43316.73634825635,43182.63085714286,0.00030792798582903553,43175.30880911355,43161.691999999995,43148.07519088644
2024-02-03 05:27:00,43170.0,43170.0,43169.99,43170.0,2.67709,37.37806269729282,-6.722210819592874,-1.5807189934662877,-5.141491826126586,24.390890366407323,43172.92083084458,43186.346721429465,27.77664647960046,24.503621529321943,8.245711404495987,-25.770712909453685,43203.0008027746,43316.73608182781,43179.33561904762,-0.00013810742028398358,43178.2323232398,43164.344,43150.4556767602
2024-02-03 05:28:00,43170.0,43170.0,43169.99,43170.0,2.7701,37.37806269729282,-7.007728801225312,-2.666120955018093,-4.34160784620722,23.925041506312873,43172.190623133436,43185.08928131951,23.98000386916101,17.874480389126088,7.65744630417499,-11.422553467277261,43198.20072249714,43316.73580614376,43176.41885714286,-0.0005336335876389904,43178.99000193458,43167.0,43155.00999806542
2024-02-03 05:29:00,43169.99,43170.0,43169.99,43169.99,2.18873,37.365054208061196,-7.152362789100152,-3.563369321834505,-3.5889934672656474,23.492467564796602,43171.64046735007,43183.92779814109,0.01815120197716169,14.522127188556237,7.111200139591207,18.436068773880265,43193.880650247425,43316.73558830431,43173.87933333333,-0.000877334805766354,43170.00507560099,43169.996,43169.98692439901
2024-02-03 05:30:00,43170.0,43173.53,43169.99,43173.52,9.85269,45.4125188938201,-6.902576166612562,-4.231210690790117,-2.671365475822445,22.72069400931934,43172.11035051255,43183.12719828409,5.636016451608157,8.974741672602903,6.856114415334754,86.1985347228639,43189.99258522268,43316.734631284715,43172.24857142858,-0.001153877259423173,43173.52000822581,43170.702000000005,43167.8839917742
2024-02-03 05:31:00,43173.53,43187.38,43173.52,43187.38,6.10134,65.996688705258,-5.522571534565941,-4.489482859545282,-1.0330886750206592,21.452377709047905,43175.927762884414,43183.45433687762,26.96228256894392,9.71081214591888,7.356391957096599,164.5640919445895,43155.0,43316.73409600457,43173.041809523806,-0.0013086204682710592,43187.65914128447,43174.178,43160.69685871553
2024-02-03 05:32:00,43187.37,43189.23,43187.37,43189.23,2.38082,67.93347601331863,-4.230857688547985,-4.437757825345822,0.20690013679783714,20.42424572297251,43179.25332216331,43183.89861865627,34.05054609254876,10.910177932703395,6.96379253158974,176.36405494596275,43155.6476,43316.73389011994,43174.48085714286,-0.0013641961810709816,43195.04927304627,43178.024,43160.99872695372
2024-02-03 05:33:00,43189.23,43191.82,43189.22,43191.82,3.04408,70.73396511412535,-2.9640065819694428,-4.143007576670547,1.179000994701104,19.68302528876585,43182.39499162249,43184.50795568271,35.46479777267086,11.376017867089233,6.652093065047511,129.45396943712797,43156.990895999996,43316.733632227195,43176.63057142856,-0.0013365707491146143,43200.120398886334,43182.388,43164.65560111366
2024-02-03 05:34:00,43191.81,43191.82,43191.81,43191.82,6.56912,70.73396511412535,-1.9376815659124986,-3.7019423745189375,1.7642608086064389,18.994749171288237,43184.75124371687,43185.070420630196,27.305085403873818,10.192952099411968,6.177657846115692,99.51851236925302,43159.08064224,43316.73307569868,43178.89276190476,-0.0012517810079446655,43200.40654270194,43186.754,43173.101457298064
2024-02-03 05:35:00,43191.82,43191.82,43191.81,43191.81,2.24249,70.69963605441042,-1.1122966494440334,-3.184013229503957,2.0717165800599235,18.355635633630452,43186.51593278765,43185.58884981249,7.26844417952816,10.528512675624443,5.737110857107574,79.02798179921577,43161.0450037056,43316.73288570335,43181.26609523809,-0.0011299370866574476,43194.04622208976,43190.412,43186.77777791023
2024-02-03 05:36:00,43191.81,43191.82,43191.81,43191.81,5.64676,70.69963605441042,-0.4529518100534915,-2.637800945613864,2.1848491355603725,17.762173062948225,43187.83944959074,43186.06739982692,4.136032006834284,10.356202448485112,5.328031510171464,66.36320540227445,43162.89150348326,43316.73240728326,43183.564285714274,-0.0009862966617625168,43193.36601600341,43191.297999999995,43189.22998399658
2024-02-03 05:37:00,43191.81,43191.82,43191.8,43191.8,2.48011,70.65026070695562,0.06799302775471006,-2.0966421509401494,2.1646351786948594,17.209788234766023,43188.82958719306,43186.50836907101,0.028995594999287277,9.64709260937818,4.948886402301845,56.2517250896483,43164.62721327427,43316.73219714101,43185.52714285715,-0.0008323440508878663,43191.8264977975,43191.812,43191.7975022025
2024-02-03 05:38:00,43191.8,43191.81,43181.1,43181.1,7.22603,37.248603863347164,-0.37819541016506264,-1.7529528027851322,1.3747573926200696,16.53228027902045,43186.8971903948,43186.09234068093,17.13601706395275,8.281887615582793,5.360394516423079,-36.51501635441726,43166.25878047781,43316.73153243782,43185.72923809524,-0.0007248612677113129,43198.236008531974,43189.668,43181.09999146802
2024-02-03 05:39:00,43181.11,43181.11,43162.23,43162.24,6.2706,18.62444349372619,-2.227964751444233,-1.8479551925169526,-0.3800095589272805,17.449191270270425,43180.7328927961,43184.25754524394,46.11055455113819,10.110238003110693,6.326080622392672,-221.66889185578904,43191.82,43316.73087542001,43183.16819047619,-0.0007370057133182692,43206.80727727556,43183.75199999999,43160.696722724424
2024-02-03 05:40:00,43162.23,43162.24,43155.0,43155.01,2.75182,15.141714956336983,-4.228576460416662,-2.3240794460968948,-1.9044970143197668,18.745809093319654,43174.302169597075,43182.00773407133,60.788300529442495,13.591933728695228,6.391360577935907,-189.32863673320787,43191.81,43316.73057359957,43179.71695238096,-0.0008600297141774993,43206.78615026472,43176.392,43145.99784973528
2024-02-03 05:41:00,43155.01,43155.01,43150.01,43150.01,2.35587,13.107612327606802,-6.146678779856302,-3.0885993128487765,-3.0580794670075253,20.232944596267373,43168.22912719781,43179.546369912,63.588745242668665,17.069190739364124,6.291977679511914,-136.11831586424114,43190.3376,43316.7303072191,43175.74180952381,-0.0010729844724160955,43199.82637262133,43168.032,43136.237627378665
2024-02-03 05:42:00,43150.02,43160.1,43142.0,43160.1,11.37945,34.436282303705795,-6.774517591038602,-3.8257829684867417,-2.9487346225518607,22.029004539998873,43166.19684539836,43178.05049530339,42.35557911003707,17.728382023536625,7.135407845260959,-91.03165720267414,43187.917944,43316.72909841596,43173.30238095238,-0.0012893126575657854,43182.86978955502,43161.692,43140.514210444984
2024-02-03 05:43:00,43160.09,43160.1,43155.21,43158.33,3.59649,32.74435451659599,-7.33040819704911,-4.526708014199215,-2.8037001828498944,23.696774487749547,43164.23013404877,43176.53353412621,17.11714584553556,17.728906755306095,6.975021570599421,-60.14013234721172,43184.24450848,43316.728712058764,43170.72123809523,-0.001504096193989775,43165.69657292277,43157.138,43148.57942707723
2024-02-03 05:44:00,43158.34,43158.37,43158.33,43158.37,0.87819,32.83384647506915,-7.679206726577831,-5.157207756674939,-2.521998969902892,25.24541801066089,43162.76510053658,43175.13633919343,14.316815634883824,17.008958955463708,6.479662886985239,-48.19269310203866,43180.8649478016,43316.728617742265,43168.25647619047,-0.0017055018162230862,43163.52240781744,43156.364,43149.20559218256
2024-02-03 05:45:00,43158.37,43160.1,43158.36,43160.09,4.14667,37.14919441042822,-7.727761623209517,-5.671318529981855,-2.056443093227662,26.420863629469313,43162.09632540243,43173.97892848624,15.06699525086151,15.381582936984373,6.14111553791472,-31.944934698248677,43177.75575197747,43316.72817723378,43166.16533333334,-0.0018781853081510519,43164.91349762543,43157.38,43149.84650237457
2024-02-03 05:46:00,43160.09,43160.1,43160.09,43160.1,1.16737,37.17735452125187,-7.67693982856872,-6.072442789699229,-1.604497038869491,27.512348846934277,43161.59724405182,43172.91131860269,3.4231508617667714,12.708830931959666,5.7031787137781,-12.396272491966293,43174.89529181927,43316.728053230254,43164.33542857142,-0.002020497143963777,43161.109575430884,43159.398,43157.68642456912
2024-02-03 05:47:00,43160.09,43160.1,43160.09,43160.1,2.7443,37.17735452125187,-7.549635689414572,-6.367881369642298,-1.1817543197722742,28.525870834580314,43161.222933038865,43171.92583255633,3.4231508617667714,8.010003835498354,5.296523091365524,32.12869818493906,43172.26366847373,43316.72776171858,43162.78295238095,-0.002132404103932415,43161.109575430884,43159.398,43157.68642456912
2024-02-03 05:48:00,43160.09,43191.1,43160.09,43191.1,8.78391,79.05968718234148,-4.890925771971524,-6.072490250108144,1.18156447813662,27.167561440550454,43168.69219977915,43173.40076851354,50.367083314442425,10.947051622212648,7.133200013410989,296.8253968253402,43142.0,43316.72701333246,43165.6659047619,-0.002074758221858095,43191.135541657226,43165.952000000005,43140.76845834278
2024-02-03 05:49:00,43191.09,43195.9,43191.09,43195.89,2.05928,81.36343801406666,-2.3700456284204847,-5.332001325770612,2.9619556973501275,26.273653865303746,43175.49164983437,43175.13070939712,65.72696257512143,15.435907643043665,6.967257155310557,193.28146597684034,43142.982,43316.72684457343,43169.19438095238,-0.0018802754845019343,43206.31948128756,43173.456,43140.59251871244
2024-02-03 05:50:00,43195.9,43195.9,43167.37,43167.38,16.54575,45.56211085777272,-2.642290010211582,-4.794059062658806,2.151769052447224,25.252215161089847,43173.46373737577,43174.53450098196,61.90701421731501,15.045096701609207,8.50745307278829,58.49003466200744,43145.09872,43316.72516874615,43168.882666666665,-0.0017277542387409384,43205.86750710866,43174.914000000004,43143.96049289135
2024-02-03 05:51:00,43167.38,43172.02,43167.37,43172.01,8.15022,49.86149485943723,-2.456130594116985,-4.326473368950442,1.870342774833457,24.303736364319796,43173.10030303183,43174.34030859874,55.37533033060026,13.995103956528654,8.231920710445854,11.101078817461772,43147.130771200005,43316.72436886081,43169.420952380955,-0.0015855818685260447,43204.983665165295,43177.295999999995,43149.608334834695
2024-02-03 05:52:00,43172.02,43189.99,43172.01,43189.07,5.95019,62.83856644294296,-0.9213774265954271,-3.645454180479439,2.724076753884012,23.06792373947136,43177.09272727388,43175.47336178346,45.01843117024691,15.056449495543326,8.92821208827086,73.67741451149082,43149.081540352,43316.72385373998,43172.422380952376,-0.0013761864411761802,43205.59921558512,43183.09,43160.58078441487
2024-02-03 05:53:00,43189.07,43189.08,43172.63,43183.64,5.08356,57.18539101486707,-0.1415978517397889,-2.9446829147315094,2.8030850629917206,21.920383444969243,43178.72954545541,43176.10156472319,42.26934824527416,14.768960892648538,9.465482653394682,49.04362776703646,43150.954278737925,43316.723394928355,43174.6239047619,-0.0011526245761562888,43202.732674122635,43181.598,43160.46332587736
2024-02-03 05:54:00,43183.64,43183.68,43183.64,43183.67,1.14855,57.21091226196598,0.4733473747401149,-2.261076856837185,2.7344242315772997,20.854810314360133,43179.96465909156,43176.68375205218,32.422673689274234,13.982877833535067,8.79223389243798,51.13146101820595,43152.75210758841,43316.723291290924,43176.62561904761,-0.0009267901994428776,43195.36533684463,43179.153999999995,43162.94266315536
2024-02-03 05:55:00,43183.68,43183.68,43183.67,43183.68,1.32172,57.22111224361888,0.9505455165708554,-1.618752382155577,2.5692978987264325,19.8653495502231,43180.89349431867,43177.22192497124,22.4306149949698,12.890579861551783,8.164931471549698,40.626680529187745,43154.47802328487,43316.72317203697,43178.35571428571,-0.0007072812209194658,43193.62930749749,43182.414000000004,43171.19869250252
2024-02-03 05:56:00,43183.68,43183.68,43177.48,43177.48,6.98696,48.60147905543429,0.8189993824853445,-1.1312020292273928,1.9502014117127373,18.502651358038992,43180.040120739,43177.24177689654,14.680148535218905,11.165804755072717,8.024579223581656,-33.23406089573657,43156.13490235348,43316.72251225495,43178.93847619047,-0.0005281060763777506,43190.848074267604,43183.507999999994,43176.167925732385
2024-02-03 05:57:00,43177.48,43177.49,43177.48,43177.48,1.40644,48.60147905543428,0.7066028457265929,-0.7636410542365957,1.4702438999631886,17.23728875101089,43179.400090554256,43177.26010175065,12.116921436303528,8.744758445351591,7.4521092790397345,-54.90367775835665,43157.72550625934,43316.722379444895,43179.35571428571,-0.00038261960052756437,43187.248460718154,43181.19,43175.13153928185
2024-02-03 05:58:00,43177.49,43177.49,43177.43,43177.43,2.19412,48.51660719561355,0.6065018229637644,-0.48961247879652364,1.0961143017602881,16.067139009178494,43178.90756791569,43177.273170846755,12.172554421122186,8.242523969198709,6.924101473393873,-38.239911126186165,43159.25248600897,43316.722172180365,43179.58390476191,-0.0002654326094223645,43186.03427721056,43179.948,43173.861722789436
2024-02-03 05:59:00,43177.44,43177.44,43173.94,43173.94,3.75144,42.325690582430255,0.24275883562950185,-0.34313821591131854,0.5858970515408204,15.32569681232716,43177.66567593677,43177.016773089315,12.59989369797404,6.510152434683741,6.679522796722883,-75.36758032306558,43160.71838656861,43316.72180892827,43179.16523809524,-0.0001875086061368674,43184.30194684899,43178.002,43171.70205315101
2024-02-03 06:00:00,43173.95,43173.95,43153.68,43153.69,13.5889,22.412625508821236,-1.6603760841971962,-0.6065857895684941,-1.053790294628702,16.210385496733313,43171.67175695258,43175.2224059286,37.03253933231463,9.756561851975059,7.650271168385305,-241.90012180274803,43195.9,43316.72030651712,43175.914666666664,-0.0002304726549208204,43190.52026966616,43172.004,43153.48773033384
2024-02-03 06:01:00,43153.69,43173.94,43153.68,43173.93,12.92528,50.40083649003111,-1.5179276472044876,-0.7888541610956928,-0.7290734861087947,17.031882132253312,43172.236317714436,43175.12299008794,35.7666974911408,9.661309392149231,8.550966084929357,-104.53013692796584,43195.0556,43316.719054912886,43175.42380952381,-0.0002605692899347983,43189.17734874558,43171.29400000001,43153.41065125444
2024-02-03 06:02:00,43173.94,43183.35,43173.93,43183.34,3.79805,58.710510040704214,-0.6383691550072399,-0.7587571598780023,0.1203880048707624,16.775416783159237,43175.012238285824,43175.75506777348,39.98957075767976,9.042436757086122,8.613039936005707,48.45885938175962,43194.228087999996,43316.71871137429,43176.055904761895,-0.00023767653899238792,43192.46078537884,43172.466,43152.47121462116
2024-02-03 06:03:00,43183.34,43191.1,43183.34,43191.1,4.36573,64.58244842024271,0.6770498249752563,-0.4715957629073506,1.148645587882607,15.806644426308214,43179.03417871437,43176.93544717553,50.11826598449261,9.93094178443646,8.552108512005445,131.43909928349862,43193.41712624,43316.718339464904,43177.796571428575,-0.00014470087037122525,43200.25913299224,43175.2,43150.14086700775
2024-02-03 06:04:00,43191.09,43191.1,43190.78,43190.79,5.52704,64.14514089251676,1.6752037286714767,-0.042235864591585126,1.717439593263062,14.907070094946548,43181.973134035776,43178.001182008185,55.70281667188101,10.646044870766964,7.964100761147892,136.7369965023162,43192.6223837152,43316.71786746665,43179.541523809516,-9.889458828862413e-06,43206.42140833594,43178.57,43150.71859166406
2024-02-03 06:05:00,43190.78,43190.79,43190.78,43190.78,3.69659,64.12833188997041,2.437344778823899,0.45368026409151174,1.9836645147323875,14.07175107296786,43184.17485052683,43178.984168007555,26.806701418419834,11.264537483694342,7.395950706780331,101.76359524451195,43191.8435360409,43316.7175517621,43181.06219047619,0.0001471299199474159,43199.39135070921,43185.988,43172.58464929079
2024-02-03 06:06:00,43190.78,43190.79,43184.87,43184.87,7.97873,54.078251266173815,2.5352348348751548,0.8699911782482403,1.6652436566269144,13.842862422974266,43184.34863789513,43179.436924314665,13.443821215128992,11.395674873847167,7.290525656295897,55.31442143770956,43191.1,43316.71683837261,43181.616095238096,0.000285257436390125,43194.897910607564,43188.176,43181.454089392435
2024-02-03 06:07:00,43184.88,43184.88,43180.0,43180.0,5.27512,46.82228965608382,2.1945477296758327,1.1349024885337589,1.0596452411420738,14.047851874096096,43183.261478421344,43179.480237828924,17.68244895047974,11.368097722559872,7.118345252274574,11.504658887195966,43190.79,43316.71634929964,43181.560666666664,0.00038220597804005106,43196.349224475234,43187.507999999994,43178.666775524754
2024-02-03 06:08:00,43180.01,43180.01,43180.0,43180.0,1.73109,46.82228965608382,1.9026185420734691,1.2884456992417008,0.6141728428317683,14.238199221566367,43182.44610881601,43179.520219534395,19.310901609191205,11.332863923906523,6.610606305683679,-6.143409624087926,43190.79,43316.71618880561,43181.5399047619,0.0004466553056522868,43194.943450804596,43185.288,43175.632549195405
2024-02-03 06:09:00,43180.01,43191.1,43180.0,43182.02,10.27088,50.76782770659554,1.8133564316449338,1.3934278457223475,0.4199285859225863,13.258162629526188,43182.339581612,43179.71251033944,16.155237200917327,11.119499201542558,6.931277283849027,12.157994981309928,43153.68,43316.71525064165,43181.82342857143,0.0004948285306592419,43191.61161860046,43183.534,43175.45638139954
2024-02-03 06:10:00,43182.01,43182.02,43180.0,43180.01,5.1707,46.63616057791977,1.5624148188435356,1.4272252403465853,0.13518957849695035,12.348128651203165,43181.757186209004,43179.735394159485,7.647301817589323,5.734126324674857,6.580471763573867,-72.00355322442729,43154.4284,43316.71477129601,43181.85476190476,0.0005199691538605504,43185.20365090879,43181.38,43177.5563490912
2024-02-03 06:11:00,43180.0,43180.04,43180.0,43180.04,4.98333,46.7138313607408,1.3503960074594943,1.4118593937691672,-0.06146338630967296,11.503097099903217,43181.32788965676,43179.75882537799,3.212526905888808,4.83421661296055,6.113295209032939,-82.41994231207183,43155.161832,43316.714309424904,43181.865999999995,0.0005277196765503797,43182.02026345295,43180.414000000004,43178.80773654706
2024-02-03 06:12:00,43180.03,43180.04,43180.03,43180.03,2.59071,46.68665049271323,1.168097554014821,1.363107025818298,-0.19500947180347694,10.718424945124692,43181.003417242566,43179.779684964305,3.2004913874116028,5.016743547121576,5.6773455512450175,-67.66534035925842,43155.880595359995,43316.714069293215,43181.85152380953,0.0005224113116738762,43182.020245693704,43180.42,43178.81975430629
2024-02-03 06:13:00,43180.03,43180.04,43180.03,43180.03,2.46888,46.68665049271323,1.01195947733504,1.2928775161216466,-0.2809180387866066,9.989800801401776,43180.76006293192,43179.798939967055,3.1882297785195988,4.4573137449532725,5.272535154727662,-57.93269230784644,43156.5849834528,43316.71384045467,43181.81228571429,0.0005075623669983393,43182.02011488926,43180.426,43178.83188511074
2024-02-03 06:14:00,43180.04,43180.04,43180.03,43180.03,2.49246,46.68665049271323,0.87809677363839,1.2099213676249954,-0.33182459398660535,9.313221239373354,43180.57754719894,43179.816713815744,0.03848550206748769,3.532240277751227,4.896639786532974,-53.65755627022679,43157.27528378374,43316.71360943129,43181.71504761905,0.00048596877644909456,43180.04724275103,43180.028,43180.008757248965
2024-02-03 06:15:00,43180.04,43189.84,43180.03,43189.84,3.81906,73.1601287960208,1.5457758887059754,1.2770922718411915,0.2686836168647839,9.886538557253889,43182.8931603992,43180.58773582992,15.692005896911724,3.268836225468485,5.247594087494739,188.0273972604584,43157.951778108065,43316.713280854245,43182.674952380956,0.0005042103888872539,43189.840002948455,43181.994,43174.14799705154
2024-02-03 06:16:00,43189.84,43189.84,43180.0,43189.5,7.6831,71.6797840004908,2.0241481197299436,1.426503441418942,0.5976446783110017,10.41423497248181,43184.5448702994,43181.27329461224,18.895358398454846,4.012970670322104,5.575623081244865,117.21938775505251,43158.614742545906,43316.71261806399,43183.438,0.0005458311988639151,43193.333679199226,43183.886,43174.43832080077
2024-02-03 06:17:00,43189.5,43189.56,43189.49,43189.56,2.89433,71.80061590539232,2.380660287970386,1.617334810729231,0.7633254772411551,10.90423878662202,43185.79865272455,43181.91073348823,18.824211031096638,4.547058174513774,5.182364289727354,132.62821488352938,43159.264447694986,43316.712368501285,43184.15038095238,0.0006005305159354799,43195.20410551555,43185.792,43176.37989448445
2024-02-03 06:18:00,43189.55,43189.56,43189.55,43189.55,2.74605,71.73939880020171,2.6320511857338715,1.820278085730159,0.8117731000037125,11.359242328323646,43186.736489543415,43182.49836937375,15.339413576817606,4.817091011940078,4.8129096976035965,101.20137299774859,43159.901158741086,43316.71213170627,43184.8760952381,0.0006604222350663303,43195.365706788405,43187.695999999996,43180.02629321159
2024-02-03 06:19:00,43189.55,43189.56,43189.48,43189.49,2.80963,71.3016983527233,2.794228656224732,2.0150681998290736,0.7791604563956582,11.768166547668207,43187.42486715756,43183.03618711424,0.5155587438639486,5.039483685365444,4.474844719202944,79.32060301518784,43160.52513556626,43316.711889315266,43185.605619047616,0.0007196570359942571,43189.845779371935,43189.588,43189.33022062807
2024-02-03 06:20:00,43189.49,43189.49,43183.01,43183.01,2.43212,39.81727295807899,2.3725246384419734,2.0865594875516535,0.2859651508903198,10.985922808539868,43186.321150368174,43183.03417272084,10.424565260167583,4.806009690741325,4.618070096402443,-0.7636493397268223,43161.136632854934,43316.711668806165,43185.48342857144,0.0007451893800401386,43193.43428263008,43188.221999999994,43183.00971736991
2024-02-03 06:21:00,43183.02,43189.49,43183.01,43189.49,5.04414,60.66178687442953,2.5320155118242837,2.1756506924061796,0.35636481941810416,10.259553622206413,43187.11336277613,43183.53077481924,10.42065376372193,4.624411221405198,4.7510650895162625,30.635938312073787,43161.73590019783,43316.71123364443,43186.24295238095,0.0007749021041587202,43193.43032688186,43188.22,43183.00967311814
2024-02-03 06:22:00,43189.48,43189.49,43189.48,43189.48,1.77879,60.622903595335885,2.6273201503863675,2.2659845840022173,0.3613355663841502,9.585067949182488,43187.7050220821,43183.98840752546,10.388470958903781,4.203228418943885,4.4124175831218695,71.94655083578719,43162.323182193875,43316.71108017553,43186.91076190477,0.0008045793822046673,43193.39823547946,43188.204000000005,43183.00976452055
2024-02-03 06:23:00,43189.49,43198.19,43189.48,43198.18,5.65763,76.40943080096969,3.3660651503887493,2.4860006972795237,0.8800644531092257,10.299106198561175,43190.323766561574,43185.08006848504,19.311226393139805,4.743955361266111,4.719387755755959,204.92916747518382,43162.89871855,43316.71062543143,43188.64828571429,0.0008707374965803722,43199.58561319658,43189.93000000001,43180.27438680344
2024-02-03 06:24:00,43198.19,43201.1,43198.18,43201.1,7.79593,79.68901472991406,4.139428724178288,2.8166863026592766,1.3227424215190111,11.328630218793384,43193.01782492118,43186.31237090927,26.17818711695145,5.076971999680974,4.590860058916123,198.86406098193794,43164.310369808,43316.7100142591,43190.62123809524,0.0009699974533088441,43205.341093558476,43192.252,43179.162906441525
2024-02-03 06:25:00,43201.09,43201.13,43201.09,43201.13,5.3655,79.72376732540172,4.700560541539744,3.19346115043537,1.507099391104374,12.288423376903173,43195.04586869089,43187.452188531635,21.308620054100174,5.984350815430141,4.265798626136462,132.76772850972085,43166.517747619524,43316.70959373648,43192.39733333334,0.0010854070061770591,43206.53031002705,43195.876,43185.22168997295
2024-02-03 06:26:00,43201.12,43201.56,43201.12,43201.56,3.02842,80.30342995915588,5.120928084594198,3.578954537267136,1.5419735473270615,13.237741468313825,43196.67440151817,43188.53740479844,18.267591645591892,6.597385442621281,3.9925272956977897,98.08732669167708,43169.28672780996,43316.709357267566,43194.029904761905,0.0012064992988511656,43207.42379582279,43198.28999999999,43189.1562041772
2024-02-03 06:27:00,43201.56,43202.0,43186.0,43186.0,4.55496,35.82741365875917,4.15066415866022,3.693296461545753,0.4573676971144671,13.070143134725297,43194.00580113863,43188.342219813945,23.683830951806158,6.907677629647515,4.850203917433662,-25.77917518848506,43172.514055028965,43316.708953542766,43193.382761904766,0.0012534588390603245,43209.4359154759,43197.594,43185.752084524094
2024-02-03 06:28:00,43186.01,43186.01,43181.1,43181.11,6.36086,29.637154847357493,2.953099382975779,3.5452570458317583,-0.5921576628559793,13.500269632178927,43190.78185085397,43187.78589521287,35.254075858931174,7.817966858028126,4.854475066188649,-109.180902202624,43176.05236842549,43316.70836866584,43192.026761904766,0.001224173236876647,43211.807037929466,43194.18,43176.552962070535
2024-02-03 06:29:00,43181.1,43181.11,43181.1,43181.11,2.55507,29.637154847357493,1.9811828278616304,3.232442202237733,-1.2512593743761027,13.899672808385871,43188.36388814048,43187.272364811884,37.15520153088437,8.539300076454682,4.5084411328896055,-114.5928322168449,43179.16608421443,43316.70813373024,43190.660476190475,0.001142678964598052,43208.759600765436,43190.18199999999,43171.60439923455
2024-02-03 06:30:00,43181.1,43181.11,43171.1,43171.1,10.38705,19.636245165382192,0.398613642762939,2.6656764903427743,-2.2670628475798353,15.304206597004484,43184.04791610536,43186.028336749434,39.81207466336491,10.431953275041865,4.901409623397636,-138.66964117386996,43202.0,43316.70710815775,43188.04266666667,0.0009822071796442595,43204.08203733168,43184.176,43164.26996266832
2024-02-03 06:31:00,43171.1,43171.11,43165.0,43165.01,4.70001,15.754893961460525,-1.3316455608655815,1.866212080101103,-3.1978576409666846,17.10737295847847,43179.28843707902,43184.41154161486,30.63407268456649,13.102233746198115,4.987737507440704,-133.2731932818277,43201.382,43316.7066246948,43184.788095238095,0.0007462627203662023,43192.183036342285,43176.866,43161.54896365772
2024-02-03 06:32:00,43165.0,43180.08,43165.0,43180.08,5.45335,46.91385149119768,-1.469921055890154,1.1989854529028516,-2.6689065087930057,17.348761045211578,43179.48632780927,43184.07834610603,26.116971518204082,13.286514308733437,5.7086133997664925,-66.15328581088583,43199.926719999996,43316.70611947051,43183.776666666665,0.0005365984886637458,43188.7404857591,43175.682,43162.6235142409
2024-02-03 06:33:00,43180.08,43180.08,43180.07,43180.07,4.95593,46.90003876403387,-1.562303041377163,0.6467277540468487,-2.209030795424012,17.572907125749463,43179.63224585695,43183.77001179018,25.470302889632876,12.762387500145358,5.301569585497603,-26.441086347324443,43198.5296512,43316.70566029921,43182.85409523809,0.00035245522165783775,43188.20915144482,43175.474,43162.738848555186
2024-02-03 06:34:00,43180.07,43180.08,43180.07,43180.07,2.51541,46.90003876403388,-1.6168780665757367,0.1940065899223316,-1.8108846564980683,17.781042771963218,43179.74168439271,43183.485395498625,24.778862146937172,11.4479461641333,4.923600329390777,-13.531494795503777,43197.188465152,43316.705427245426,43182.02123809524,0.00019263254523008377,43187.65543107347,43175.266,43162.876568926535
2024-02-03 06:35:00,43180.07,43197.67,43180.07,43197.67,7.05153,69.5910822618203,-0.23722171234112466,0.10776092946964036,-0.344982641810765,17.276965353130517,43184.22376329453,43184.57651892181,41.3864976184268,10.86740366826661,5.829057448719904,134.83633495459,43165.0,43316.704858076955,43183.56304761905,0.00013519310358152436,43201.273248809215,43180.58,43159.88675119079
2024-02-03 06:36:00,43197.67,43197.67,43197.66,43197.67,1.84346,69.5910822618203,0.8464090120614856,0.2554905459880094,0.5909184660734761,16.80889346421444,43187.5853224709,43185.58370977398,34.482285900216084,10.150463002094925,5.413410488096679,171.99030433613856,43165.6534,43316.70470928188,43185.026952380955,0.0001485458469915129,43204.35314295011,43187.112,43169.87085704989
2024-02-03 06:37:00,43197.67,43222.75,43197.66,43220.13,20.79496,82.96678259098839,3.4774426677904557,0.8998809703484987,2.577561697441957,18.286612709295785,43195.721491853175,43188.241116714446,59.10018782237603,15.809452736042234,6.818881167518096,176.03419187950712,43166.293732000006,43316.703347536,43189.407523809525,0.00031003934317966575,43224.672093911184,43195.121999999996,43165.57190608881
2024-02-03 06:38:00,43220.14,43220.14,43194.0,43194.01,12.18812,51.40931925541314,3.415518122645153,1.4030084008078298,2.0125097218373234,19.216737343866573,43195.29361888988,43188.684876967185,51.4530988818733,15.946035948658174,8.198961084123905,81.68368063986097,43168.551982720004,43316.702333557565,43190.09638095238,0.0004450969484112465,43223.63654944093,43197.909999999996,43172.18345055906
2024-02-03 06:39:00,43194.0,43197.83,43192.45,43192.46,4.75774,50.05359038514635,3.2044317340260022,1.7632930674514644,1.4411386665745378,19.891766768198096,43194.58521416741,43188.975271046635,40.32085961962002,15.90846529455302,7.99760672097253,28.265200305636814,43170.719903411205,43316.701932746335,43190.646095238095,0.0005487611403108723,43220.54842980981,43200.388,43180.22757019019
2024-02-03 06:40:00,43192.46,43192.46,43192.45,43192.46,4.05398,50.05359038514635,3.0025329197669635,2.0111410379145642,0.9913918818523992,20.518579805077366,43194.05391062556,43189.24332711997,42.25978713268705,14.809008565334299,7.427063383760351,3.6800798439307063,43172.801107274754,43316.70159122472,43191.27838095238,0.0006258676253820277,43220.47589356635,43199.346000000005,43178.21610643366
2024-02-03 06:41:00,43192.45,43196.73,43192.45,43196.73,4.19288,54.78383288289087,3.1507599693359225,2.2390648241988362,0.9116951451370863,21.40829215610624,43194.72293296917,43189.81922503382,42.40559444820974,12.001318687296848,7.2022731420636195,10.155839407752715,43174.799062983766,43316.70125014336,43192.566666666666,0.0006999581796520429,43220.3607972241,43199.157999999996,43177.95520277589
2024-02-03 06:42:00,43196.73,43196.76,43196.72,43196.76,3.34072,54.81990742880972,3.2333793390062056,2.4379277271603104,0.7954516118458952,22.236639963113845,43195.23219972688,43190.353130800446,7.723730229670764,11.111406611930908,6.690682203344852,7.817123623936984,43176.71710046442,43316.70097845263,43193.75676190476,0.0007676125955935432,43198.34586511483,43194.484,43190.62213488516
2024-02-03 06:43:00,43196.76,43206.0,43196.75,43205.99,4.87993,65.09994920068229,3.997558282884711,2.7498538383051905,1.2477044445795205,23.63532602045402,43197.92164979516,43191.55596689272,19.76678285865637,10.285228091188138,6.8734906173916475,55.45458870532277,43178.55841644584,43316.700612125554,43196.02847619048,0.0008682914316210538,43206.76339142933,43196.880000000005,43186.99660857068
2024-02-03 06:44:00,43206.0,43206.0,43205.99,43205.99,2.20066,65.09994920068229,4.550717759906547,3.110026622625462,1.4406911372810853,24.934105930841326,43199.93873734637,43192.66627713174,21.8317422230175,8.554446614471768,6.3832412875781035,71.43073589784949,43180.32607978801,43316.70044692699,43198.063238095245,0.0009850702224879473,43210.501871111504,43199.585999999996,43188.67012888849
2024-02-03 06:45:00,43206.0,43206.0,43205.99,43205.99,2.42007,65.09994920068229,4.932244783100032,3.474470254720376,1.4577745283796557,26.14011584762954,43201.45155300978,43193.69117889084,18.116464346079738,8.70729127350984,5.928009767036956,57.27761245773587,43182.02303659649,43316.70026525837,43199.765714285706,0.0011056909337715183,43211.35023217304,43202.292,43193.23376782696
2024-02-03 06:46:00,43205.99,43206.0,43201.85,43201.86,7.34206,55.36039589422152,4.845495359310007,3.748675275638303,1.0968200836717044,26.56539900678913,43201.55366475733,43194.31954974539,14.593353294199915,8.639471189347695,5.801009069391563,46.702639997289225,43183.65211513263,43316.69969355162,43200.52723809523,0.0012028634187819867,43210.61467664709,43203.31799999999,43196.02132335289
2024-02-03 06:47:00,43201.86,43202.09,43201.85,43202.08,2.94841,55.783258227417825,4.739859823748702,3.946912185260383,0.7929476384883194,26.960304797437317,43201.685248568,43194.91650745729,7.88246917752258,5.607388101957215,5.403794135863449,30.77513293601409,43185.21603052733,43316.699464408164,43201.11066666667,0.0012787965315798938,43208.32323458876,43204.382,43200.44076541124
2024-02-03 06:48:00,43202.08,43202.09,43202.08,43202.08,1.91365,55.783258227417825,4.603081443194242,4.078146036847155,0.5249354063470868,27.327003031610626,43201.783936426,43195.46754534519,7.812314916867763,5.313195333963184,5.018523126158542,22.582059634176087,43186.717389306235,43316.6993156843,43201.484476190475,0.0013347395881785516,43207.50615745843,43203.6,43199.693842541565
2024-02-03 06:49:00,43202.08,43202.09,43202.07,43202.07,1.96436,55.7486919062929,4.442664404952666,4.151049710468257,0.2916146944844087,27.665557165780687,43201.8554523195,43195.97542647249,6.3568803973612376,4.566249273932933,4.661485760004132,6.723790644958231,43188.15869373399,43316.69916300647,43201.647333333334,0.0013722341769757578,43205.99444019868,43202.816,43199.63755980132
2024-02-03 06:50:00,43202.07,43202.08,43202.05,43202.06,1.55734,55.70726882551053,4.26555516524968,4.173950801424542,0.09160436382513737,27.9757286534204,43201.906589239625,43196.44347058999,0.34121021708415356,3.3792256157444753,4.330665348575183,-19.257759148705208,43189.54234598463,43316.69904195357,43201.76695238095,0.0013930326845878942,43202.20060510854,43202.03,43201.85939489146
2024-02-03 06:51:00,43202.05,43202.06,43202.05,43202.05,1.32904,55.65764231195914,4.077386328841385,4.154637906907911,-0.07725157806652572,28.263745034800134,43201.942441929714,43196.87474208307,0.04604792060854379,2.7979915781861178,4.022046395105153,-57.62318840571479,43190.87065214524,43316.69893863775,43201.843428571425,0.0013989860049255206,43202.0910239603,43202.068,43202.044976039695
2024-02-03 06:52:00,43202.05,43202.06,43192.45,43192.46,6.54368,27.48276042193916,3.1184804162185173,3.947406408770032,-0.8289259925515147,26.658264295457904,43199.57183144728,43196.53514653822,15.368050249613589,3.9175334056040616,4.421185938311969,-245.86507072926148,43192.14582605943,43316.69838740349,43200.81342857143,0.0013486392657831544,43207.82802512481,43200.144,43192.45997487519
2024-02-03 06:53:00,43192.45,43194.09,43192.45,43194.08,7.01371,34.23164402471063,2.460893385919917,3.6501038042000093,-1.1892104182800924,25.167460751782976,43198.19887358547,43196.3462891122,17.34628976258682,4.434833854946296,4.222529799861072,-174.92368076786147,43222.75,43316.69780428373,43200.01419047619,0.0012674326794621666,43207.2171448813,43198.54400000001,43189.870855118716
2024-02-03 06:54:00,43194.09,43194.09,43194.08,43194.08,2.67039,34.23164402471063,1.9176455030828947,3.3036121439765864,-1.3859666408936917,23.7831431755134,43197.1691551891,43196.1719591805,16.85285995255981,4.564674649735049,3.9216348141563357,-106.58006814311389,43222.144,43316.69758226899,43199.199523809526,0.0011665675371227778,43205.37242997628,43196.946,43188.519570023724
2024-02-03 06:55:00,43194.09,43194.09,43194.04,43194.04,6.73918,34.11874474073478,1.466979549259122,2.9362856250330935,-1.4693060757739715,22.489902695063655,43196.386866391826,43196.007962320466,13.645062133742613,4.346690208961534,3.645089470287714,-79.85108449331906,43221.55012,43316.69702179813,43198.3640952381,0.0010544083784208248,43202.164531066875,43195.342000000004,43188.51946893313
2024-02-03 06:56:00,43194.04,43194.05,43194.04,43194.05,0.98264,34.18386514069857,1.097973693140375,2.56862323865455,-1.470649545514175,21.289036534646037,43195.80264979387,43195.85734983428,2.5647847252112115,4.414144587768476,3.3854402224101654,-63.98460057753403,43220.9681176,43316.69694008295,43197.55561904762,0.0009374889834170869,43195.024392362604,43193.742,43192.45960763739
2024-02-03 06:57:00,43194.05,43194.05,43191.66,43191.67,5.43221,26.658209072512875,0.606496470332786,2.1761978849901973,-1.5697014146574113,19.86493596296064,43194.7694873454,43195.53524600087,3.8285256551171187,4.54569200213137,3.314337349380826,-78.06770582992594,43220.397755248,43316.69647958272,43196.455619047614,0.0008098120876931704,43195.49826282756,43193.584,43191.669737172444
2024-02-03 06:58:00,43191.66,43191.67,43191.66,43191.66,1.85681,26.628650962984693,0.21372660664201248,1.7837036293205606,-1.569977022678548,18.542556860681344,43193.992115509056,43195.23715015465,4.686997408571187,4.409423772291739,3.0783132529961073,-87.29532286501832,43219.24824503808,43316.696322165095,43195.49066666667,0.0006787883612818586,43195.44349870429,43193.100000000006,43190.75650129572
2024-02-03 06:59:00,43191.66,43191.67,43191.66,43191.67,0.92107,26.726144533068947,-0.09563698008423671,1.4078355074396012,-1.5034724875238379,17.314633408564855,43193.41158663179,43194.96275398891,4.660596606016043,3.977335261783541,2.8591480206388686,-89.79860796502565,43218.14471523656,43316.69624408453,43194.663523809526,0.0005498722610392425,43194.94829830301,43192.618,43190.287701696994
2024-02-03 07:00:00,43191.66,43201.43,43191.66,43201.43,7.05976,71.33545804549357,0.4416495201148791,1.214598309974657,-0.7729487898597778,17.820980314301067,43195.41618997384,43195.460234451304,15.125575978294364,3.8522676159408142,3.3527803048787206,199.66328011597864,43217.08532662709,43316.69569233893,43195.27409523809,0.00047096537927848557,43201.658787989145,43194.096,43186.53321201085
2024-02-03 07:01:00,43201.42,43201.43,43201.42,43201.43,3.12102,71.33545804549357,0.8575674388412153,1.1431921357479686,-0.2856246969067533,18.291159583913263,43196.91964248038,43195.91944718582,19.132152012432925,3.724024287799627,3.114010283101815,196.6407079647134,43216.06831356201,43316.69544842169,43195.88876190477,0.00042803078460792543,43205.13807600622,43195.572,43186.005923993784
2024-02-03 07:02:00,43201.42,43209.11,43187.29,43187.3,20.11251,31.43633942865894,0.04647672059945762,0.9238490527182665,-0.8773723321188088,17.8990511430659,43194.51473186028,43195.25641278691,22.89232274486858,4.364647014864349,4.450152405737379,-3.3979879859201434,43215.091981019534,43316.6936839072,43194.62561904762,0.0003463122974249189,43206.14416137243,43194.698,43183.25183862756
2024-02-03 07:03:00,43187.29,43187.3,43178.55,43184.63,9.52939,27.89813179547029,-0.8025143175764242,0.5785763786593283,-1.3810906962357525,18.569632916587263,43192.04354889521,43194.438996418685,28.058183132568956,5.301744389091825,4.757284376756138,-203.7789894218201,43213.423862158364,43316.69283063881,43193.14723809524,0.00022937434911333675,43207.321091566286,43193.292,43179.26290843372
2024-02-03 07:04:00,43184.64,43184.64,43167.83,43167.84,6.44682,15.08560544818637,-2.7979059934368706,-0.09672009575991142,-2.701185897676959,20.126905801576335,43185.99266167141,43192.3929197711,49.88366956086247,9.581625715560476,5.6181926355591045,-209.15772197141322,43210.633953185694,43316.6921800031,43189.59628571429,1.7501015942572296e-05,43213.46783478043,43188.526,43163.58416521957
2024-02-03 07:05:00,43167.83,43167.84,43167.78,43167.79,8.80934,15.060887593698396,-4.333350685425103,-0.9440462136929497,-3.389304471732153,21.576791109515295,43181.441996253554,43190.50038748101,51.06098198307154,11.852586273092948,5.221178875876144,-153.09154286659677,43206.35355786712,43316.691290644136,43186.364571428574,-0.0002491280224472538,43207.32849099154,43181.798,43156.26750900847
2024-02-03 07:06:00,43167.79,43167.79,43167.78,43167.78,2.03196,15.054967356786477,-5.487749225467269,-1.8527868160478136,-3.6349624094194555,22.9231131811729,43178.02649719016,43188.75266536709,35.74943302059546,13.185868708255777,4.848951813313708,-107.2611588350881,43201.724730923066,43316.691085492566,43183.45780952381,-0.0005405427461170355,43192.9427165103,43175.068,43157.1932834897
2024-02-03 07:07:00,43167.78,43167.83,43158.39,43158.39,8.91651,10.433607021421778,-7.078713902425079,-2.8979722333232667,-4.180741669101812,24.8726679803144,43173.11737289262,43186.41707572347,33.97684401883453,15.416264003439641,5.17688382664861,-106.4180944634079,43197.651363212295,43316.69012850074,43179.534095238094,-0.0008774459239544534,43186.27442200942,43169.286,43152.29757799058
2024-02-03 07:08:00,43158.39,43158.4,43157.37,43157.38,1.35254,10.035970366048488,-8.325096895452589,-3.983397165749131,-4.341699729703458,26.7500489133106,43169.18302966947,43184.18345451397,19.477996038011042,16.778687680466916,4.880677839030769,-97.26468781511137,43192.15477236258,43316.68998241005,43175.815619047615,-0.001233205047137665,43173.574998019,43163.835999999996,43154.09700198099
2024-02-03 07:09:00,43157.38,43157.38,43150.0,43152.71,5.75395,8.28419304185745,-9.579270500857092,-5.102571832770724,-4.476698668086368,28.939902947261547,43165.0647722521,43181.76241955136,24.03547931193316,17.884174141821454,5.059200850528384,-101.98684210524563,43186.589208784564,43316.689342698395,43171.82399999999,-0.0016050246373052615,43172.827739655964,43160.81,43148.79226034403
2024-02-03 07:10:00,43152.7,43164.48,43152.7,43157.76,6.24106,25.221743714663376,-10.049870670336531,-6.092031600283885,-3.9578390700526462,29.65529201315433,43163.23857918908,43179.91607958588,19.676951232831925,15.837936498360694,5.539257932633936,-68.28517695334216,43180.003151203346,43316.68867020512,43168.89933333333,-0.0019456658843054102,43168.64247561641,43158.804,43148.96552438358
2024-02-03 07:11:00,43157.76,43157.76,43149.84,43155.99,43.42555,23.40389517934156,-10.445242647328996,-6.962673809692908,-3.482568837636088,30.530591186601345,43161.426434391804,43178.07561192542,8.108011463700677,11.957669843892766,5.709310937446193,-81.56677717386695,43174.60258398674,43316.683939015784,43166.08428571429,-0.002254994809249065,43160.50000573185,43156.445999999996,43152.391994268146
2024-02-03 07:12:00,43156.0,43156.0,43154.13,43154.13,10.22951,21.453997856430206,-10.784348980901996,-7.727008843934726,-3.0573401369672695,31.34336899051643,43159.60232579385,43176.23364177732,7.693925521016354,9.706436598410958,5.435074441914509,-71.13596908779947,43169.650067189395,43316.68281165731,43163.36104761905,-0.0025340702959689445,43159.440962760505,43155.594,43151.74703723949
2024-02-03 07:13:00,43154.14,43154.14,43154.13,43154.13,3.54174,21.453997856430206,-10.927132017386612,-8.367033478625103,-2.5600985387615083,32.09809123700901,43158.23424434539,43174.533361640606,7.006260767622734,6.069680597805641,5.0475691246350465,-69.5567250827764,43165.68805375152,43316.68242133819,43160.99523809524,-0.002775945762470765,43158.447130383815,43154.944,43151.44086961619
2024-02-03 07:14:00,43154.13,43167.33,43154.13,43167.32,6.74592,57.56062501536036,-9.862279615583248,-8.666082706016732,-1.196196909566515,30.58931007423024,43160.50568325904,43173.97848766825,19.66309054674639,5.990961368185783,5.629885615732855,79.87745888428756,43149.84,43316.68173823044,43160.74561904762,-0.0029174441659022376,43167.697545273375,43157.866,43148.03445472663
2024-02-03 07:15:00,43167.33,43174.89,43167.32,43174.88,7.7072,67.7554076959575,-8.312525971821742,-8.595371359177735,0.28284538735599263,28.560498283137264,43164.09926244428,43174.047834770696,33.54615605012805,7.364443201524029,5.7684652146090585,199.9123431764224,43150.1898,43316.68099729121,43161.82885714286,-0.002945730448158236,43178.06307802506,43161.28999999999,43144.51692197493
2024-02-03 07:16:00,43174.88,43174.89,43170.4,43170.4,5.30766,57.86989589673603,-7.360980798264791,-8.348493246995146,0.9875124487303548,26.676601619979497,43165.67444683321,43173.767232096034,34.17801225418225,7.708682644403019,5.677146270708265,131.27630879887397,43151.177808,43316.68047091791,43162.567619047615,-0.0029114611013659015,43181.26100612709,43164.172,43147.08299387291
2024-02-03 07:17:00,43170.41,43170.41,43157.93,43157.94,8.22362,38.918753570696445,-7.5255424907954875,-8.183903095755214,0.6583606049597268,25.964713405183907,43163.74083512491,43172.54975270403,30.99086332488514,7.722430842180256,6.163064394229332,17.640364188146602,43152.12629568,43316.67958590191,43161.806,-0.0028874204344588325,43180.42943166244,43164.933999999994,43149.43856833755
2024-02-03 07:18:00,43157.95,43157.95,43157.94,43157.95,3.34867,38.938011821418534,-7.567913703001977,-8.060705217204568,0.49279151420259026,25.303674348588004,43162.29312634368,43171.42669480372,27.08604736017878,7.700851994774076,5.723559794641148,-36.14949932664263,43153.036843852795,43316.67922554765,43161.29990476191,-0.002865584091969013,43179.241023680086,43165.698,43152.15497631991
2024-02-03 07:19:00,43157.94,43164.0,43157.94,43157.94,7.73102,38.92328531667852,-7.515664211663534,-7.951697016096361,0.436032804432827,23.90419766134333,43161.204844757754,43170.389256741895,29.35169708309695,7.293335184295104,5.7475912378809,-14.875173370288394,43153.91097009868,43316.678393557435,43160.886666666665,-0.0028406141478489384,43178.49784854155,43163.822,43149.14615145845
2024-02-03 07:20:00,43157.95,43157.95,43157.94,43157.94,1.89875,38.923285316678516,-7.389079405504162,-7.839173493977922,0.45009408847375987,22.604683594616127,43160.38863356832,43169.4316216079,19.93200466003327,7.285095614363641,5.337763292317604,-47.037084645535664,43154.750131294735,43316.678189220744,43160.56723809523,-0.002809072256010389,43170.40000233002,43160.434,43150.467997669984
2024-02-03 07:21:00,43157.94,43157.95,43155.64,43155.65,5.21549,34.6071971238449,-7.388375304886722,-7.749013856159682,0.3606385512729604,21.66667786744561,43159.20397517624,43168.37149686884,3.6680253356607864,7.311106946091486,5.121494485723323,-71.643649160048,43155.55572604295,43316.677619853996,43160.03619047619,-0.0027793565702415824,43159.318012667834,43157.484000000004,43155.64998733217
2024-02-03 07:22:00,43155.65,43155.68,43154.13,43155.68,3.81649,34.72099165409256,-7.301232487538073,-7.659457582435361,0.35822509489728827,20.97305777175731,43158.32298138218,43167.39522787893,4.464782399809337,7.16836424073294,4.8663877367432935,-91.87398318875653,43174.89,43316.67720329403,43159.53523809523,-0.002746579625636921,43159.2643911999,43157.03199999999,43154.79960880009
2024-02-03 07:23:00,43155.68,43159.59,43155.67,43159.43,12.59945,48.23338949959687,-6.850607972672151,-7.49768766048272,0.6470796878105691,19.760710250682045,43158.59973603664,43166.78251804209,5.851239344628993,6.791401532458757,4.7987886126900765,-41.67039522741855,43174.474799999996,43316.6758601433,43159.55047619048,-0.002690835125645843,43160.253619672316,43157.328,43154.40238032769
2024-02-03 07:24:00,43159.43,43159.43,43155.67,43155.67,2.39012,38.615879808746,-6.7194279912509955,-7.342035726636375,0.6226077353853796,18.634958981112153,43157.86730202747,43165.927708961935,6.207841000126791,6.682941493151322,4.724589426069501,-53.57773851588341,43174.067903999996,43316.675599257214,43159.000380952384,-0.0026338524495501574,43159.97792050006,43156.873999999996,43153.77007949993
2024-02-03 07:25:00,43155.67,43155.68,43154.09,43154.09,2.98409,35.08792491760259,-6.666116860600596,-7.2068519534292195,0.5407350928286236,17.81062293278745,43156.922976520604,43165.01711596487,7.086370714823715,4.554808119698028,4.500690181350522,-120.32998842148794,43173.669145919994,43316.675270343,43158.259523809524,-0.0025804934283020237,43159.64718535741,43156.104,43152.56081464259
2024-02-03 07:26:00,43154.1,43154.1,43154.09,43154.1,3.68933,35.13293455350116,-6.547584016239853,-7.0749983659913465,0.5274143497514938,17.045168030771652,43156.21723239045,43164.17733781372,7.801969617852592,1.8368721334033642,4.179926596968487,-117.16052014480083,43172.88598008319,43316.67486372223,43157.538095238095,-0.0025267713302051646,43159.69498480893,43155.794,43151.893015191075
2024-02-03 07:27:00,43154.09,43154.1,43154.09,43154.1,2.20327,35.13293455350116,-6.380100061069243,-6.936018705006926,0.5559186439376838,16.334388478899843,43155.68792429284,43163.4021579819,8.27129263948882,1.9335130123647415,3.882074697185169,-90.78386195376616,43172.13414087986,43316.67462088905,43156.816952380956,-0.002470180743829399,43159.61364631974,43155.477999999996,43151.34235368025
2024-02-03 07:28:00,43154.1,43154.1,43151.1,43151.11,3.88472,27.055560100773604,-6.4146912635842455,-6.83175321672239,0.41706195313814476,16.144118742724515,43154.543443219634,43162.456607367916,5.931907786056399,2.416740071063044,3.8190693616719424,-136.8139223558905,43171.41237524467,43316.6741848624,43155.69742857143,-0.0024228034827724816,43156.77995389303,43153.814,43150.84804610697
2024-02-03 07:29:00,43151.1,43151.11,43110.61,43111.2,20.69871,5.777965609051776,-9.552394442041987,-7.37588146178631,-2.1765129802556764,19.099627942227336,43143.707582414725,43158.51379141654,67.5985368648835,14.131432314245085,6.439135835838232,-299.99999999996027,43170.19363272999,43316.67130162619,43149.41095238095,-0.002559461620836333,43178.71926843244,43144.92,43111.12073156756
2024-02-03 07:30:00,43111.11,43149.58,43103.98,43149.57,40.25479,50.59960503012565,-8.84099500132288,-7.668904169693625,-1.172090831629256,22.093463442542372,43145.173186811044,43157.82580746143,66.00450174270372,13.914132716581861,9.23634041899254,-112.20425374166766,43165.42694211159,43316.66674162218,43148.84695238095,-0.002634961425661113,43177.018250871355,43144.016,43111.01374912865
2024-02-03 07:31:00,43149.57,43149.58,43149.57,43149.57,2.09028,50.59960503012565,-8.182878687359334,-7.771699073226768,-0.41117961413256676,24.873453549977764,43146.272390108286,43157.19074534901,64.16207934856357,13.774869079065862,8.57731610335036,6.743120582312953,43159.28224790043,43316.6665048451,43148.48133333334,-0.0026610999039680923,43175.19103967428,43143.11,43111.02896032572
2024-02-03 07:32:00,43149.57,43155.68,43148.29,43155.67,40.28991,55.45107167050639,-7.087398627278162,-7.634838984037047,0.5474403567588846,26.527371653590514,43148.62179258121,43157.07376493756,65.06542930251453,13.774367068776982,8.492507810253866,40.426034803656464,43103.98,43316.66210772737,43149.00876190476,-0.002620250338145834,43175.956714651256,43143.424,43110.89128534874
2024-02-03 07:33:00,43155.68,43155.68,43155.67,43155.68,1.5135,55.45967660176658,-6.147550732595846,-7.337381333748807,1.189830601152961,28.063152749802352,43150.38634443591,43156.96655225006,67.169751840338,13.521227932892057,7.8866143952358785,61.635232605430275,43105.014,43316.661942563536,43149.55923809524,-0.002531113505681282,43177.92287592017,43144.338,43110.753124079834
2024-02-03 07:34:00,43155.67,43157.88,43155.67,43157.88,4.02056,57.62073967951282,-5.165646533256222,-6.90303437365029,1.7373878403940681,29.144209297008214,43152.25975832693,43157.036817461594,13.785105367293,13.658345488352628,7.481141938433254,70.11543687137447,43106.02732,43316.66150980925,43150.42457142857,-0.0023985575643284598,43160.566552683646,43153.674,43146.78144731635
2024-02-03 07:35:00,43157.88,43157.88,43157.87,43157.87,1.7936,57.60549435931279,-4.338278325420106,-6.390083164004254,2.0518048385841485,30.148047519413655,43153.6623187452,43157.10090842609,12.181258142460138,13.85659992487503,6.947488942830504,71.00016256587347,43108.1014272,43316.661316743135,43151.289142857146,-0.0022379674932770034,43161.424629071225,43155.333999999995,43149.243370928765
2024-02-03 07:36:00,43157.88,43157.88,43148.95,43148.96,7.50499,44.902931183553434,-4.351385532099812,-5.982343637623366,1.630958105523554,31.619925313251287,43152.4867390589,43156.47468470101,13.108710155356675,13.769276965269295,7.089096875485489,27.166829665017797,43110.092570112,43316.66046356921,43150.94457142857,-0.002101440620422949,43161.76635507768,43155.212,43148.65764492232
2024-02-03 07:37:00,43148.96,43148.96,43142.83,43142.83,5.64563,37.987325936392914,-4.801069121007458,-5.7460887343001845,0.9450196132927262,33.30147534938773,43150.07255429418,43155.425093570164,23.585114161702222,13.781321672417674,7.0205899558077665,-21.223477697273736,43112.00406730752,43316.65979831502,43149.84666666667,-0.0020105356527896612,43164.43655708085,43152.644,43140.85144291915
2024-02-03 07:38:00,43142.84,43142.84,43132.22,43132.22,4.83672,28.780820249062472,-5.945054051102488,-5.785881797660645,-0.15917225344184338,35.321446431416625,43145.60941572064,43153.64008637246,38.85063348482072,14.584089707622908,7.277690673249737,-124.31072439460146,43113.83910461522,43316.6591935962,43147.49219047619,-0.0019981871804865274,43167.377316742415,43147.952000000005,43128.526683257594
2024-02-03 07:39:00,43132.22,43132.23,43123.98,43123.98,6.23556,23.477966444713772,-7.430910574104928,-6.114887552949502,-1.3160230211554262,37.49059029232068,43140.20206179048,43151.35854126689,47.93089235962543,11.39230936184719,7.347141339446184,-173.65155850020486,43115.60074043061,43316.65837916136,43144.26238095238,-0.002072386580948485,43165.13744617981,43141.172,43117.206553820186
2024-02-03 07:40:00,43123.98,43131.34,43123.98,43131.33,5.75744,36.08349061955623,-7.924035649681173,-6.476717172295836,-1.4473184773853367,39.50479530601731,43137.984046342855,43149.81788424636,35.55708439342561,12.423846664176144,7.34805981519955,-108.12262109701913,43117.29191081339,43316.657655865936,43142.29933333333,-0.002164077399466404,43153.642542196714,43135.864,43118.08545780329
2024-02-03 07:41:00,43131.33,43131.34,43125.0,43125.01,4.10705,30.841245743178618,-8.724244348217326,-6.926222607480134,-1.798021740737192,41.37512853302132,43134.74053475714,43147.90958545818,26.932763889300986,13.892389657180443,7.2760555426850475,-89.16802200183668,43118.91543438085,43316.65712231405,43139.71047619047,-0.0022879246941888733,43144.54038194466,43131.07400000001,43117.60761805536
2024-02-03 07:42:00,43125.01,43125.01,43117.74,43117.75,3.97619,25.695319361990954,-9.83091219637572,-7.507160525259252,-2.3237516711164687,43.369898334807814,43130.49290106785,43145.58961734602,21.181385291769402,15.206257825817147,7.275623003922121,-100.4869765167862,43157.88,43316.656586197205,43136.43066666667,-0.002456385864883485,43136.64869264589,43126.058000000005,43115.46730735412
2024-02-03 07:43:00,43117.75,43117.75,43095.56,43104.02,17.1011,18.637925080282187,-11.681197123609309,-8.341967844929263,-3.3392292786800457,45.78633018280975,43123.874675800886,43142.39195447325,37.04521187765931,17.6252352347715,8.340935646499279,-143.26073933798926,43157.0772,43316.65412129899,43131.63790476191,-0.002704844309544471,43138.94060593883,43120.418,43101.89539406117
2024-02-03 07:44:00,43104.03,43115.39,43104.02,43115.39,2.51217,36.08316026733724,-12.090722954075318,-9.091718866758475,-2.999004087316843,48.0301597559544,43121.75350685067,43140.31488105223,36.95160006165679,16.354065902351802,8.557297386035232,-100.82338379797434,43154.616512,43316.6537785694,43128.42952380953,-0.0029394934409381307,43137.175800030825,43118.7,43100.22419996917
2024-02-03 07:45:00,43115.38,43117.0,43115.38,43116.99,1.94712,38.316548600737356,-12.146155180744245,-9.70260612955563,-2.443549051188615,49.845384668257495,43120.562630138,43138.520659432834,27.068745874319575,13.446488033678698,8.061776144175761,-54.1812997669585,43152.254251520004,43316.653515040874,43125.759999999995,-0.003141835725760382,43129.36637293716,43115.832,43102.29762706284
2024-02-03 07:46:00,43116.99,43117.0,43110.0,43110.0,2.60118,32.3842704460713,-12.608774102722236,-10.283839724188951,-2.3249343785332854,51.66541049287921,43117.9219726035,43136.326762553384,20.683565149782225,11.510761940541608,7.98593499102035,-67.70367351096252,43149.9864814592,43316.65315066629,43122.46876190477,-0.0033393485835926406,43123.17178257489,43112.83,43102.48821742511
2024-02-03 07:47:00,43110.0,43110.04,43110.0,43110.04,2.02425,32.45608053153556,-12.824344208507682,-10.7919406210527,-2.032403587454983,53.35543447288509,43115.951479452626,43134.30470389543,18.363395202264655,9.374701264318343,7.41836820594753,-71.29543336433947,43147.80942220083,43316.65286716411,43119.617809523814,-0.003518446536435217,43120.46969760113,43111.288,43102.10630239887
2024-02-03 07:48:00,43110.04,43131.0,43110.03,43130.99,6.19457,59.49359212926486,-11.175866722063802,-10.868725841254921,-0.30714088080888047,51.88681224600685,43119.711109589465,43134.04972667271,30.73750873413519,9.18332549400888,8.386341905522789,64.86212391945296,43145.719445312796,43316.65208756978,43119.99485714287,-0.0035758237260530646,43132.05075436707,43116.682,43101.31324563293
2024-02-03 07:49:00,43131.0,43141.74,43130.99,43141.74,6.87857,67.50342913526455,-8.899414369749138,-10.474863546953767,1.5754491772046286,49.40326613870927,43125.2183321921,43134.64128615943,50.043752487312304,11.717748381128413,8.555174626556875,165.38795509526187,43143.713067500285,43316.65127202387,43122.06133333334,-0.0034935442856946167,43146.97387624366,43121.952000000005,43096.93012375635
2024-02-03 07:50:00,43141.73,43141.74,43141.73,43141.74,1.61341,67.50342913526455,-7.014451251903665,-9.782781087943746,2.768329836040081,47.09711618193295,43129.34874914407,43135.18734107025,57.32849520833406,13.175672928554057,7.944805010373867,148.17221154822616,43141.786944800275,43316.65108073377,43124.28142857143,-0.0033144072462512756,43155.56624760416,43126.901999999995,43098.23775239583
2024-02-03 07:51:00,43141.73,43141.77,43141.73,43141.76,4.17936,67.52063559381627,-5.456096088331833,-8.917444088021364,3.461347999689531,44.952492987214434,43132.451561858055,43135.69293021869,49.328025407958194,14.67019640872758,7.38017608106099,103.63593030031801,43095.56,43316.65058527655,43126.57295238096,-0.0030715073125407335,43157.91801270398,43133.254,43108.58998729602
2024-02-03 07:52:00,43141.77,43146.23,43141.76,43146.23,2.18057,71.55942414371711,-3.816403625838575,-7.897235995584807,4.080832369746232,42.47873013550532,43135.89617139354,43136.503474048026,20.233474304128322,16.21213195918048,7.172306360985289,90.8861185983647,43096.4842,43316.650333381185,43129.47066666667,-0.0027700867084818398,43150.60873715206,43140.492,43130.375262847934
2024-02-03 07:53:00,43146.22,43146.23,43142.07,43143.64,3.07714,65.86473490236585,-2.694862196520262,-6.856761235771898,4.161899039251636,40.181664630346866,43137.83212854515,43137.052437582795,7.05472624093818,15.074961447699893,6.95714162091516,69.76201763537547,43098.474032,43316.649972514766,43131.88961904762,-0.0024487208063238885,43146.549363120466,43143.022,43139.49463687953
2024-02-03 07:54:00,43143.63,43153.4,43143.63,43153.4,2.40251,74.8979703558286,-1.0068754676103708,-5.686784082139592,4.6799086145292215,37.33954579769625,43141.72409640886,43138.30994238412,17.38239138496283,15.797935919118608,7.158060076564368,86.07474221684731,43100.38427072,43316.649706659795,43135.422666666665,-0.002078830109069723,43154.04519569249,43145.35400000001,43136.662804307525
2024-02-03 07:55:00,43153.4,43153.67,43153.39,43153.67,2.02425,75.11656802249256,0.3486340831659618,-4.479700449078481,4.828334532244443,34.72834149428938,43144.71057230665,43139.49148527765,19.76267052255571,15.757380964132757,6.666770071095401,101.91562143672478,43103.5652144768,43316.64948303315,43138.78152380953,-0.00168703697826954,43157.62133526128,43147.740000000005,43137.85866473873
2024-02-03 07:56:00,43153.67,43155.35,43153.66,43155.34,1.20575,76.62727418647826,1.539889325700642,-3.2757824941226565,4.815671819823299,32.48514269203296,43147.367929229986,43140.71060179476,18.51851425183122,13.363845311192959,6.311286494588233,115.30669667981539,43107.57359731866,43316.649351194515,43142.0900952381,-0.0012865470157451993,43159.715257125914,43150.456,43141.19674287408
2024-02-03 07:57:00,43155.34,43159.59,43144.99,43159.59,6.94402,80.28293359355297,2.794691702889395,-2.061687654720246,4.856379357609641,30.846918045386957,43150.42344692249,43142.16286319516,20.941080249336665,8.590349904760481,6.903337459260398,92.02522255186896,43112.351237586794,43316.64861193277,43145.607333333326,-0.0008756838530695605,43163.598540124665,43153.128,43142.65745987533
2024-02-03 07:58:00,43159.58,43165.99,43159.58,43165.98,2.66815,84.62241375703769,4.255694229716028,-0.7982112778329914,5.053905507549019,28.66662437723386,43154.31258519187,43143.99495064169,18.963282676399103,8.55656663543043,6.868099069312956,152.1050999636055,43118.01988907638,43316.64833943954,43149.44733333333,-0.0004448849528902593,43167.077641338205,43157.596000000005,43148.114358661805
2024-02-03 07:59:00,43165.99,43168.79,43165.98,43168.78,2.92197,86.21742645934145,5.575218212499749,0.4764746202335568,5.098743592266192,26.932066519355622,43157.9294388939,43145.901492900026,23.497639919049107,9.73862534906033,6.57823485007615,146.9842419851201,43124.735704605686,43316.64804657096,43153.17885714286,-5.696919470796484e-06,43172.42081995953,43160.672000000006,43148.92318004048
2024-02-03 08:00:00,43168.78,43168.82,43167.87,43167.88,4.33653,82.9007716614919,6.473703176648996,1.6759203315166449,4.797782845132351,25.3246140093083,43160.417079170424,43147.59214729233,20.791221456980566,9.883682473495389,6.176218075070502,114.35093696759536,43131.78439186878,43316.64760927792,43156.29714285713,0.0004161730725273168,43173.90961072849,43163.514,43153.11838927151
2024-02-03 08:01:00,43167.88,43167.88,43165.98,43165.99,5.45647,75.57453042637466,6.953100761929818,2.7313564175992795,4.2217443443305385,23.60159018789267,43161.81030937782,43149.007366731385,12.864550112761208,9.040485502356608,5.870773926850765,74.911098428298,43138.4508013324,43316.64705206421,43158.61219047619,0.000798939740400966,43172.07627505638,43165.644,43159.21172494362
2024-02-03 08:02:00,43165.98,43165.99,43163.92,43163.93,1.87749,67.7441784473316,7.085129060811596,3.602110946241743,3.483018114569853,22.082791890185554,43162.34023203336,43150.1552615982,6.7498060398502275,8.158883386400783,5.599290074932832,43.166804293929346,43143.917257092566,43316.64685771465,43160.11971428572,0.001128171298518762,43169.88690301993,43166.512,43163.13709698008
2024-02-03 08:03:00,43163.92,43163.93,43163.92,43163.92,1.61245,67.70331549042719,7.107030103397847,4.303094777672964,2.8039353257248827,20.672479185171802,43162.735174025016,43151.21408762911,7.964758978720056,5.897232523819121,5.200055069580633,24.947974640626377,43148.3997508159,43316.646690790345,43161.312190476194,0.0014051385344585467,43170.08237948936,43166.1,43162.11762051064
2024-02-03 08:04:00,43163.93,43163.93,43163.92,43163.92,2.43553,67.70331549042719,7.043197243852774,4.8511152709089265,2.192081972943847,19.362903101944745,43163.03138051876,43152.19146550379,6.3674831464886665,5.108311342322081,4.829336850325019,13.548088779321008,43152.07539566904,43316.646438659714,43162.29342857144,0.0016324433918157382,43168.31174157324,43165.128,43161.94425842675
2024-02-03 08:05:00,43163.93,43163.93,43163.92,43163.93,2.21034,67.73134407570687,6.91371910894668,5.263636038516477,1.6500830704302025,18.146868167519624,43163.25603538907,43153.094429695804,3.304040200499003,3.9467967729461337,4.4850985038733775,-7.1922496402496945,43155.08942444861,43316.646209856866,43163.06476190476,0.001813564834207492,43165.99002010025,43164.338,43162.685979899754
2024-02-03 08:06:00,43163.93,43163.93,43158.0,43158.0,5.08381,41.87253829514732,6.260438870944199,5.462996605002021,0.7974422659421778,17.84869296836035,43161.9420265418,43153.47178125767,9.480014013621258,3.348056864229132,4.588305753596728,-171.63346613561157,43157.56092804786,43316.64566317576,43162.834285714285,0.0019255737459750637,43167.48000700681,43162.74,43157.99999299319
2024-02-03 08:07:00,43158.01,43158.01,43158.0,43158.01,3.19304,41.91741193341486,5.678063312734594,5.506009946548536,0.1720533661860575,17.571815997712452,43160.95901990635,43153.820875007084,11.59753119146626,3.6159283870018384,4.261283914054251,-169.43521594657895,43168.82,43316.645319839794,43162.49304761904,0.0019827538425732367,43167.35476559573,43161.556,43155.757234404264
2024-02-03 08:08:00,43158.01,43158.01,43157.96,43157.96,4.85226,41.72414895799752,5.153090287778468,5.4354260147945235,-0.28233572701605514,17.320446782660195,43160.20926492976,43154.13926923731,11.630374446918722,4.0048437744734855,3.9604779201934406,-115.50670514336419,43168.6036,43316.644797932335,43162.00828571428,0.0019966471886869184,43166.17918722345,43160.363999999994,43154.548812776535
2024-02-03 08:09:00,43157.96,43157.97,43157.96,43157.97,1.56818,41.78856199417543,4.68385968090297,5.285112748016212,-0.6012530671132428,17.08703251154024,43159.649448697324,43154.433940834446,9.512283102085348,3.794318749441542,3.6783009258940544,-86.36215067826332,43168.177856,43316.644629270784,43161.48142857144,0.0019770907865560507,43163.93014155104,43159.174,43154.41785844896
2024-02-03 08:10:00,43157.96,43157.97,43147.25,43147.26,2.95933,17.264092605636506,3.40849257089576,4.909788712592123,-1.501296141696363,18.248941397751942,43156.55208652299,43153.88209923179,17.160156931742677,5.537485319852543,4.181279431187419,-175.6926952141495,43167.76914176,43316.6442895057,43159.48561904761,0.0018836234329513242,43164.420078465875,43155.840000000004,43147.25992153413
2024-02-03 08:11:00,43147.25,43147.26,43126.0,43126.0,16.89716,7.199467486426755,0.6744756890329882,4.062726107880296,-3.388250418847308,20.87145539180326,43148.91406489225,43151.737322367815,49.73472615919309,11.753447735871296,5.401188043245606,-240.7136183430473,43166.5379932544,43316.64210605246,43154.7320952381,0.001644745565691237,43174.3073630796,43149.44,43124.572636920406
2024-02-03 08:12:00,43126.0,43135.99,43126.0,43135.98,6.84329,30.141091949389363,-0.6791213060423615,3.1143566250957653,-3.793477931138127,23.30664695770805,43145.68054866919,43150.52522064722,50.07657187021687,12.944831886791716,5.728960325870774,-143.37798968673587,43163.29495379405,43316.6412680672,43151.62914285714,0.0013606900523630765,43170.07228593511,43145.034,43119.99571406489
2024-02-03 08:13:00,43135.99,43135.99,43126.01,43126.02,14.51693,23.25588972115743,-2.5264224126513,1.9862008175463524,-4.5126232301976525,25.567896268905354,43140.76541150189,43148.64020367436,49.76947508743615,14.890384866679474,6.032606016879713,-113.36796063425652,43160.31135749053,43316.63939244128,43147.48390476191,0.0010108359208241342,43163.53073754372,43138.646,43113.76126245628
2024-02-03 08:14:00,43126.01,43126.02,43126.01,43126.02,2.1046,23.25588972115743,-3.9449469558676356,0.7999712628635548,-4.744918218731191,27.667627772159996,43137.07905862641,43146.90018800711,33.747348498611245,15.61916221044304,5.602419872816503,-96.55053919304925,43157.56644889129,43316.63912052443,43143.745904761905,0.0006299634043637311,43149.12967424931,43132.256,43115.382325750696
2024-02-03 08:15:00,43126.01,43126.02,43115.39,43115.39,5.76898,17.212937826347357,-5.859347131248796,-0.5318924159589155,-5.327454715289881,30.193064799164834,43131.656793969814,43144.476327391174,26.05248016778205,16.82534560826887,5.961532739043709,-103.45543237247936,43155.04113297998,43316.63833360404,43138.98923809524,0.00019533026076162005,43138.90824008389,43125.882,43112.85575991611
2024-02-03 08:16:00,43115.4,43115.4,43113.77,43113.78,3.72542,16.436683168613158,-7.42089317029604,-1.9096925668263405,-5.5112006034697,32.61354307416848,43127.18759547736,43142.115071438006,32.43121772260929,17.612888884316018,5.652137543398062,-107.29951448184205,43151.07601968198,43316.637821374316,43134.49980952381,-0.00026431324458041193,43139.65360886131,43123.438,43107.2223911387
2024-02-03 08:17:00,43113.78,43115.3,43113.77,43115.3,5.27352,20.498528161446416,-8.438504532285151,-3.2154549599181026,-5.2230495723670485,34.861130043814725,43124.21569660802,43140.05237363508,22.05993751360802,16.967483817188594,5.357699147441494,-94.63584285081294,43146.59929732014,43316.63710172472,43130.69066666667,-0.0007135694816877258,43130.3319687568,43119.301999999996,43108.27203124319
2024-02-03 08:18:00,43115.29,43115.3,43115.29,43115.3,1.74687,20.498528161446416,-9.139613097569963,-4.400286587448475,-4.739326510121488,36.94817508705767,43121.98677245602,43138.148344893925,17.886402745483792,15.012491701900961,4.975720636910104,-78.67539703157384,43142.65978164173,43316.63686333968,43127.34457142857,-0.001135175796585559,43126.101201372745,43117.158,43108.21479862726
2024-02-03 08:19:00,43115.3,43115.3,43115.29,43115.29,2.54215,20.489093000473403,-9.58555726584018,-5.437340723126816,-4.148216542713364,38.88614548435469,43120.31257934201,43136.39001067132,2.4682713067450095,11.0614136328596,4.621026305702385,-64.01470891474406,43139.19300784472,43316.636516411236,43124.460190476195,-0.0015179783200401633,43116.246135653375,43115.012,43113.77786434663
2024-02-03 08:20:00,43115.3,43115.3,43115.29,43115.29,3.51752,20.489093000473403,-9.825706602619903,-6.315013899025434,-3.5106927035944686,40.68568942470193,43119.05693450651,43134.76693292737,2.4240551240218338,7.5308271207488975,4.291667283866646,-53.95233648658382,43136.14224690335,43316.63603637555,43122.039047619044,-0.0018553793911084914,43116.20402756201,43114.992,43113.77997243799
2024-02-03 08:21:00,43115.3,43131.1,43115.29,43131.1,12.58179,61.17447207639623,-8.640687346800405,-6.7801485885804285,-1.8605387582199766,38.987423414394975,43122.06770087988,43134.484861163735,25.28800528177817,8.100561119722533,5.114405335018863,83.79839298753346,43133.457577274945,43316.63445418121,43122.13266666667,-0.002072683461905205,43131.10000264089,43118.456,43105.81199735911
2024-02-03 08:22:00,43131.09,43141.07,43131.09,43141.07,4.89654,72.01196095353417,-6.818456450113445,-6.787810160887032,-0.03064628922641255,36.35951550933193,43126.81827565991,43134.99141030499,42.65030207353993,9.23113718813209,5.461947811089173,183.18411072459938,43113.77,43316.63387152339,43123.811904761904,-0.002151015056770817,43144.93515103677,43123.61,43102.28484896323
2024-02-03 08:23:00,43141.07,43142.0,43141.06,43141.99,6.00627,72.85110659370494,-5.2396891498574405,-6.478185958681114,1.2384968088236734,34.03215436258859,43130.611206744936,43135.52976335845,47.15081041499798,11.265660773788175,5.1389515388686835,150.93061154467097,43114.316,43316.63316056511,43125.774666666664,-0.0021245101361903637,43152.523405207496,43128.948,43105.3725947925
2024-02-03 08:24:00,43141.99,43142.0,43131.09,43131.1,7.00547,51.092069796329376,-4.811769593819918,-6.144902685708875,1.333133091888957,32.49658088830855,43130.7334050587,43135.189012330884,38.48526298062643,11.52584773462812,5.551169286092599,73.19987999203762,43115.42336,43316.632279632526,43126.43761904762,-0.0020740566665958136,43151.352631490314,43132.11,43112.86736850969
2024-02-03 08:25:00,43131.09,43131.1,43121.1,43121.11,3.69963,38.44998842090903,-5.2185930801861105,-5.959640764604322,0.7410476844182119,31.97663026866193,43128.32755379402,43134.106011382355,30.68089716177201,11.212972715171182,5.868942908514557,-4.311623766775324,43116.4864256,43316.63178936028,43125.92247619047,-0.0020509016461513012,43148.61444858088,43133.274,43117.93355141911
2024-02-03 08:26:00,43121.11,43121.11,43114.58,43114.58,5.42949,32.2003533196732,-5.998769964593521,-5.967466604602162,-0.0313033599913588,31.98787790828129,43124.89066534552,43132.60401050679,43.241423967745504,11.133473122866365,5.916161272192006,-65.05763688764486,43142.0,43316.63104582274,43124.58323809524,-0.0020725890241020577,43151.590711983874,43129.97,43108.34928801613
2024-02-03 08:27:00,43114.59,43115.3,43114.58,43115.29,4.62599,33.60833949880163,-6.485019432839181,-6.070977170249566,-0.4140422625896152,31.9983221450707,43122.49049900914,43131.27216354473,41.710994365115766,11.134363046185692,5.545006895606946,-77.69437301464049,43141.4516,43316.63041455032,43123.54247619047,-0.0021161276692575073,43145.66949718256,43124.814,43103.95850281744
2024-02-03 08:28:00,43115.29,43115.3,43115.29,43115.3,2.11201,33.63163408410077,-6.791283039783593,-6.215038344156372,-0.5762446956272216,32.008020364946574,43120.692874256856,43130.04353557975,25.089899384023738,11.134363046185692,5.149649260206595,-75.86223197063305,43140.914168,43316.630126356584,43122.60523809524,-0.002168259692750457,43132.020949692014,43119.476,43106.93105030799
2024-02-03 08:29:00,43115.29,43115.3,43115.29,43115.29,1.67159,33.617479801863354,-6.954637341063062,-6.36295814353771,-0.5916791975253526,32.01702585483132,43119.34215569264,43128.908648227465,9.655457068569376,11.134363046185692,4.782531455906269,-75.88775857503965,43140.38748464,43316.62989824949,43121.76876190476,-0.002219722386170262,43121.14172853428,43116.314,43111.486271465714
2024-02-03 08:30:00,43115.3,43115.3,43107.83,43107.83,4.35916,24.41789576563569,-7.59846606895735,-6.610059728621638,-0.988406340335712,32.629423791006154,43116.46411676948,43127.28721374844,11.70827584611834,12.01373771063416,4.974493494770191,-88.36945167551838,43139.8713349472,43316.62928135556,43119.93857142857,-0.0022979686207996305,43119.51213792306,43113.658,43107.803862076944
2024-02-03 08:31:00,43107.83,43110.0,43107.83,43109.99,2.70545,30.980428279855218,-7.843990387736994,-6.85684586044471,-0.9871445272922843,33.19807901745421,43114.84558757711,43125.95665884471,12.803647422464564,12.372597203669143,4.77417253085791,-83.02748461472116,43138.58968154931,43316.628902451725,43118.45304761905,-0.0023765330181175584,43119.14182371124,43112.740000000005,43106.33817628877
2024-02-03 08:32:00,43109.99,43114.0,43109.99,43113.99,3.51801,42.1436813889485,-7.627874222824175,-7.011051532920604,-0.6168226899035716,33.00393562559226,43114.63169068283,43125.03614662589,12.126161277468782,10.381392617742875,4.719588778653919,-53.21246442134782,43137.35929428734,43316.628419286724,43117.55142857143,-0.0024291860355272546,43118.54308063874,43112.48,43106.41691936127
2024-02-03 08:33:00,43114.0,43114.0,43109.95,43109.96,3.53713,35.250627617815695,-7.693106581107713,-7.147462542558026,-0.5456440385496872,32.8275024137061,43113.46376801212,43123.87644303929,11.120584668169613,6.649444790878084,4.671761008750275,-66.36997401790295,43136.17812251584,43316.6279238369,43116.124952380946,-0.002475722817675694,43116.97229233408,43111.412,43105.85170766591
2024-02-03 08:34:00,43109.96,43109.96,43109.95,43109.95,1.70004,35.2334678744934,-7.657341544654628,-7.249438342977347,-0.4079032016772812,32.66367157409752,43112.585326009095,43122.805178190116,8.008296410393086,3.919715044929959,4.338778079553973,-80.63144286057864,43135.04419761521,43316.62768569969,43114.7479047619,-0.002511375603675831,43114.348148205194,43110.344,43106.3398517948
2024-02-03 08:35:00,43109.96,43109.96,43100.0,43100.0,6.66546,22.282312360887758,-8.335789546916203,-7.466708583765119,-0.8690809631510845,33.41712321248575,43109.438994506825,43121.05093371396,18.629685006686486,4.840024843361963,4.7402939310143415,-189.62444857209968,43133.955629710596,43316.626707075025,43112.09504761905,-0.002578357325079871,43118.09284250335,43108.778000000006,43099.46315749666
2024-02-03 08:36:00,43100.01,43102.95,43100.0,43102.94,2.98035,31.243624370324284,-8.53781245983555,-7.680929358979205,-0.8568831008563444,34.116756876703384,43107.814245880116,43119.65778496674,20.484582580422284,5.317746435717455,4.612415793084537,-156.87618492070231,43131.91829192796,43316.6262754407,43110.130380952374,-0.002645106417962385,43117.61029129021,43107.368,43097.12570870979
2024-02-03 08:37:00,43102.95,43102.95,43097.55,43097.56,6.69038,24.931027017892873,-9.027969300892437,-7.950337347361852,-1.0776319535305845,34.96735285284349,43105.250684410086,43117.957955353915,20.35584740563354,6.251709938890456,4.668671807863797,-133.1429531329576,43130.00319441228,43316.625282106164,43107.81152380951,-0.0027280322707701355,43114.25992370281,43104.081999999995,43093.90407629718
2024-02-03 08:38:00,43097.55,43097.56,43095.54,43095.55,2.02364,22.86029657131418,-9.469454355275957,-8.254160748944674,-1.215293606331283,35.91885268938395,43102.825513307565,43116.23426648054,20.0959445584449,6.876373757653934,4.4794809644447255,-126.44123816181376,43127.4069388593,43316.624978897176,43105.64780952381,-0.002822012362384634,43111.24797227922,43101.2,43091.152027720775
2024-02-03 08:39:00,43095.55,43095.55,43090.7,43090.72,3.64271,18.443076090383812,-10.092732339704526,-8.621875067096646,-1.47085727260788,37.164636884349726,43099.799134980676,43114.271630597425,16.54197121935431,7.655087593389608,4.5059466098419465,-130.06317405064277,43124.22024497337,43316.62442117494,43103.17866666667,-0.002935727609167658,43105.62498560968,43097.354,43089.08301439032
2024-02-03 08:40:00,43090.72,43090.72,43081.1,43087.72,8.49704,16.121289195068087,-10.705354893441836,-9.038571032365684,-1.6667838610761514,38.89845248202793,43096.779351235506,43112.22919747455,21.253853389498545,9.013929742457131,4.871236137710566,-142.20765539043146,43120.19781557656,43316.623102957965,43100.598952380955,-0.0030656381259079523,43105.52492669475,43094.898,43084.27107330525
2024-02-03 08:41:00,43087.72,43129.61,43087.72,43128.62,13.66008,72.58462310272165,-7.800653419661103,-8.790987509824769,0.9903340901636657,36.69465792396382,43104.739513426626,43113.49002843805,58.835948294683476,12.23551794556626,7.515433556445485,123.48281387536151,43081.1,43316.621362436854,43103.72838095238,-0.0030096066362759076,43129.45197414734,43100.034,43070.61602585266
2024-02-03 08:42:00,43128.62,43128.63,43122.57,43122.57,4.97528,64.83727870634326,-5.91861490408337,-8.21651298867649,2.29789808459312,34.64827726290429,43109.19713506997,43114.188487788975,68.31508421695617,13.292374984440741,7.411474016699212,159.61378391867552,43081.1,43316.62070811144,43105.92419047619,-0.0028529256780374483,43139.19354210848,43105.036,43070.87845789152
2024-02-03 08:43:00,43122.57,43122.58,43113.75,43113.75,3.97704,54.63546603450595,-5.080224444245687,-7.589255279790329,2.5090308355446425,32.383566344896984,43110.33535130248,43114.154757959055,66.40779962814122,13.515638532753428,7.512797301220822,85.349412029111,43082.0702,43316.620161299856,43106.87476190476,-0.002669916425167163,43141.87989981407,43108.676,43075.47210018593
2024-02-03 08:44:00,43113.75,43113.76,43113.75,43113.75,2.36944,54.63546603450595,-4.365471526209149,-6.944498529074094,2.5790270028649456,30.280620492461633,43111.18901347686,43114.12362273144,55.8677026850055,13.724024209481998,6.976883208276623,51.79854503084939,43083.020996,43316.619835521975,43107.84,-0.0024719155216467873,43141.2158513425,43113.282,43085.3481486575
2024-02-03 08:45:00,43113.76,43113.76,43113.75,43113.75,1.50807,54.63546603450595,-3.755730960496294,-6.306745015358534,2.5510140548622404,28.32788505805738,43111.82926010765,43114.09488252133,24.440364218418836,13.820479226633385,6.4792486933998665,42.16253463301888,43083.95277608,43316.6196281757,43108.74885714286,-0.0022675491495605746,43130.70818210921,43118.488,43106.26781789079
2024-02-03 08:46:00,43113.76,43113.76,43109.11,43109.12,4.1732,47.81144193870251,-3.604558369574079,-5.766307686201643,2.1617493166275645,26.948854249161837,43111.15194508073,43113.71219925046,17.501365754040307,13.772101003547684,6.348588072442837,18.07414917389243,43084.8659205584,43316.61904130483,43109.00457142857,-0.0020842408248868734,43123.33868287702,43114.588,43105.83731712298
2024-02-03 08:47:00,43109.12,43109.12,43107.49,43107.49,4.47658,45.41507250685368,-3.5750692072324455,-5.328059990407804,1.7529907831753588,25.81784418348505,43110.23645881055,43113.23356853889,10.867354938352946,13.342190576595975,6.011546067268681,-7.717094935180478,43085.760802147226,43316.61840682853,43109.08933333333,-0.0019262290620519823,43117.00567746918,43111.572,43106.138322530824
2024-02-03 08:48:00,43107.49,43109.14,43107.49,43109.14,5.93789,48.54766976595648,-3.379599701613188,-4.938367932648881,1.5587682310356934,24.76519341309733,43109.96234410792,43112.91867865129,10.404088974362821,12.568443793009873,5.70000706246388,-23.10539961107176,43086.63778610428,43316.617571883246,43109.417619047614,-0.001780718270045605,43115.85204448718,43110.65,43105.44795551282
2024-02-03 08:49:00,43109.14,43109.14,43109.09,43109.1,1.92737,48.46675401788795,-3.191131004037743,-4.588920546926654,1.397789542888911,23.787731983451586,43109.74675808094,43112.624934139654,8.446458868478658,10.694699072965829,5.296435129430954,-74.81061014823598,43087.49723038219,43316.617300818914,43109.74828571429,-0.0016465378847080653,43113.94322943424,43109.72,43105.49677056576
2024-02-03 08:50:00,43109.1,43113.07,43109.09,43113.06,2.79147,56.98419543901332,-2.6912067423545523,-4.209377786012234,1.5181710436576816,22.363155567431814,43110.575068560705,43112.658400744294,7.400338061284856,6.6839131442709325,5.202404048757543,-22.324475462823795,43088.33948577455,43316.61691572095,43110.520285714294,-0.001504559690883623,43113.282169030645,43109.582,43105.88183096936
2024-02-03 08:51:00,43113.06,43122.57,43113.06,43116.95,5.3524,63.99840936764765,-1.9585457767316257,-3.7592113841561123,1.8006656074244867,21.56684403806887,43112.16880142053,43112.98852376397,13.73186234163586,4.5243583254502475,5.510089473846436,123.72652615858533,43089.16489605906,43316.61619144399,43111.71457142857,-0.0013428974773342173,43118.01393117082,43111.148,43104.28206882918
2024-02-03 08:52:00,43116.95,43116.96,43116.95,43116.96,2.19755,64.01650967246752,-1.361406321877439,-3.2796503717003778,1.9182440498229387,20.82741190366042,43113.3666010654,43113.29402193597,14.015815470658708,3.394387759051166,5.117225940000408,108.55739473608608,43089.97379813788,43316.61589409196,43112.725523809524,-0.0011723252933097618,43120.04990773533,43113.042,43106.03409226467
2024-02-03 08:53:00,43116.96,43116.96,43116.95,43116.96,1.69008,64.01650967246752,-0.8780474176892312,-2.7993297808981485,1.9212823632089173,20.140796350281143,43114.26495079905,43113.5760202486,12.558102215552935,3.6853247153827744,4.752424087143381,88.32259031643346,43090.76652217512,43316.61566540665,43113.53257142857,-0.0010008227130914045,43120.885051107776,43114.606,43108.32694889222
2024-02-03 08:54:00,43116.96,43116.98,43116.95,43116.98,9.54942,64.06853700830149,-0.48774574155686423,-2.337012973029892,1.8492672314730276,19.505641938954664,43114.94371309929,43113.83786484486,6.2441174880368635,3.928136316815864,4.41510808091929,72.60707676521284,43091.54339173162,43316.614373410644,43114.092380952374,-0.0008340201679876463,43119.30405874401,43116.18199999999,43113.059941255975
2024-02-03 08:55:00,43116.97,43122.0,43116.93,43122.0,5.44801,74.9692889171538,0.2240603664322407,-1.8247983051374654,2.048858671569706,19.507982003445637,43116.707784824466,43114.46572139526,8.060091013481724,4.868402022664018,4.46188607513932,101.35909579341617,43092.30472389699,43316.61365486022,43115.04285714286,-0.0006531633656641914,43122.000045506735,43117.969999999994,43113.93995449325
2024-02-03 08:56:00,43122.0,43122.57,43121.99,43122.56,2.04015,75.94614762540903,0.8238621847485774,-1.295066207160257,2.1189283919088346,19.57505595207787,43118.170838618345,43115.08835821101,10.436070290525095,5.278141552679894,4.1846084983437795,116.49642492342494,43093.05082941905,43316.61338655584,43116.13104761905,-0.0004668493242264158,43124.31003514527,43119.092000000004,43113.87396485474
2024-02-03 08:57:00,43122.57,43122.57,43103.92,43103.92,10.13146,29.68007288223609,-0.20254792550986167,-1.076562550830178,0.8740146253203163,19.11026302072533,43114.60812896376,43114.22925373324,26.872779000215814,5.931812672747692,5.217850748462185,-103.52198697064385,43093.78201283067,43316.61192617247,43114.734000000004,-0.00036841455338182264,43129.920389500105,43116.484,43103.04761049989
2024-02-03 08:58:00,43103.92,43103.93,43099.86,43099.87,10.36718,25.61198354759182,-1.327484075423854,-1.126746855748913,-0.20073721967494085,19.070365783700655,43110.923596722816,43113.12469575376,37.65338777995203,7.44063650418737,5.135861409286294,-189.84591679508677,43094.498572574055,43316.610403377694,43112.89057142857,-0.000350710272528313,43131.892693889975,43113.066,43094.23930611002
2024-02-03 08:59:00,43099.87,43099.87,43095.39,43095.39,9.2574,21.669432748115668,-2.551095200564305,-1.4116165247119916,-1.1394786758523132,19.438166938839345,43107.04019754211,43111.760488388085,45.49994157633046,9.412146138104928,5.0890141657660735,-155.77437993227952,43095.20080112258,43316.60901550609,43110.581999999995,-0.0004074608121330624,43131.497970788165,43108.748,43085.998029211834
2024-02-03 09:00:00,43095.39,43095.4,43095.36,43095.37,4.83972,21.65157787111889,-3.482288017119572,-1.8257508231935078,-1.6565371939260642,19.782417702603432,43104.12264815658,43110.499681589004,40.337593924603425,10.841729281780845,4.7283702967828445,-116.90047260303878,43129.61,43316.60828987544,43108.44561904762,-0.0005109475777872298,43123.5907969623,43103.422,43083.2532030377
2024-02-03 09:01:00,43095.37,43095.37,43094.34,43094.35,1.79728,20.612173516636048,-4.253538366072462,-2.3113083317692986,-1.9422300343031633,20.199863960737815,43101.679486117435,43109.25739838985,14.461289977480192,11.713672184617549,4.46420098987022,-90.65541749422057,43128.925,43316.608019163854,43106.30419047619,-0.0006449213628351577,43105.01064498874,43097.78,43090.54935501126
2024-02-03 09:02:00,43094.35,43094.35,43094.34,43094.34,1.33171,20.600538831491335,-4.8101186865824275,-2.811070402731924,-1.9990482838505033,20.587492629005457,43099.84461458807,43108.10990620601,8.223187452327693,12.063550447072867,4.146043776308207,-73.91325105636474,43127.541600000004,43316.60781856919,43104.28657142857,-0.0007923496934510552,43099.975593726165,43095.864,43091.75240627384
2024-02-03 09:03:00,43094.34,43094.35,43094.34,43094.35,1.6692,20.65428352336727,-5.1905720010909135,-3.2869707224037223,-1.9036012786871912,20.947433535253985,43098.47096094106,43107.05145188247,2.0251093581464374,11.935526868067365,3.850612078000623,-62.55209007371616,43126.213536,43316.60756715044,43102.41123809524,-0.0009408657053334452,43095.77255467907,43094.759999999995,43093.74744532092
2024-02-03 09:04:00,43094.34,43094.35,43094.34,43094.34,2.74533,20.63752032893487,-5.43029386287526,-3.7156353504980304,-1.7146585123772295,21.28166437677047,43097.43822070579,43106.07364789152,1.640081680714502,11.312481281157156,3.576282643857867,-56.03200656548182,43124.93859456,43316.60715362513,43100.67504761905,-0.0010819384746230743,43095.37004084036,43094.55,43093.729959159646
2024-02-03 09:05:00,43094.35,43094.35,43083.01,43083.02,6.45617,9.815755963001479,-6.4592463886292535,-4.264357558124275,-2.1948888305049783,22.72155983006047,43093.833665529346,43104.3002903614,18.1200073951768,10.179950309517807,4.1308338835820555,-153.71973846968044,43123.7146507776,43316.60613161912,43097.60780952381,-0.0012611355346223497,43101.14000369759,43092.08,43083.01999630241
2024-02-03 09:06:00,43083.01,43083.02,43081.1,43081.11,3.92018,8.873627863033562,-7.3441608018110855,-4.880318206861638,-2.4638425949494476,24.21406702459581,43090.652749147004,43102.51642187207,24.181517820208683,6.850049836431303,3.9729171776117838,-191.91687332192552,43121.27237173094,43316.60550598825,43094.60904761905,-0.00146436716827432,43101.5227589101,43089.43199999999,43077.34124108989
2024-02-03 09:07:00,43081.11,43086.79,43081.1,43086.78,3.22341,32.09225158444191,-7.501467982488975,-5.404548161987106,-2.0969198205018698,24.848866379829456,43089.68456186025,43101.30592788191,22.21689330530353,6.08409917464476,4.0955659506396795,-94.09124511564596,43118.05858199247,43316.60500394491,43092.707714285716,-0.0016464245181775112,43099.02844665265,43087.92,43076.81155334735
2024-02-03 09:08:00,43086.79,43086.79,43077.05,43077.05,5.45684,21.048367528923464,-8.315409870680014,-5.986720503725688,-2.3286893669543263,25.81148448198363,43086.525921395194,43099.440087275616,23.4060493944271,6.9738209275506,4.498739811308129,-112.8167314653206,43115.10189543307,43316.60411807021,43089.79647619047,-0.0018473440354998107,43096.16302469722,43084.46000000001,43072.75697530279
2024-02-03 09:09:00,43077.05,43080.71,43077.05,43080.7,7.29384,31.638354556814633,-8.567183032420871,-6.502813009464725,-2.0643700229561466,26.70534414826965,43085.06944104639,43097.99854210057,12.713994035919313,7.165563442272218,4.4388298247858495,-96.13590091616699,43111.29670588976,43316.60295202487,43087.75219047619,-0.002032127658010184,43088.08899701796,43081.732,43075.375002982044
2024-02-03 09:10:00,43080.7,43080.71,43080.69,43080.69,5.51192,31.624408702974733,-8.667607212897565,-6.935771850151293,-1.7318353627462715,27.53535669553524,43083.974580784794,43096.667115785145,12.503478410450043,7.022316925726609,4.123199123015203,-68.88254486130441,43107.87203530079,43316.60207082028,43086.099904761904,-0.002194242617124971,43087.51773920522,43081.265999999996,43075.01426079477
2024-02-03 09:11:00,43080.69,43080.7,43075.0,43075.01,25.98253,24.31819799852029,-9.100616388917842,-7.368740757904603,-1.7318756310132395,28.836995802189488,43081.7334355886,43095.00118380167,16.052564044453902,7.3295603559395825,4.235827757085338,-98.4174133230162,43104.78983177071,43316.59781700597,43084.08904761905,-0.0023556592183417682,43088.07228202223,43080.046,43072.019717977775
2024-02-03 09:12:00,43075.01,43075.01,43071.38,43071.38,4.248,20.65805005881579,-9.625730513835151,-7.820138709090713,-1.805591804744438,30.34117321542837,43079.14507669145,43093.18416966309,14.181374140171101,7.57972159534542,4.192554345865289,-139.93702005416765,43101.21505195822,43316.59711109538,43081.86952380953,-0.0025215244570472944,43084.056687070086,43076.966,43069.875312929915
2024-02-03 09:13:00,43071.38,43080.01,43071.38,43080.0,5.49866,44.47314097187626,-9.23981445201207,-8.104073857674985,-1.1357405943370846,30.646958195362426,43079.35880751858,43092.17000276593,14.999189727575867,6.3304288533561515,4.509514749732387,-62.20404310552428,43097.03814468407,43316.59622948265,43081.07066666667,-0.0026392673855528672,43085.055594863785,43077.556,43070.05640513621
2024-02-03 09:14:00,43080.0,43080.01,43080.0,43080.0,1.34649,44.47314097187626,-8.832161532329337,-8.249691392605856,-0.5824701397234815,30.930901391015478,43079.51910563894,43091.233848707016,14.565197303454624,4.260663031955671,4.188120839037362,18.57100679066184,43093.4460044283,43316.59601359784,43080.418380952375,-0.0027145606137422475,43084.69859865173,43077.416000000005,43070.13340134828
2024-02-03 09:15:00,43080.01,43086.79,43073.98,43086.42,6.97725,57.995099243225575,-7.8999871760752285,-8.17975054929973,0.27976337322450107,29.866513730273308,43081.2443292292,43090.863552652634,20.40248329125461,4.68112101053433,4.803969350534527,78.71970647855191,43090.35676380833,43316.59492528577,43080.76847619048,-0.002723789751562354,43088.763241645625,43078.562,43068.36075835437
2024-02-03 09:16:00,43086.43,43090.85,43086.42,43090.85,2.10143,65.04382120457993,-6.726232484696084,-7.8890469363790015,1.1628144516829177,28.200366844719756,43083.6457469219,43090.8625101409,26.429001274053007,5.829951069075075,4.777257254067796,212.79214493143857,43071.38,43316.594603815065,43081.78476190477,-0.0026629689668008685,43094.94450063702,43081.729999999996,43068.51549936297
2024-02-03 09:17:00,43090.85,43094.35,43090.84,43094.34,3.48836,69.82999767630328,-5.4515673278147005,-7.401551014666142,1.949983686851441,26.255892004128526,43086.31931019142,43091.13000936083,22.959865073426045,7.042886444169273,4.686738878777384,169.35270805824226,43071.7694,43316.59407842783,43083.29961904762,-0.002536813899885671,43097.80193253671,43086.322,43074.84206746329
2024-02-03 09:18:00,43094.34,43094.35,43094.34,43094.35,1.46491,69.84419451042588,-4.389974201163568,-6.799235651965628,2.4092614508020596,24.45030822357953,43088.326982643564,43091.377700948455,21.764754170304514,7.8657403772531325,4.352686101722003,121.9213385139466,43072.672624,43316.59385780616,43084.81590476191,-0.00236730613038758,43100.07437708515,43089.191999999995,43078.30962291484
2024-02-03 09:19:00,43094.35,43094.35,43094.34,43094.34,1.03933,69.80477760201674,-3.509011219299282,-6.141190765432359,2.6321795461330773,22.773694713069744,43089.83023698267,43091.60557010627,12.511061825382058,8.50703476935582,4.042494237313433,88.79509507726843,43073.539719039996,43316.59370127187,43086.33076190476,-0.002171457000200564,43098.31553091269,43092.06,43085.80446908731
2024-02-03 09:20:00,43094.34,43094.35,43094.34,43094.34,1.86179,69.80477760201674,-2.778809325027396,-5.468714477351367,2.6899051523239708,21.216839310453516,43090.957677737,43091.81591086733,5.588016816880554,8.87259585631422,3.7544589346483335,70.97657976134931,43074.372130278396,43316.593420866804,43087.73780952381,-0.0019621327123360652,43096.43800840844,43093.644,43090.84999159156
2024-02-03 09:21:00,43094.34,43094.35,43094.34,43094.35,4.24193,69.82929645641596,-2.174248760282353,-4.809821333937564,2.635572573655211,19.77118786516702,43091.805758302755,43092.01084080061,0.0182187418686226,8.273528167271902,3.486997582173598,61.40719673552657,43075.17124506726,43316.592782019114,43089.02019047619,-0.0017488959092098204,43094.35310937093,43094.344,43094.33489062906
2024-02-03 09:22:00,43094.35,43094.35,43094.34,43094.34,3.00581,69.76132010064549,-1.6766101553148474,-4.183179098213021,2.5065689428981734,18.428797237400982,43092.43931872706,43092.19000689288,0.0182187418686226,6.014957420631065,3.2386406120184863,52.836031728684596,43075.938395264566,43316.59232931674,43090.22914285714,-0.0015388286678821438,43094.35310937093,43094.344,43094.33489062906
2024-02-03 09:23:00,43094.34,43103.83,43094.34,43103.82,4.3608,85.65128268663526,-0.5113763747212943,-3.448818553514676,2.9374421787933818,18.80680660179422,43095.2844890453,43093.08462174728,15.164006194259855,6.1824703340460045,3.685166282588969,159.94666114282398,43076.67485945398,43316.59170055796,43092.53742857143,-0.001293940442257502,43103.82000309713,43096.238,43088.65599690287
2024-02-03 09:24:00,43103.82,43108.0,43103.82,43107.99,3.37309,88.76703775315364,0.7400332981051179,-2.6110481831907175,3.3510814812958354,19.69244753190167,43098.46086678397,43094.23118930518,23.2620593191823,6.122062513792567,3.720511548118349,206.34485666128492,43078.304167886745,43316.59122374558,43095.18152380953,-0.001014818622789461,43110.599029659585,43098.96799999999,43087.3369703404
2024-02-03 09:25:00,43108.0,43108.0,43107.99,43107.99,3.17869,88.76703775315364,1.712049044072046,-1.746428737738165,3.458477781810211,20.51482839557287,43100.843150087974,43095.28955935863,24.775127117303782,6.357323814533849,3.455475008967184,139.86589454416924,43080.679834455805,43316.590774415126,43097.56561904762,-0.0007227724996356346,43114.08556355865,43101.698,43089.310436441345
2024-02-03 09:26:00,43107.99,43111.1,43107.99,43111.1,6.54076,90.89124179246426,2.7021804798714584,-0.8567068942162405,3.558887374087699,21.661757259397437,43103.40736256598,43096.50574710028,23.331123495605425,7.122311147137071,3.430798222612427,117.03908672506407,43082.86544769934,43316.58986362264,43100.050285714286,-0.00041910954668539734,43116.7135617478,43105.047999999995,43093.38243825219
2024-02-03 09:27:00,43111.1,43114.08,43111.09,43114.08,1.77567,92.51810384249438,3.684851200450794,0.05160472471716637,3.6332464757336274,23.065272360366073,43106.07552192449,43097.85761270795,13.750799665329396,8.136282283937309,3.399312635283342,110.61024262662791,43085.6889029294,43316.58961994998,43102.554,-0.00010638788181547723,43115.871399832664,43108.996,43102.120600167334
2024-02-03 09:28:00,43114.08,43114.29,43114.07,43114.29,5.94177,92.6294248706155,4.429509443638381,0.9271856685014093,3.502323775136971,24.39217260287371,43108.129141443365,43099.121642499646,11.085151661885902,8.57459713715266,3.1722188756203296,95.68813574946803,43089.09583457788,43316.588805419146,43104.76114285714,0.0002001234329758351,43116.63257583095,43111.090000000004,43105.54742416906
2024-02-03 09:29:00,43114.28,43114.32,43111.09,43111.09,6.12739,72.81798218617678,4.707181748766743,1.6831848845544761,3.023996864212267,24.8216952593168,43108.86935608252,43100.04228538429,9.272442361456342,8.177650399676144,3.176346098790535,65.58183095296395,43092.62301773697,43316.58795216256,43106.21504761905,0.0004744076446216005,43116.346221180735,43111.71000000001,43107.07377881928
2024-02-03 09:30:00,43111.1,43111.1,43110.0,43110.0,7.19561,66.96381540538528,4.784136611779104,2.3033752299994017,2.4807613817797023,24.938287444637012,43109.15201706189,43100.80826343165,6.9618074760219315,7.288415881007496,3.028035663162536,36.80222668941063,43096.09453489906,43316.586944847535,43107.28866666666,0.0007094474611146643,43115.59290373801,43112.112,43108.63109626199
2024-02-03 09:31:00,43110.0,43111.13,43110.0,43111.12,1.8675,69.94329609150847,4.8792535373722785,2.8185508914739774,2.060702645898301,25.05126559097198,43109.644012796416,43101.60147393691,6.952571562607773,5.869923001996303,2.8924616872221676,27.022761256050156,43099.010609315206,43316.586684834736,43108.32923809524,0.0009117854795326635,43115.592285781306,43112.116,43108.6397142187
2024-02-03 09:32:00,43111.12,43117.61,43111.12,43117.6,6.16891,81.51681999117633,5.415094393174513,3.3378595918140848,2.0772348013604285,26.062542334886498,43111.63300959731,43102.832129787916,11.149110606231261,3.8656746483170443,3.1494287095632956,125.66252323843975,43101.460111824774,43316.58585302732,43110.07399999999,0.001111107075770521,43118.394555303115,43112.82,43107.245444696884
2024-02-03 09:33:00,43117.6,43117.61,43117.6,43117.6,1.30273,81.51681999117633,5.7732022500786115,3.8249281234669903,1.9482741266116212,27.001585025664266,43113.124757197984,43103.96811980424,13.545876246600528,3.4967483997679722,2.9251838017374916,145.5070558937229,43104.36709169632,43316.58567736986,43111.59733333333,0.001297670145235343,43120.2549381233,43113.481999999996,43106.709061876696
2024-02-03 09:34:00,43117.61,43123.0,43117.6,43122.99,9.4333,87.35078744148045,6.417951115174219,4.343532721808437,2.0744183933657823,28.493620801800972,43115.59106789849,43105.431341357755,19.074528649740387,4.5174383633470105,3.1019563873277747,169.5316520842119,43106.75081519098,43316.58443986624,43113.617809523814,0.001489559794981268,43125.39926432487,43115.862,43106.32473567513
2024-02-03 09:35:00,43123.0,43133.96,43119.54,43119.54,6.82265,70.3060099622393,6.574743518140167,4.789774881074782,1.7849686370653846,30.765749131954212,43116.578300923866,43106.51662279177,15.456942360877292,4.34408786318517,3.9103880739470944,159.04509283834025,43110.00065215278,43316.583528899646,43114.90542857143,0.001658223787594333,43125.498471180435,43117.77,43110.04152881956
2024-02-03 09:36:00,43119.55,43119.55,43119.54,43119.54,1.68401,70.3060099622393,6.622660716835526,5.156352048226932,1.466308668608594,32.875582581382226,43117.3187256929,43107.518421038556,7.8776044006081065,4.334795320609803,3.631788925808162,56.14291899477657,43114.79252172223,43316.58330405036,43115.95314285714,0.0018008392753559315,43123.3928022003,43119.454,43115.515197799694
2024-02-03 09:37:00,43119.54,43119.55,43119.54,43119.55,1.9175,70.33017474510302,6.585528485426039,5.442187335666754,1.1433411497592854,34.83471364156538,43117.876544269675,43108.443927112516,6.975179644970922,4.43959663118994,3.3730897168220104,45.28975279264078,43118.626017377785,43316.58304803906,43116.76219047619,0.001916401579710909,43123.33158982248,43119.844,43116.35641017751
2024-02-03 09:38:00,43119.54,43125.73,43119.54,43125.73,5.64903,81.49694369049689,6.974378976643493,5.748625663862102,1.225753312781391,37.0612587180695,43119.83990820226,43109.77362502694,10.054918548965361,5.254156494277617,3.574297594192033,93.36549317455012,43133.96,43316.58231747983,43118.24542857143,0.002033135553735142,43126.49745927448,43121.469999999994,43116.44254072551
2024-02-03 09:39:00,43125.72,43132.07,43125.72,43132.07,3.08433,87.35555183398378,7.70530880336446,6.139962291762574,1.565346511601886,39.46136445042602,43122.897431151694,43111.488730794095,20.01235645711131,6.469099577897682,3.772562051749641,159.85268156077777,43133.6716,43316.581931852554,43120.40504761904,0.002170394125937914,43133.292178228556,43123.286,43113.279821771444
2024-02-03 09:40:00,43132.06,43132.07,43121.7,43121.71,3.67043,53.89413957011179,7.363726088646217,6.3847150511393025,0.9790110375069148,40.647353170756276,43122.60057336377,43112.274982271476,18.98748922192317,5.536062119375141,4.243807619481997,63.2044975402645,43133.388968,43316.58144718193,43120.954,0.0022643130178208147,43133.21374461097,43123.72000000001,43114.22625538905
2024-02-03 09:41:00,43121.71,43121.71,43106.43,43106.44,6.40214,32.1275051021301,5.794067539070966,6.266585548725635,-0.47251800965466906,38.859170992703795,43118.56043002283,43111.82613748136,33.91603672361816,6.545855466707537,5.032107075233199,-168.6495041147851,43133.11198864,43316.58053555853,43119.36590476191,0.002251542993859235,43138.05801836181,43121.1,43104.14198163819
2024-02-03 09:42:00,43106.44,43106.44,43100.03,43100.03,4.19993,26.696249596809494,3.986909786108299,5.810650396202168,-1.8237406100938687,36.33376634200498,43113.92782251712,43110.918742290494,48.15987719218538,9.174470642726389,5.130527998431077,-202.5995172325601,43132.07,43316.57991927771,43116.995904761905,0.002134409611393666,43141.27593859609,43117.195999999996,43093.1160614039
2024-02-03 09:43:00,43100.03,43100.04,43100.03,43100.04,2.65659,26.719441437567752,2.5264083011861658,5.153801977198968,-2.627393676012802,33.98874773778465,43110.455866887845,43110.08191596046,51.04690434625081,10.890193571471732,4.764775998543288,-135.60577453745086,43130.1476,43316.579529480194,43114.763047619046,0.0019482769043785509,43137.58145217313,43112.058000000005,43086.53454782688
2024-02-03 09:44:00,43100.03,43100.04,43099.99,43099.99,3.63717,26.668816556034116,1.3493611742451321,4.392913816608201,-3.0435526423630685,31.80562179347941,43107.83940016588,43109.30561473274,33.6399507066817,11.818398294754818,4.428006284361833,-97.97499151769647,43128.340544,43316.578995682685,43112.628761904765,0.0017198911147127084,43122.46197535335,43105.64200000001,43088.822024646666
2024-02-03 09:45:00,43100.0,43100.0,43099.99,43099.99,2.5753,26.668816556034116,0.4117959189534304,3.596690237077247,-3.1848943181238165,29.778433416624544,43105.87705012441,43108.58902898407,10.284320283404668,12.483684883058483,4.112434406907561,-77.0184865739681,43126.07250048,43316.57861772868,43110.58980952381,0.0014696568804040452,43106.4401601417,43101.297999999995,43096.15583985829
2024-02-03 09:46:00,43100.0,43100.0,43095.71,43095.72,8.54343,21.62920028162236,-0.6680833656064351,2.7437355165405104,-3.4118188821469455,28.04239811908237,43103.33778759331,43107.5991036776,6.8684795815788675,13.24251492731585,4.125117663557083,-76.20665864182878,43123.9859004416,43316.57733917539,43108.08752380952,0.0011933225731388325,43102.588239790784,43099.153999999995,43095.719760209206
2024-02-03 09:47:00,43095.71,43095.72,43080.0,43080.0,8.91181,11.78810256323635,-2.760546242512646,1.6428791647298788,-4.4034254072425245,28.143966435504883,43097.50334069498,43105.476095702405,31.0153852772346,15.77868028741274,4.95332354473166,-123.78945480630847,43121.15831039744,43316.57591058194,43103.69761904762,0.0008378217413707724,43110.65569263862,43095.148,43079.640307361384
2024-02-03 09:48:00,43080.01,43080.01,43072.5,43072.5,11.01058,9.351991192138797,-4.966771616243932,0.32094900853511676,-5.287720624779048,28.819810116574292,43091.25250552123,43102.93947295607,45.18125571603014,17.34821699022494,5.1359432915366865,-178.25701624817845,43116.21931314975,43316.57408961747,43098.66580952381,0.0004089455053452052,43112.230627858014,43089.64,43067.049372141984
2024-02-03 09:49:00,43072.5,43072.51,43061.97,43061.98,8.10112,6.938463592884318,-7.4778966627127375,-1.238820125714454,-6.239076536998283,30.109595242567632,43083.93437914093,43099.78874426715,56.76397910936794,17.491055507361377,5.521947342141272,-155.08322181334185,43110.098609308785,43316.57269209965,43092.712190476195,-9.912188567063173e-05,43110.419989554684,43082.038,43053.65601044532
2024-02-03 09:50:00,43061.98,43069.45,43061.97,43069.44,7.88629,23.69567247467377,-8.764984415211075,-2.744052983613778,-6.020931431597297,31.307252859561455,43080.31078435569,43097.45422547737,45.84134252539661,15.982076818875822,5.661808246273748,-106.43856396428578,43102.39803181938,43316.57137152002,43088.30142857143,-0.000604419823833796,43098.8486712627,43075.928,43053.0073287373
2024-02-03 09:51:00,43069.44,43072.51,43069.44,43072.51,3.95619,29.92676798425346,-9.428600353312504,-4.0809624575535235,-5.3476378957589805,31.919041711496913,43078.36058826677,43095.535438902196,23.24926520739973,15.366707176716632,5.4766790858256025,-66.14769265271063,43095.92954672828,43316.57071728065,43084.777142857136,-0.001071067151849904,43082.9106326037,43071.286,43059.6613673963
2024-02-03 09:52:00,43072.51,43072.51,43069.41,43069.41,4.74848,27.23212442451785,-10.088372380567307,-5.28244444215628,-4.805927938411027,32.48929276755886,43076.122941200076,43093.52578975588,15.395694357634056,15.136720491647054,5.306916293980812,-57.01529868395019,43090.496019251754,43316.56992204992,43081.28752380953,-0.0015037324659462068,43076.865847178815,43069.168,43061.47015282118
2024-02-03 09:53:00,43069.42,43069.45,43063.86,43069.44,11.7055,27.30813396968722,-10.487927417532774,-6.32354103723158,-4.164386380301194,33.409992354416794,43074.45220590006,43091.673036697735,13.990866048043245,14.183042947539352,5.3271365586962185,-61.62746115156962,43085.931856171475,43316.56796198279,43078.33828571429,-0.001891977376066238,43075.55143302402,43068.556,43061.560566975975
2024-02-03 09:54:00,43069.44,43073.03,43069.44,43073.02,9.6916,36.76654849407983,-10.395864527199592,-7.138005735225183,-3.2578587919744093,33.646710456223616,43074.094154425045,43090.238187720985,6.567143420121283,12.193608049306558,5.203055375931953,-24.45786711565095,43082.09795918404,43316.56636267234,43076.46285714286,-0.0022138737062307344,43074.04757171006,43070.764,43067.48042828994
2024-02-03 09:55:00,43073.02,43073.03,43073.02,43073.02,1.73456,36.76654849407983,-10.205264091448043,-7.751457406469756,-2.4538066849782876,33.8665201221871,43073.82561581878,43088.91371174245,6.752915568591561,8.94681101110795,4.832122849079816,19.260663506990976,43078.87748571459,43316.566076437,43075.05114285714,-0.0024731729578980695,43074.85645778429,43071.479999999996,43068.1035422157
2024-02-03 09:56:00,43073.02,43073.03,43072.98,43072.99,4.82744,36.708911045517375,-9.942027122226136,-8.189571349621032,-1.7524557726051047,34.07411318712095,43073.61671186408,43087.68881083919,7.025372066535056,4.528294938859138,4.490542645573803,63.37585681656105,43076.172288000256,43316.56527972314,43073.95371428571,-0.002674706428286313,43075.08868603327,43071.576,43068.06331396673
2024-02-03 09:57:00,43072.99,43072.99,43063.0,43063.0,2.53507,22.570140870690736,-10.419410954062187,-8.635539270509263,-1.783871683552924,35.041798654731544,43070.96253389806,43085.78967154387,15.601261894989875,4.127187575187995,4.883361028032671,-81.4964296801533,43073.899921920216,43316.564844181325,43071.78180952381,-0.0028689315236956805,43078.0946309475,43070.294,43062.49336905251
2024-02-03 09:58:00,43063.01,43063.01,43042.06,43046.63,28.14775,12.843180365574597,-11.980558845629275,-9.304543185533266,-2.6760156600960094,36.985650165010256,43064.879400423546,43082.777389117415,41.23139246822393,8.248678315675065,6.03097809745922,-257.38230445127647,43073.03,43316.55969611104,43067.780000000006,-0.0031185020744801013,43086.347696234116,43065.732,43045.11630376589
2024-02-03 09:59:00,43046.64,43053.06,43040.0,43053.05,6.6909,27.539590448339112,-12.55501307582017,-9.954637163590647,-2.6003759122295236,38.86816232381441,43061.92205031766,43080.49066687762,42.302403300549486,9.287779878387253,6.533051090497681,-158.5999019953558,43072.99,43316.55850151519,43065.142380952384,-0.003359257410861429,43082.88920165027,43061.738,43040.58679834972
2024-02-03 10:00:00,43053.05,43069.0,43053.05,43068.12,18.43591,50.87341518934291,-11.659841739638068,-10.295678078800131,-1.3641636608379368,38.36133792162643,43063.471537738245,43079.539077117806,38.693092471847194,9.246710499944571,7.205690298319068,-14.820930952565359,43040.0,43316.555398256925,43064.961142857144,-0.0035089175767458723,43080.10454623592,43060.757999999994,43041.41145376407
2024-02-03 10:01:00,43068.11,43077.6,43068.11,43077.58,9.30338,60.46385631754844,-10.07097711168899,-10.250737885377903,0.17976077368891374,36.94048660307851,43066.998653303686,43079.38837887798,43.70831697748508,9.760772087026583,7.368855277010417,80.30928857026001,43040.0,43316.553891907744,43066.30409523809,-0.0035413957833163316,43083.53015848874,43061.676,43039.82184151126
2024-02-03 10:02:00,43077.58,43078.03,43057.43,43057.43,11.08961,40.33654183981259,-10.318778589935391,-10.2643460262894,-0.054432563645990584,36.31387794934071,43064.60648997776,43077.699272810445,44.07542132574599,10.110048717584535,8.313937042938141,-6.907598358226407,43041.504,43316.551944969535,43064.983428571424,-0.003578378096992928,43082.59971066287,43060.562,43038.524289337125
2024-02-03 10:03:00,43057.43,43074.0,43057.43,43074.0,4.94093,55.089179688232996,-9.073508767032763,-10.026178574438074,0.9526698074053108,35.73202705658418,43066.95486748332,43077.41471336349,37.6821105149138,10.40951191957873,8.903655825585396,35.709212012560016,43043.69556,43316.55113299866,43066.015619047605,-0.0035347052060825026,43084.87705525746,43066.036,43047.19494474254
2024-02-03 10:04:00,43073.99,43074.03,43073.99,43074.02,5.02421,55.10525818604798,-7.992872765993525,-9.619517412749165,1.62664464675564,35.188190534285,43068.72115061249,43077.1535815663,28.334661965840496,10.490172361849925,8.270537552329358,85.70837879741352,43045.7556264,43316.550307415586,43066.936,-0.003431877939292706,43084.39733098292,43070.23,43056.06266901708
2024-02-03 10:05:00,43074.03,43076.92,43074.02,43076.91,6.52924,57.72936977588037,-6.824592448756448,-9.060532419950622,2.235939971194174,34.32963409997366,43070.76836295937,43077.13484452274,29.697626246197615,10.8461586421754,7.886927727163079,96.7430053529651,43047.692088816,43316.54924731741,43068.198095238105,-0.0032740342296626707,43086.8368131231,43071.988,43057.1391868769
2024-02-03 10:06:00,43076.91,43077.41,43076.9,43077.41,6.50626,58.236174323302464,-5.791613938679802,-8.406748723696458,2.6151347850166555,33.470773754242735,43072.42877221953,43077.15601032868,29.596264843057725,11.229076619843514,7.360004318080148,85.13650346686234,43049.51236348704,43316.5481931637,43069.48495238095,-0.003077450410411464,43086.752132421534,43071.954000000005,43057.155867578476
2024-02-03 10:07:00,43077.4,43077.41,43052.79,43053.59,8.30735,34.55297969735075,-6.816469932913606,-8.088692965539888,1.2722230326262824,34.17558856729999,43067.71907916464,43075.3432403034,35.64588970254408,11.955106048301927,8.59286115250318,-57.9039839364619,43051.223421677816,43316.54671314077,43067.51961904761,-0.002965321349865315,43089.00894485127,43071.186,43053.36305514873
2024-02-03 10:08:00,43053.6,43053.6,43053.59,43053.59,2.46263,34.55297969735075,-7.541739216911083,-7.979302215814128,0.4375629989030454,34.830059465138866,43064.18680937348,43073.66991412622,44.37868692089978,10.862995318540818,7.979799641610242,-146.0238803740898,43052.79,43316.54627440613,43065.70523809524,-0.0029088048171736092,43089.29334346046,43067.10400000001,43044.91465653956
2024-02-03 10:09:00,43053.59,43054.67,43053.59,43054.66,8.91433,36.23048940923365,-7.9386682660042425,-7.9711754258521506,0.032507159847908085,35.29708592341679,43061.805107030115,43072.20761303959,45.51988977307337,10.650198201657274,7.486956810066778,-109.9923356964889,43078.03,43316.54469273086,43064.21857142857,-0.00288144752405766,43085.99194488653,43063.231999999996,43040.47205511346
2024-02-03 10:10:00,43054.67,43061.11,43054.66,43061.1,6.17991,46.191615810927395,-7.645451215961657,-7.906030583874052,0.26057936791239467,34.9048970611205,43061.62883027259,43071.35318126732,36.44109258870594,10.779050131470765,7.412888466490372,-55.86050529047508,43077.5412,43316.54362320056,43063.76542857143,-0.00283998245255045,43078.29054629435,43060.07,43041.84945370565
2024-02-03 10:11:00,43061.1,43078.03,43054.07,43078.03,15.76253,63.954096524402495,-5.978053798229666,-7.520435226745175,1.5423814285155082,32.79833185650941,43065.72912270444,43071.8667827083,37.38639342132956,10.833433054051492,8.59482500459814,34.01869932155766,43053.59,43316.54107608565,43065.68285714285,-0.0027085502504975846,43078.88719671067,43060.194,43041.50080328934
2024-02-03 10:12:00,43078.02,43078.03,43078.02,43078.02,4.326,63.9391360722154,-4.604360051591357,-6.937220191714411,2.3328601401230546,30.84223559508482,43068.801842028326,43072.34010711535,43.50937311533198,10.963894358667407,7.981623218555562,82.24034620498249,43054.07,43316.540377014426,43067.45580952381,-0.002517243143971678,43086.83468655767,43065.08,43043.325313442336
2024-02-03 10:13:00,43078.02,43078.03,43069.78,43069.78,7.747,51.92794790862279,-4.132954864886415,-6.376367126348812,2.2434122614623977,29.674147446065632,43069.04638152124,43072.14317579878,37.06123210013902,10.792862330591436,8.000792988658736,43.038057989587024,43054.07,43316.539081879986,43067.83114285714,-0.0023264809208328767,43086.84861605006,43068.31799999999,43049.78738394992
2024-02-03 10:14:00,43069.79,43084.31,43069.78,43084.31,16.20332,65.60143265392333,-2.5574327970753075,-5.612580260494112,3.0551474634188045,27.99246765534419,43072.86228614093,43073.07908535272,32.130148530355655,11.895413707976862,8.467164918040172,89.3429429212928,43054.5492,43316.53653257546,43069.984476190475,-0.002073859000252253,43090.31307426518,43074.248,43058.18292573482
2024-02-03 10:15:00,43084.31,43089.15,43084.3,43089.15,4.12754,69.11316167795374,-0.9078080112158204,-4.671625810638454,3.7638177994226334,25.997804140453272,43076.934214605695,43074.31530955636,26.196028027043212,13.368059966956574,8.208795995322912,125.98018481162504,43055.739632000004,43316.53589672364,43072.62895238095,-0.0017646504322556297,43092.95601401352,43079.858,43066.75998598648
2024-02-03 10:16:00,43089.15,43089.15,43085.12,43089.14,7.73698,69.09567258141783,0.3941807299706852,-3.658464502516626,4.052645232487311,24.14561659091171,43079.98566095428,43075.45567035972,29.53370867871854,14.555877069985511,7.910310567085479,101.6005737042463,43057.744254080004,43316.534704791,43075.1619047619,-0.0014274132783948547,43096.84685433936,43082.08,43067.31314566064
2024-02-03 10:17:00,43089.15,43089.58,43087.91,43087.91,2.60874,66.60785562401469,1.3116456328352797,-2.6644424754462452,3.976088108281525,22.45796107170323,43081.966745715705,43076.41369571667,29.42205234603898,13.994094371053986,7.46457409800782,87.98492573710728,43059.6285988352,43316.53430072641,43077.22885714285,-0.0010886760863314424,43098.769026173024,43084.058000000005,43069.346973826985
2024-02-03 10:18:00,43087.91,43087.92,43087.91,43087.92,0.92547,66.61958123522811,2.0163073586372775,-1.7282925086295409,3.7445998672668184,20.890852375295356,43083.455059286774,43077.29879604616,7.101482389654848,12.395285686719218,6.932104519578316,73.86690317448813,43062.02471092839,43316.534157388094,43079.164666666664,-0.0007613166636979549,43091.23674119483,43087.686,43084.135258805174
2024-02-03 10:19:00,43087.92,43087.92,43072.88,43072.88,4.72881,40.77701295586215,1.345642814936582,-1.1135054439163163,2.459148258852898,20.738342491335743,43080.81129446508,43076.958888658,25.136490371718537,9.608890820764307,7.5112399110370704,-34.81332396797266,43064.22913405412,43316.53337680189,43078.96276190476,-0.000522352836886189,43097.96824518586,43085.4,43072.83175481414
2024-02-03 10:20:00,43072.88,43076.67,43072.88,43073.44,2.8106,41.785993291899054,0.8495307899283944,-0.7208981971473742,1.5704289870757686,20.5967261705161,43078.968470848806,43076.68820491508,29.776192575824098,7.497531187842802,7.24543706024877,-84.91174079669183,43066.25720332979,43316.53291392391,43078.8739047619,-0.00034931778339968413,43097.14609628791,43082.257999999994,43067.36990371208
2024-02-03 10:21:00,43073.45,43073.45,43065.15,43065.16,2.52788,32.0866843625639,-0.20935505062516313,-0.618589567842932,0.4092345172177688,21.06082446416824,43075.516353136605,43075.80141992162,36.090591079584556,9.024230932141247,7.320762984516404,-125.07035994657777,43089.58,43316.532483428484,43077.71885714286,-0.00026474696320191883,43095.50729553979,43077.462,43059.41670446021
2024-02-03 10:22:00,43065.16,43065.16,43040.0,43040.01,9.3802,17.381211302886726,-3.042848457895161,-1.1034413458533778,-1.9394071120417833,22.8691490215089,43066.63976485246,43073.04823377381,63.03397087917256,15.51460174357108,8.594994199908339,-206.73708920193727,43089.091400000005,43316.53072617911,43073.10028571428,-0.0003565934616983136,43099.398985439584,43067.882,43036.36501456041
2024-02-03 10:23:00,43040.01,43045.67,43040.0,43045.67,4.19113,26.48066679469106,-4.776635617919965,-1.8380802002666954,-2.9385554176532693,24.548307539039516,43061.39732363934,43070.94221579121,55.89960898862046,18.220777198393108,8.386066042771905,-146.93536976907635,43087.127744000005,43316.52995710749,43069.36571428571,-0.0005363208679024854,43087.38180449431,43059.432,43031.48219550569
2024-02-03 10:24:00,43045.67,43045.67,43033.29,43033.3,9.54235,20.545978373593243,-7.067361904337304,-2.883936541080817,-4.183425363256487,26.397279476511393,43054.372992729506,43068.04666073035,61.062771746350336,21.68709694614159,8.671347039716581,-122.61204264925152,43085.24263424001,43316.528126137026,43064.06742857143,-0.0008222424728654392,43082.04738587318,43051.516,43020.98461412683
2024-02-03 10:25:00,43033.29,43046.0,43033.29,43045.7,9.25204,37.41752732149204,-7.7923769503468066,-3.865624622934015,-3.9267523274127916,28.071300926573464,43052.204744547125,43066.327686828015,42.50061511945387,21.431931047134384,8.959822251165335,-79.254357119371,43082.1254761856,43316.52642861525,43060.68723809524,-0.001109194147637955,43067.218307559735,43045.96800000001,43024.71769244028
2024-02-03 10:26:00,43045.7,43048.54,43045.69,43048.53,2.49852,40.856974212971146,-8.04585167926416,-4.701670034200045,-3.3441816450641157,29.28306064500114,43051.28605841035,43064.9586339951,21.71738947580161,19.959712104899374,8.523406376081992,-44.49424008180088,43079.19534761447,43316.525974992124,43057.99228571429,-0.0013695120359090377,43053.5006947379,43042.642,43031.7833052621
2024-02-03 10:27:00,43048.53,43048.54,43043.27,43043.27,7.33639,36.39563042893466,-8.572353513271082,-5.475806730014252,-3.09654678325683,30.533147292497894,43049.28204380776,43063.29027753394,21.069827090454055,17.925169659563522,8.29102020636214,-44.6491327514057,43076.4410267576,43316.52461688737,43054.87685714286,-0.0016219822389937225,43053.82891354523,43043.294,43032.759086454775
2024-02-03 10:28:00,43043.28,43043.34,43043.27,43043.34,2.97764,36.506349727948816,-8.881580266264791,-6.15696143726436,-2.7246188290004314,31.69394203660202,43047.79653285582,43061.75564080056,20.55248611816205,14.133187916076492,7.703804477336251,-46.86885460828732,43073.85196515215,43316.524065814854,43052.023238095244,-0.0018548668592968769,43053.104243059075,43042.827999999994,43032.55175694091
2024-02-03 10:29:00,43043.33,43045.49,43043.33,43045.49,4.14606,40.33443661785635,-8.851127377391094,-6.695794625289707,-2.155332752101387,32.43909849780082,43047.21989964187,43060.504437662064,7.711955235587084,11.932443617277496,7.307818443240534,-23.592480854001714,43071.41824724302,43316.52330454513,43049.846476190476,-0.0020512570609002127,43049.12197761779,43045.265999999996,43041.4100223822
2024-02-03 10:30:00,43045.49,43045.52,43045.48,43045.51,2.57975,40.3745653862493,-8.724805286357878,-7.1015967575033425,-1.6232085288545353,33.1261906776747,43046.7924247314,43059.35101938037,7.6836791680252645,8.057351137605687,6.788688554437181,38.447385181530464,43069.13055240844,43316.52283090709,43048.08819047619,-0.0022106672597682034,43049.06983958401,43045.227999999996,43041.38616041598
2024-02-03 10:31:00,43045.51,43045.55,43045.51,43045.55,3.12945,40.470654554477896,-8.52321612345986,-7.385920630694647,-1.1372954927652135,33.75899896400741,43046.48181854855,43058.28940250495,4.33555135790084,4.257847868554597,6.306639371977445,55.17352443830384,43066.980119263935,43316.52225643203,43046.75076190476,-0.0023339584821705952,43046.79977567895,43044.632,43042.46422432105
2024-02-03 10:32:00,43045.55,43048.54,43045.54,43048.53,5.73478,47.96714589449744,-8.030424430326093,-7.514821390620937,-0.5156030397051561,33.81727728609818,43046.99386391141,43057.538679235346,6.616320241781068,4.303625038169853,6.070450845407628,94.5763799742343,43064.9587121081,43316.52121527859,43046.2140952381,-0.0024096856168553237,43048.992160120884,43045.683999999994,43042.3758398791
2024-02-03 10:33:00,43048.53,43052.15,43048.53,43052.14,5.84742,56.01850359636216,-7.264842056159978,-7.464825523728745,0.19998346756876728,33.26051930008566,43048.28039793356,43057.12339621724,10.48847050256154,4.940171456817387,5.8954186421644135,177.04294944860953,43063.05858938161,43316.520167983916,43046.5339047619,-0.002429218084277703,43052.688235251284,43047.444,43042.19976474872
2024-02-03 10:34:00,43052.15,43052.15,43051.36,43051.37,3.86132,53.88438205601931,-6.6436610843011294,-7.3005926358432225,0.656931551542093,32.74352974164547,43049.05279845017,43056.68082727746,11.179693620317266,3.0870161097289177,5.5307458820098745,139.8025480019147,43061.27247401871,43316.51947439751,43046.94857142856,-0.002409011909518719,43054.20984681016,43048.62,43043.030153189844
2024-02-03 10:35:00,43051.37,43053.35,43051.36,43053.35,5.38772,58.73528121676377,-5.923320880319807,-7.0251382847385395,1.1018174044187328,32.04820591024158,43050.12709883763,43056.42460979458,11.237887941795634,3.6426389416737996,5.277835461866167,120.77213715520631,43059.59352557759,43316.51851386554,43047.83742857144,-0.00234936679198285,43055.8069439709,43050.188,43044.569056029104
2024-02-03 10:36:00,43053.35,43053.35,43053.34,43053.34,2.06039,58.69786046210717,-5.292247263183526,-6.678560080427538,1.3863128172440113,31.402548066795102,43050.93032412822,43056.187332118076,7.099950235089636,4.05722258751008,4.901561500304444,98.65033374899684,43058.01531404294,43316.51814652357,43048.83742857142,-0.0022613188525735894,43055.295975117544,43051.746,43048.196024882454
2024-02-03 10:37:00,43053.34,43053.35,43051.36,43051.36,3.91944,50.980573614682676,-4.8954545743981726,-6.321938979221665,1.4264844048234924,31.043655142595632,43051.03774309617,43055.81599887823,3.558635317371227,3.763322499235401,4.693592821711124,57.83851129244882,43056.53179520036,43316.51744248164,43049.446476190475,-0.0021625887189730274,43054.091317658684,43052.312,43050.53268234131
2024-02-03 10:38:00,43051.37,43051.37,43051.32,43051.33,7.40941,50.858997718586835,-4.531181617945549,-5.963787506966442,1.432605889020893,30.71539907529752,43051.110807322126,43055.470922041444,3.903222941036802,3.2404494900380456,4.361907620160538,33.10668454332598,43055.13728748834,43316.51611140233,43049.99733333334,-0.002056856512390943,43054.10161147052,43052.15,43050.19838852948
2024-02-03 10:39:00,43051.32,43051.33,43051.32,43051.33,3.37621,50.85899771858683,-4.194145180641499,-5.609859041701454,1.4157138610599551,30.410589869949273,43051.165605491595,43055.15238957672,3.9292397900571814,2.884708651982372,4.051057075863502,22.3021582734654,43053.82645023904,43316.51550488029,43050.37647619047,-0.0019469589909390014,43054.106619895036,43052.14200000001,43050.17738010498
2024-02-03 10:40:00,43051.33,43051.33,43048.64,43048.64,4.4406,38.8854382201869,-4.096875662165985,-5.30726236579436,1.2103867036283749,30.48911067381753,43050.534204118696,43054.65143653235,5.984669527970254,2.4317037020906698,3.95383871330199,-89.03186274494867,43052.594263224695,43316.5146990572,43050.34333333333,-0.0018473912013834113,43054.19233476398,43051.2,43048.20766523601
2024-02-03 10:41:00,43048.64,43048.65,43048.64,43048.64,1.69585,38.8854382201869,-3.973979308233538,-5.040605754282195,1.066626446048657,30.562022848838062,43050.06065308902,43054.189018337565,5.291074502427364,1.8264116623833624,3.672135948066279,-167.84026465048828,43051.43600743121,43316.51439131739,43050.309142857135,-0.0017554141754192397,43052.90553725121,43050.259999999995,43047.61446274878
2024-02-03 10:42:00,43048.65,43048.65,43035.4,43042.93,11.98427,22.61283982684043,-4.287904053067905,-4.890065414039338,0.6021613609714329,32.01321662963427,43048.277989816765,43053.32294000391,12.270876637237961,3.09019265957791,4.356269094632974,-229.51063829790408,43051.33,43316.51217023879,43049.46247619048,-0.0016949460199672702,43054.70943831863,43048.57400000001,43042.43856168139
2024-02-03 10:43:00,43042.93,43042.93,43042.88,43042.89,5.12547,22.53357052186277,-4.488182368222624,-4.809688804875995,0.32150643665337064,33.36075371180218,43046.93099236257,43052.52040615746,13.567031123340712,3.8232529210548916,4.048678445016541,-136.47981183844686,43050.2476,43316.51122019309,43048.61438095238,-0.0016550574425648861,43053.66951556167,43046.886,43040.10248443833
2024-02-03 10:44:00,43042.88,43048.68,43042.88,43045.53,10.91113,39.36735126367511,-4.383349910087418,-4.7244210259182795,0.3410711158308617,33.268367948524876,43046.58074427192,43051.98268260689,10.257750900665997,3.952763394852696,4.173772841801282,-58.302028549987504,43049.230144,43316.50921726558,43048.14304761904,-0.0016154635042718072,43050.85487545033,43045.725999999995,43040.59712454966
2024-02-03 10:45:00,43045.52,43048.18,43045.52,43048.18,4.60787,51.94569871419179,-4.039867500883702,-4.587510320911364,0.5476428200276624,33.182581168338814,43046.98055820394,43051.690168560206,9.858211477912846,3.636445396802999,4.065646210244297,-13.571804313417058,43048.68,43316.50837969168,43048.02485714286,-0.0015625930324789043,43050.563105738955,43045.634,43040.70489426104
2024-02-03 10:46:00,43048.17,43050.95,43048.17,43050.95,6.15607,61.86816972426142,-3.503750314186618,-4.3707583195664155,0.8670080053797973,32.488599722697565,43047.97291865296,43051.63323251712,12.46135841422074,3.343693335917634,3.973814338083907,56.380675583426004,43033.29,43316.50727226062,43048.25095238095,-0.0014874828162806828,43052.32667920711,43046.096,43039.86532079289
2024-02-03 10:47:00,43050.95,43056.86,43050.94,43056.86,4.63197,75.05538974868479,-2.5723337113377056,-4.011073397920674,1.4387396865829682,30.696338450137517,43050.19468898972,43052.03529155427,19.22979889223643,4.253750842973484,4.112827599649218,145.390388413317,43033.6432,43316.50645755393,43049.242,-0.0013709859893634877,43058.496899446116,43048.882,43039.26710055388
2024-02-03 10:48:00,43056.86,43056.86,43056.85,43056.85,1.7005,75.00272301350302,-1.8140747351862956,-3.5716736653737984,1.7575989301875028,29.03209583990319,43051.85851674229,43052.405653742404,18.257404343006783,4.932871668620111,3.8197684853887046,147.96726150533806,43034.571872,43316.50615844661,43050.18676190476,-0.0012291347038228062,43060.8027021715,43051.674,43042.545297828496
2024-02-03 10:49:00,43056.86,43056.86,43045.48,43045.48,7.86795,38.31740394278124,-2.106332520423166,-3.278605436383672,1.172272915960506,28.975321402314673,43050.26388755672,43051.87291114684,18.31134329708584,5.009039119517647,4.359785022146467,11.296618008826806,43035.46339712,43316.504713932576,43049.563333333324,-0.0011255689420407709,43060.81967164855,43051.664000000004,43042.50832835146
2024-02-03 10:50:00,43045.49,43045.49,43033.25,43043.99,9.32802,35.580647397578375,-2.430166027144878,-3.1089175545359136,0.6787515273910354,29.982566471996005,43048.69541566754,43051.26653336632,21.76409551006509,5.225854593807328,4.922657520564431,-104.05387758148197,43056.86,43316.50299196233,43048.816190476195,-0.001056663400481748,43061.70804775503,43050.826,43039.94395224497
2024-02-03 10:51:00,43043.99,43043.99,43043.98,43043.99,2.97872,35.58064739757836,-2.656187537802907,-3.0183715511893126,0.3621840133864054,30.917865465271525,43047.51906175065,43050.70680003045,24.334397330050706,5.389632600686195,4.571753411952311,-62.67849876959335,43056.86,43316.50244208953,43048.1580952381,-0.001011875470066452,43061.60119866502,43049.433999999994,43037.26680133497
2024-02-03 10:52:00,43043.99,43043.99,43040.04,43040.04,3.78423,27.957811371849104,-3.118099689592782,-3.0383171788700065,-0.07978251072277542,32.07796582095663,43045.64929631299,43049.88627695118,22.73817471844086,5.743561091840646,4.52734245395551,-97.75545704503723,43056.387800000004,43316.50173339693,43047.04352380952,-0.0010011124254035203,43057.43908735922,43046.07,43034.70091264078
2024-02-03 10:53:00,43040.04,43040.05,43035.69,43035.7,2.95981,21.799925658319722,-3.7906736012300826,-3.1887884633420223,-0.6018851378880603,33.451765279031406,43043.16197223474,43048.79502487802,14.247434494129266,6.7442948413302615,4.515389421530157,-121.22318786981711,43055.925044,43316.50117039878,43045.45780952381,-0.0010313402959233567,43048.96371724707,43041.840000000004,43034.71628275294
2024-02-03 10:54:00,43035.7,43035.7,43024.71,43033.95,15.05227,19.700348112169806,-4.4140215536317555,-3.433835081399969,-0.9801864722317863,35.33951185732614,43040.85897917605,43047.6530998874,16.574535098741762,7.877349358149835,4.977861605706429,-133.6004641549371,43055.47154312,43316.49828943338,43043.78761904762,-0.001093656491065989,43047.82126754937,43039.534,43031.24673245063
2024-02-03 10:55:00,43033.95,43044.02,43033.91,43033.91,6.89627,19.648443226122836,-4.855288222286617,-3.7181257095772993,-1.1371625127093181,35.65826794346399,43039.12173438204,43046.595938357605,15.727750182544696,8.615757954870698,5.344442919584063,-63.46238559046428,43054.2410813952,43316.496969337975,43042.252,-0.0011728391491507093,43045.38187509127,43037.518,43029.654124908724
2024-02-03 10:56:00,43033.92,43033.92,43018.34,43025.99,12.90904,12.083844386186243,-5.777473923117213,-4.129995352285283,-1.6474785708319306,36.82271347076011,43035.83880078653,43045.01086617625,18.199662796920165,9.946664691135904,6.075554139613898,-144.1509807071544,43053.059838139394,43316.49442904618,43039.80066666666,-0.001293560272080964,43043.01783139845,43033.91799999999,43024.81816860153
2024-02-03 10:57:00,43025.99,43026.0,43004.0,43012.52,13.6806,6.7668379094904765,-7.508673843454744,-4.805731050519175,-2.702942792935569,38.47666326609758,43030.009100589894,43042.51156877808,34.5222990848124,12.080011802896449,7.213014558212905,-182.19962453063113,43050.97664785103,43316.49161214717,43035.71466666667,-0.0014955084134044496,43045.67514954241,43028.414000000004,43011.1528504576
2024-02-03 10:58:00,43012.52,43012.52,43005.83,43005.83,3.30116,5.3609682235195635,-9.3131333383717,-5.70721150808968,-3.6059218302820195,40.01247379033952,43023.964325442415,43039.6899096413,45.64005204089335,13.561695266707025,7.175656375483058,-153.4391143911526,43047.21851602295,43316.4909174712,43031.025904761904,-0.0017706320330276375,43045.26002602044,43022.439999999995,42999.61997397955
2024-02-03 10:59:00,43005.83,43016.79,43005.83,43016.79,6.61534,32.80562904853241,-9.746449086946086,-6.515059023860961,-3.231390063085125,40.8158744607727,43022.17074408181,43037.92837813043,39.658190155474585,13.460359482742993,7.445966634377063,-88.13734630853376,43043.76103474111,43316.48957450091,43028.17657142858,-0.0020297830432895445,43038.83709507774,43019.008,42999.178904922264
2024-02-03 11:00:00,43016.78,43022.47,43016.78,43022.46,14.32782,43.05699450141632,-9.522563145379536,-7.116559848164677,-2.406003297214859,40.77952452240286,43022.24305806136,43036.73850288963,28.572292286116863,12.53447763704109,7.320540446207439,-32.010735528812816,43040.58015196182,43316.48672090102,43026.382190476186,-0.0022374159101840293,43031.00414614306,43016.718,43002.43185385694
2024-02-03 11:01:00,43022.46,43039.94,43022.46,43039.94,18.21661,63.60078133887194,-7.8442187393593485,-7.2620916264036115,-0.582127112955737,38.80701182837841,43026.66729354602,43036.984771898125,46.28566134767607,11.982010667443824,8.046216128621422,66.30410289300134,43004.0,43316.48330855815,43027.18980952381,-0.0023179401752892004,43042.65083067383,43019.507999999994,42996.365169326156
2024-02-03 11:02:00,43039.93,43039.94,43026.6,43026.6,10.18748,47.80587559367006,-7.504043278917379,-7.310481956906365,-0.19356132201101417,36.97539289821284,43026.65047015952,43036.18594329058,44.94630768260686,11.037600870306362,8.424343548005876,52.8890821936009,43004.7188,43316.48130821929,43026.37990476191,-0.0023658466671760228,43044.797153841304,43022.324,42999.8508461587
2024-02-03 11:03:00,43026.6,43036.31,43026.6,43036.31,11.63055,57.109643890828345,-6.377420986224024,-7.123869762769897,0.7464487765458729,35.27460389163053,43029.06535261964,43036.19548611438,34.365256147735636,11.102534279003333,8.51617615171968,65.5518789883986,43005.423224000006,43316.47910105795,43027.15276190476,-0.0023411668715804866,43045.602628073866,43028.42,43011.23737192613
2024-02-03 11:04:00,43036.3,43036.34,43036.3,43036.31,4.45853,57.109643890828345,-5.422062540543266,-6.7835083183245715,1.3614457777813058,33.691947409169764,43030.87651446473,43036.20429487482,26.52349927839532,11.32658351323907,7.910734998024959,91.17960496091395,43006.11355952,43316.478254959715,43028.01295238096,-0.0022643449844388513,43045.5857496392,43032.324,43019.0622503608
2024-02-03 11:05:00,43036.3,43040.0,43036.3,43039.99,7.78494,60.91215170065702,-4.318211193749448,-6.290448893409547,1.9722376996600985,31.80481691083469,43033.15488584855,43036.49550296138,19.583779764274368,11.963556915921393,7.60996821245154,86.7723630970505,43006.7900883296,43316.4767970235,43029.43695238096,-0.0021347698412100802,43045.62188988214,43035.83,43026.038110117865
2024-02-03 11:06:00,43039.99,43044.79,43039.93,43039.93,26.93004,60.8066774583847,-3.4089463357886416,-5.714148381885366,2.305202046096724,29.53377488346532,43034.84866438641,43036.75969504127,19.57706938884803,12.715316951901125,7.413541911562186,89.33221655368995,43008.11848479642,43316.471752684345,43030.89104761905,-0.0019715211498089794,43045.616534694425,43035.828,43026.03946530558
2024-02-03 11:07:00,43039.93,43039.94,43039.93,43039.93,4.47573,60.8066774583847,-2.6577109475183534,-5.102860895011963,2.4451499474936096,27.42495014376519,43036.11899828981,43037.00356465348,7.133448939202935,12.022559796804707,6.8847174893078895,75.22724861170822,43010.318775708634,43316.47091434099,43032.346190476186,-0.0017888751023877835,43042.0607244696,43038.494,43034.9272755304
2024-02-03 11:08:00,43039.93,43045.0,43039.93,43044.99,7.99857,67.61639923407647,-1.6352021852289909,-4.409329153055369,2.774126967826378,26.015158629066388,43038.33674871735,43037.617905833984,11.065128544723848,9.165183252708585,6.755094811500163,103.79467544898228,43012.387049166115,43316.46944356466,43034.43571428571,-0.0015746255148953057,43045.76256427236,43040.229999999996,43034.697435727634
2024-02-03 11:09:00,43044.99,43045.0,43044.99,43045.0,3.26251,67.62973734237781,-0.8146588280505966,-3.6903950880544145,2.875736260003818,24.706066508274642,43040.002561538015,43038.18575923137,9.886534562436282,7.32502746618896,6.2733023249645825,114.96438525863,43014.99608523282,43316.468843681294,43036.421428571426,-0.0013452865911717255,43046.91126728122,43041.968,43037.02473271878
2024-02-03 11:10:00,43045.0,43045.0,43044.99,43045.0,3.40645,67.62973734237781,-0.162499117119296,-2.984815893867391,2.822316776748095,23.49048096753945,43041.25192115351,43038.70993159818,9.928606630404829,5.558834873541394,5.825923587467258,93.76379239903166,43017.396398414196,43316.46821733426,43038.301523809525,-0.001113064217708215,43047.9343033152,43042.97,43038.0056966848
2024-02-03 11:11:00,43045.0,43045.0,43042.86,43042.87,7.11525,60.04426341922962,0.18038953523500822,-2.3517748080469114,2.5321643432819196,22.063249046481786,43041.65644086513,43039.029936859864,7.968952603827347,5.666633493565881,5.562643331219555,57.79850932919205,43019.60468654106,43316.4668987911,43039.71657142857,-0.0008963794157460424,43047.54247630191,43043.558,43039.57352369808
2024-02-03 11:12:00,43042.86,43042.87,43042.86,43042.86,3.58376,60.00634555734749,0.4461810487846378,-1.7921836366806017,2.2383646854652395,20.737962262642533,43041.957330648846,43039.32455710141,4.177235160081182,3.3526290895468023,5.1660259504183035,29.539229622400732,43021.636311617774,43316.46623465692,43040.841238095236,-0.0006977088396902086,43046.23261758004,43044.144,43042.05538241996
2024-02-03 11:13:00,43042.87,43042.87,43042.86,43042.86,1.53541,60.00634555734749,0.649337578783161,-1.3038793935878492,1.9532169723710102,19.507338820506078,43042.18299798663,43039.59651424746,4.1870139236416435,2.8704518864259696,4.797738382531428,13.206693803933012,43023.50540668835,43316.46595011925,43041.61323809523,-0.0005182804459868307,43045.81150696182,43043.718,43041.62449303818
2024-02-03 11:14:00,43042.86,43042.87,43042.86,43042.87,2.77594,60.04268105820859,0.8019036626428715,-0.8827227823417051,1.6846264449845765,18.364617052807944,43042.354748489975,43039.84832084381,3.4160394627106143,2.0702658517517976,4.455757069493614,-7.849958405421683,43025.22497415329,43316.4654357105,43042.13828571428,-0.00035839522731329076,43045.00001973136,43043.292,43041.583980268646
2024-02-03 11:15:00,43042.87,43050.0,43042.86,43049.99,7.05997,77.50466910470153,1.480274199420819,-0.4101233859892003,1.8903975854100192,18.328564776917904,43044.26356136748,43040.62845000967,11.400011823570821,2.90160886874437,4.647488707386885,179.35386168633758,43026.80697622102,43316.46416148421,43043.41828571429,-0.00018546187894998104,43049.990005911786,43044.29,43038.589994088215
2024-02-03 11:16:00,43049.99,43067.81,43049.99,43067.81,7.26366,90.27237815980428,3.4164303271027165,0.3551873566291831,3.0612429704735336,19.97165071612871,43050.15017102561,43042.71933847047,38.673437465695315,7.9514287057744575,5.588382371144944,273.7692967409085,43029.12627859892,43316.46293817675,43046.97857142857,7.001224935910074e-05,43068.61471873285,43049.278000000006,43029.94128126716
2024-02-03 11:17:00,43067.81,43075.39,43067.8,43075.38,9.41551,92.45527585804632,5.49830273110274,1.3838104315238944,4.1144922995788455,21.982667712563607,43056.45762826921,43045.23169704967,53.546225685829995,11.738161961305646,5.731355058920056,195.84475262206985,43033.768325167046,43316.46140075882,43051.15571428571,0.00040402039370885913,43082.55511284291,43055.78199999999,43029.00888715708
2024-02-03 11:18:00,43075.39,43075.39,43068.53,43069.42,15.1419,76.28254055157544,6.5912990279030055,2.425308150799717,4.1659908771032885,23.850040637824584,43059.69822120191,43047.09233573816,49.7651992161409,13.056380500654251,5.811972554711523,115.31688942337364,43039.59535964366,43316.458867221656,43054.1660952381,0.0007484493263716919,43085.97659960807,43061.094,43036.21140039193
2024-02-03 11:19:00,43069.42,43072.35,43069.41,43072.35,2.17302,78.5010979424955,7.606252832767495,3.4614970871932726,4.144755745574223,25.58402978270978,43062.86116590143,43049.035232989074,35.539228309397004,14.151300277614508,5.606831657946061,86.01245470864707,43044.60660929354,43316.4585079493,43057.25180952381,0.0010968896368895244,43084.7596141547,43066.99,43049.2203858453
2024-02-03 11:20:00,43072.35,43088.02,43072.34,43088.01,17.75027,86.56268307716162,9.563994385498518,4.681996546854322,4.881997838644196,28.04705568036196,43069.14837442607,43052.033291989916,28.757485505120712,16.97998483773037,6.326343682378506,112.12094105021302,43048.91628399245,43316.455761544225,43062.11733333333,0.0015019612173765133,43088.97274275256,43074.594,43060.21525724744
2024-02-03 11:21:00,43088.01,43091.1,43074.4,43074.4,10.6899,62.227519629263256,9.903148087658337,5.726226855015125,4.176921232643212,30.466673130694932,43070.46128081955,43053.753807990695,25.535209506357205,16.480882715432582,7.0673191336369765,81.88649458328233,43055.172878553654,43316.45400904745,43064.710285714275,0.0018628612743613372,43088.679604753175,43075.912,43063.14439524682
2024-02-03 11:22:00,43074.4,43074.45,43074.4,43074.45,12.62453,62.274275298176114,10.059999015706126,6.592981287153325,3.4670177285528005,32.713460763146976,43071.45846061467,43055.34582276064,25.640349696128396,15.260163992240392,6.566082052662595,43.98268203034182,43061.63976041399,43316.451939848615,43066.98161904762,0.002175243126020662,43088.54617484806,43075.725999999995,43062.90582515193
2024-02-03 11:23:00,43074.44,43083.8,43074.44,43083.8,3.68944,70.475285169997,10.814113001884834,7.4372076300996275,3.376905371785207,35.18211619771861,43074.543845461,43057.5346056252,24.626039154623868,13.863493088432026,6.765647620329594,82.58191537334787,43066.94260353947,43316.451358508224,43070.219047619044,0.0024798707138580273,43090.91501957731,43078.602,43066.28898042269
2024-02-03 11:24:00,43083.79,43089.1,43083.79,43089.09,5.37631,74.27240452998302,11.703699595018406,8.290506023083385,3.4131935719350217,37.65918044133971,43078.180384095744,43059.96194365403,25.573622902011266,11.345979245670646,6.661672790305886,125.62522750866967,43071.29093490237,43316.4505306371,43073.792285714284,0.002785364230685067,43094.736811451,43081.95,43069.16318854899
2024-02-03 11:25:00,43089.1,43089.1,43076.88,43076.89,5.00324,54.77634002892557,11.294074280864152,8.891219674639538,2.402854606224613,38.74743334180538,43077.85778807181,43061.26410183449,23.222561710703303,7.399746281789985,7.058696162426977,41.08309204762685,43074.44,43316.44971887848,43075.318952380956,0.003017501814998,43091.33728085535,43079.725999999995,43068.11471914464
2024-02-03 11:26:00,43076.88,43076.89,43076.88,43076.88,3.64151,54.76220092851588,10.843637646925345,9.2817032690967,1.5619343778286439,39.7579538922378,43077.61334105385,43062.465324770295,21.6909687287407,6.6435901881141595,6.55521786511091,-22.886215426231267,43091.1,43316.4491280347,43076.52028571429,0.0031845776896031507,43091.067484364365,43080.221999999994,43069.376515635624
2024-02-03 11:27:00,43076.89,43076.92,43076.88,43076.92,3.804,54.8181810344894,10.370348117226968,9.499432238722754,0.8709158785042135,40.697985736034816,43077.440005790384,43063.57722286489,19.87140287888178,6.592033030561848,6.089845160460193,-38.586202265450474,43090.8156,43316.4485109327,43077.40295238096,0.00329484580392495,43090.65170143944,43080.716,43070.78029856056
2024-02-03 11:28:00,43076.91,43077.35,43076.91,43077.35,3.63125,55.528098174192614,9.915658621117473,9.582677515201699,0.3329811059157741,41.596765650803725,43077.41750434279,43064.6366672599,19.340825536099146,5.850988950235665,5.68628479185554,-55.90969825177474,43090.536888,43316.44792291544,43078.018571428576,0.003357831742395053,43089.09641276804,43079.42599999999,43069.75558723194
2024-02-03 11:29:00,43077.34,43077.35,43077.34,43077.34,1.43041,55.503760495708526,9.445623732470267,9.555266758655412,-0.10964302618514488,42.431347000232,43077.39812825709,43065.61384670145,0.880188897572225,5.416128334768301,5.280835878151718,-41.23448093690325,43090.26375024,43316.447691276735,43078.304476190475,0.003379829879752061,43077.51609444878,43077.075999999994,43076.63590555121
2024-02-03 11:30:00,43077.35,43077.35,43077.34,43077.35,5.43869,55.527151159504484,8.970518064932548,9.438317019910839,-0.4677989549782904,43.20631539612969,43077.386096192815,43066.51662772442,0.8768377799569862,4.535367377963465,4.904347601141026,-34.2766463897283,43089.996075235205,43316.44681058338,43078.33123809524,0.0033668666324427835,43077.606418889976,43077.168,43076.72958111002
2024-02-03 11:31:00,43077.34,43077.35,43077.34,43077.34,6.37575,55.49214600459782,8.495258432922128,9.249705302513096,-0.7544468695909679,43.92592890660611,43077.37457214461,43067.34919482254,0.6801973899709992,4.334729201713126,4.554751343916813,-45.55873925509524,43089.7337537305,43316.44577811591,43078.26580952381,0.0033244166099006007,43077.60009869498,43077.259999999995,43076.91990130501
2024-02-03 11:32:00,43077.35,43079.19,43077.34,43079.18,9.71944,60.930456693868926,8.172872585251753,9.034338759060827,-0.8614661738090739,44.73574872779242,43077.825929108454,43068.25925675927,2.9360457207803847,4.0640926998458395,4.361554819351742,-8.703449730977876,43089.47667865589,43316.44421631151,43078.42704761904,0.0032658901024477994,43079.18002286039,43077.712,43076.24397713961
2024-02-03 11:33:00,43079.19,43082.04,43079.18,43082.04,5.93747,68.18198978958797,8.05530107969389,8.83853122318744,-0.7832301434935491,45.69895844938718,43078.87944683134,43069.31931393164,7.352862601983361,3.877237923822281,4.254300903683801,143.62637362622115,43089.22474508277,43316.44327373764,43078.87666666666,0.003205702113505928,43082.32643130099,43078.65,43074.97356869901
2024-02-03 11:34:00,43082.03,43085.0,43082.03,43085.0,3.4475,74.14251695127109,8.107513705479505,8.692327719645853,-0.5848140141663478,46.79882184571767,43080.4095851235,43070.525520552284,11.834385678739636,2.751296568544831,4.162565124849327,203.2227098188859,43088.977850181116,43316.44273336124,43079.628666666664,0.003154150593896221,43086.09919283937,43080.182,43074.26480716063
2024-02-03 11:35:00,43085.0,43100.0,43084.99,43099.99,8.57072,87.90814088527004,9.251811190581066,8.804224413832896,0.44758677674816916,48.57903356712141,43085.304688842625,43072.79201897134,32.27824946063629,7.21136368062781,4.937381901645949,234.621394230693,43076.88,43316.44147696856,43082.407999999996,0.0031724304183404677,43100.84912473032,43084.71,43068.57087526968
2024-02-03 11:36:00,43099.99,43120.07,43099.99,43120.06,16.41554,93.48265728077688,11.643932454506285,9.372166021967574,2.27176643253871,50.80249387691329,43093.99351663197,43076.42801751201,60.81828945275629,14.124682159997127,6.018997480099935,220.3396076651845,43077.342399999994,43316.4392937567,43087.61961904762,0.003321533926848358,43123.66314472638,43093.254,43062.84485527362
2024-02-03 11:37:00,43120.06,43120.07,43103.26,43103.27,13.23164,63.906408087182534,12.04603392961144,9.906939603496348,2.1390943261150923,52.8671355931486,43096.31263747397,43078.492785395705,54.90565766658983,14.83647968509128,6.789783374378344,117.69892924631465,43079.051503999995,43316.437383575285,43090.15819047619,0.003469210413198995,43125.524828833295,43098.072,43070.619171166705
2024-02-03 11:38:00,43103.27,43110.56,43103.26,43110.56,4.77473,69.01419639813615,12.805332419462502,10.486618166689578,2.3187142527729243,54.784302901081396,43099.87447810548,43080.95949421143,46.589932084214524,15.893759134826363,6.826227419065293,84.04432167589047,43080.69224383999,43316.43671785414,43093.48333333333,0.003635864059889079,43127.070966042105,43103.776,43080.48103395789
2024-02-03 11:39:00,43110.55,43110.56,43110.39,43110.4,2.29698,68.757925523112,13.24153115174704,11.037600763701072,2.2039303880459684,56.56452968701899,43102.505858579105,43083.22414850286,27.748960547090974,16.12413200017324,6.350782603417647,76.22900735091277,43082.26735408639,43316.436397348225,43096.58266666666,0.0038002302003959524,43122.730480273545,43108.856,43094.981519726454
2024-02-03 11:40:00,43110.39,43110.4,43105.03,43105.04,2.02244,59.82722137854288,13.004803307783732,11.431041272517604,1.5737620352661281,57.035391015950495,43103.13939393433,43084.90229092572,23.425244746016688,15.199166514992188,6.280726703173717,45.31432248722919,43083.77945992294,43316.43610780937,43098.6481904762,0.003924258762776098,43121.57862237301,43109.866,43098.15337762699
2024-02-03 11:41:00,43105.04,43105.04,43105.03,43105.03,2.96804,59.80982928124571,12.670332167268498,11.678899451467782,0.9914327158007161,57.47261939281547,43103.61204545075,43086.45057623913,12.102361236975412,13.59932275551045,5.832817652947169,24.557210425707726,43085.23108152602,43316.4356828768,43100.4441904762,0.004008218316383736,43112.91118061849,43106.86,43100.80881938151
2024-02-03 11:42:00,43105.03,43105.04,43100.39,43100.39,13.07397,51.477444302292426,11.89374842849793,11.721869246873812,0.1718791816241172,56.89223147408084,43102.80653408806,43087.52283960535,15.292864072151133,11.46855393683044,5.74833067773676,-17.79629901605438,43086.62463826498,43316.433770022115,43101.35380952381,0.0040328515088929205,43113.930432036075,43106.284,43098.637567963924
2024-02-03 11:43:00,43100.4,43115.36,43100.39,43115.35,5.79306,68.47144649180369,12.343162896082504,11.84612797671555,0.49703491936695343,56.963151487292734,43105.94240056604,43089.663390404945,20.583819944251445,9.665267108600794,6.407021343612789,61.632351128172644,43087.96245273438,43316.432981139755,43104.03866666666,0.004076642752858985,43117.533909972124,43107.242,43096.95009002787
2024-02-03 11:44:00,43115.35,43123.43,43115.35,43123.43,3.9767,74.30421680972746,13.199163827710436,12.116735146914527,1.0824286807959087,57.40293444479119,43110.31430042453,43092.260821912256,33.49156137614045,8.121392631116509,6.526519819069144,199.86356234321738,43089.246754625005,43316.43246136777,43107.43885714286,0.0041600525883089936,43126.59378068807,43109.848,43093.10221931193
2024-02-03 11:45:00,43123.43,43123.43,43123.29,43123.29,2.15239,74.01949883215917,13.708233915713208,12.435034900674264,1.2731990150389443,57.811304333896906,43113.5582253184,43094.64768176516,37.586570517814835,8.471815785650612,6.070339831992734,167.09693132000785,43091.297749347505,43316.43217983813,43110.38152380953,0.004257645341983097,43132.291285258914,43113.49800000001,43094.7047147411
2024-02-03 11:46:00,43123.29,43123.3,43123.25,43123.26,2.56547,73.94663796637681,13.948465649438731,12.737721050427158,1.2107445990115728,58.1821852729483,43115.983668988796,43096.848629321685,35.714759010399575,8.874308513563665,5.640315558279175,108.04814385144844,43093.225684386656,43316.43184422715,43112.88257142857,0.004352081614687812,43135.00137950521,43117.14400000001,43099.28662049481
2024-02-03 11:47:00,43123.25,43123.26,43122.32,43122.32,4.51306,71.30744639055908,13.902738766744733,12.970724593690674,0.9320141730540588,58.32206796852248,43117.5677517416,43098.80796552771,12.460110233281739,8.836183277940052,5.304578732687972,76.20653116271838,43095.037943323456,43316.43125096525,43114.83847619047,0.004427572361925995,43127.76005511664,43121.53,43115.29994488336
2024-02-03 11:48:00,43122.33,43122.33,43119.04,43119.04,8.44829,62.03644545425786,13.44682467043458,13.065944609039455,0.38088006139512487,57.736574725049444,43117.9358138062,43100.36427587173,6.645651435406762,8.886053081271474,5.16068025178175,44.0687864345967,43096.74146672405,43316.4301216439,43115.97342857143,0.004463600423167736,43125.5908257177,43122.268,43118.94517428229
2024-02-03 11:49:00,43119.05,43119.06,43119.04,43119.06,3.68229,62.07252682669923,12.937982291034132,13.040352145438392,-0.10236985440426061,57.19290242753876,43118.21686035465,43101.80240849699,7.781640638699173,8.836319584812836,4.7934888052256825,26.430536936447552,43098.34277872061,43316.429629469356,43116.786857142855,0.00446301126709938,43125.28482031935,43121.394,43117.50317968065
2024-02-03 11:50:00,43119.05,43121.52,43110.0,43110.01,10.25693,40.94281068750224,11.669937893595488,12.766269295069813,-1.096331401474325,54.90154492377439,43116.16514526599,43102.43376168953,18.731967411833466,8.298464143246452,5.273953890566476,-39.97398091945482,43099.848011997376,43316.42819568079,43116.212,0.0043881699416195965,43128.103983705914,43118.738,43109.37201629408
2024-02-03 11:51:00,43110.0,43110.01,43093.99,43093.99,9.69758,23.761339780339128,9.265516352657869,12.066118706587424,-2.8006023539295555,51.34108652715655,43110.621358949495,43101.784241559566,41.1949707041058,10.404577220635758,6.041528612669162,-193.3769187038344,43123.43,43316.42673489475,43113.59685714285,0.004185614360536298,43133.48148535205,43112.884,43092.286514647945
2024-02-03 11:52:00,43093.99,43094.0,43093.99,43094.0,3.18693,23.78529720783976,7.276918092924461,11.108278583854833,-3.831360490930372,48.03494658743998,43106.46601921212,43101.1854537473,45.16577052923094,11.537093097576129,5.610705140335796,-165.78611240125014,43122.8412,43316.42625486024,43111.07142857143,0.003898088556341822,43129.80288526462,43107.22,43084.637114735386
2024-02-03 11:53:00,43093.99,43094.0,43093.99,43094.0,2.40793,23.785297207839776,5.635971671850712,10.013817201454009,-4.377845529603297,44.96495950056032,43103.34951440909,43100.63272653597,41.84309983336425,13.193215446410264,5.210654773169098,-110.83815028899899,43122.264176000004,43316.42589216476,43108.70371428571,0.003558392153053825,43123.13354991668,43102.212,43081.29045008332
2024-02-03 11:54:00,43094.0,43101.6,43093.99,43101.59,9.87891,43.26960569601959,4.891572377018747,8.989368236566957,-4.09779585954821,42.33071231349681,43102.90963580682,43100.70636295628,25.464055525008007,12.940274101507207,5.382036575085634,-60.655843735883465,43121.69869248001,43316.42445493834,43107.5041904762,0.003225802753175099,43111.450027762505,43098.718,43085.9859722375
2024-02-03 11:55:00,43101.6,43101.6,43098.97,43098.98,3.99252,39.140529384355524,4.0444040135262185,8.000375391958809,-3.95597137843259,39.88462563979498,43101.927226855114,43100.573565805804,12.757161277229898,12.452120098229607,5.185462534007901,-43.78172588829844,43121.144518630404,43316.42386703816,43105.98952380953,0.002894137828279765,43102.89058063862,43096.512,43090.13341936139
2024-02-03 11:56:00,43098.97,43098.98,43093.95,43093.96,2.96839,32.07584807500247,2.9341222015209496,6.987124753871237,-4.0530025523502875,37.13327290879443,43099.93542014134,43100.06482997459,12.776215865946142,11.794196569820295,5.174358067293488,-59.762217868576634,43120.601428257796,43316.423419852654,43103.86314285715,0.002548941658353022,43102.894107932974,43096.506,43090.11789206703
2024-02-03 11:57:00,43093.96,43093.96,43092.12,43092.13,4.35844,29.72855008357506,1.8848230929506826,5.966664421687127,-4.081841328736444,34.81227124979066,43097.984065106,43099.45445843808,14.21884537738515,10.583124116735673,4.9361896339151325,-77.77237527123334,43119.53537112749,43316.422757859335,43101.554,0.002196244939256759,43103.24142268869,43096.132,43089.022577311305
2024-02-03 11:58:00,43092.12,43092.13,43092.12,43092.13,10.62758,29.72855008357506,1.04124318632239,4.981580174614179,-3.940336988291789,32.65705542357287,43096.5205488295,43098.89103855823,15.383218254923122,8.97667009968265,4.584318945777963,-82.74253231079392,43117.89044885984,43316.42114367731,43099.46600000001,0.001849391915168061,43103.449609127456,43095.757999999994,43088.06639087253
2024-02-03 11:59:00,43092.13,43092.13,43092.12,43092.13,6.70755,29.72855008357506,0.3684527388322749,4.058954687457799,-3.690501948625524,30.655783584942064,43095.422911622125,43098.37095866913,10.613637074129656,5.74154803730298,4.2575818782220205,-81.46839299300511,43116.34422192825,43316.42012490545,43097.6760952381,0.00151774715005873,43099.17281853706,43093.865999999995,43088.55918146293
2024-02-03 12:00:00,43092.12,43092.13,43092.12,43092.13,16.605,29.72855008357506,-0.16286117574054515,3.2145915148181303,-3.3774526905586755,28.797459734784887,43094.599683716595,43097.89088492536,2.92799111790373,3.2293385086592217,3.9541831726343593,-70.40975914921803,43114.89076861255,43316.41760290565,43096.18295238095,0.0012075774486770578,43093.95999555895,43092.496,43091.03200444105
2024-02-03 12:01:00,43092.12,43092.13,43089.98,43089.99,16.81078,25.24823312878455,-0.7479890441318275,2.422075403028139,-3.1700644471599664,27.409810628161043,43093.44726278744,43097.283124546484,3.4239924083958613,3.533484978549555,3.8253129460172035,-90.88846880891198,43113.5245224958,43316.41502534849,43094.70095238096,0.000913065293390141,43093.413996204195,43091.702,43089.9900037958
2024-02-03 12:02:00,43090.0,43090.0,43089.98,43089.99,5.2823,25.24823312878455,-1.1978984675733955,1.698080628907832,-2.8959790964812275,26.121279314867476,43092.58294709058,43096.72211496598,4.193520242813975,3.7664574404117053,3.5535048784443175,-87.68460363273938,43111.64096069613,43316.41421543803,43093.52685714286,0.0006399139002871372,43093.370760121405,43091.274,43089.17723987859
2024-02-03 12:03:00,43089.98,43089.99,43089.09,43089.09,4.23122,23.136567429846266,-1.6085352128138766,1.0367574605634904,-2.6452926733773667,25.076076603616887,43091.70971031793,43096.135029199366,4.95880752269295,4.033974671705046,3.363968815698399,-100.59281215271197,43109.90808384044,43316.413564110284,43092.50942857143,0.0003874805709748088,43093.14540376134,43090.66599999999,43088.186596238644
2024-02-03 12:04:00,43089.09,43089.1,43089.03,43089.03,3.48914,22.982792000779625,-1.916714597682585,0.4460630489142754,-2.3627776465968604,24.116240293770513,43091.03978273845,43095.588488491725,4.4883863545401255,2.943532362141874,3.1286853288627783,-106.12760581172064,43107.8262754564,43316.413026874776,43091.76942857142,0.0001587440564191751,43092.290193177265,43090.045999999995,43087.801806822725
2024-02-03 12:05:00,43089.03,43089.04,43080.55,43080.55,3.32621,10.804076054504748,-2.8127900177569245,-0.20570756441996463,-2.60708245333696,24.518646093176592,43088.417337053834,43094.43168168467,14.456243915497907,3.7233977158582503,3.511636376801006,-228.96508728150582,43105.57072240163,43316.41249562861,43090.09857142857,-8.302919188494872e-05,43094.958121957745,43087.729999999996,43080.50187804225
2024-02-03 12:06:00,43080.55,43080.56,43072.78,43072.79,4.26369,6.8298243785528285,-4.101820161500655,-0.9849300838361027,-3.116890077664552,25.73646630140351,43084.51050279038,43092.7669369397,26.78717208400485,6.370446042407205,3.8165194927437085,-217.6422713326679,43102.0678212654,43316.41179225184,43087.52104761904,-0.00035815277910715367,43097.683586042,43084.29,43070.896413958
2024-02-03 12:07:00,43072.78,43072.79,43072.78,43072.78,5.1165,6.825941535625077,-5.065797394774563,-1.801103546023795,-3.264693848750768,26.867299351899934,43081.57787709279,43091.229480252034,29.11980570628657,7.7619992775832465,3.5446252432621606,-149.2736177984296,43097.381769862935,43316.41094815855,43085.14419047619,-0.0006431447974255842,43095.40790285315,43080.848000000005,43066.28809714686
2024-02-03 12:08:00,43072.79,43074.42,43072.78,43074.41,5.83666,16.150139407798406,-5.6332918380066985,-2.567541204420376,-3.0657506335863225,27.519749142071618,43079.78590781959,43089.935674078806,25.005936184621532,8.231044858178802,3.4085805830291074,-99.11147883013015,43093.44548668487,43316.40999170637,43083.18676190476,-0.0009138623731913254,43090.414968092315,43077.912000000004,43065.40903190769
2024-02-03 12:09:00,43074.41,43074.43,43074.41,43074.42,7.72203,16.211868887075127,-6.012915212755615,-3.256616006087424,-2.7562992066681913,28.123072362708292,43078.44443086469,43088.74216068813,11.49594487484137,8.261707956091195,3.166539112812514,-72.11521756756963,43090.13900881529,43316.40872636294,43081.48952380952,-0.0011615581030206823,43080.737972437426,43074.990000000005,43069.242027562585
2024-02-03 12:10:00,43074.43,43074.43,43074.42,43074.43,2.14973,16.285824394246916,-6.241019962624705,-3.8534967973948806,-2.3875231652298243,28.683301067585205,43077.44082314852,43087.64122525059,3.204049407519051,7.859873940288171,2.9410720333260514,-57.53737842938374,43087.36156740484,43316.40837412187,43080.02752380953,-0.001380877397903279,43075.36802470376,43073.766,43072.163975296244
2024-02-03 12:11:00,43074.42,43074.43,43071.53,43071.53,16.13301,12.458919699678134,-6.579950806968554,-4.398787599309616,-2.1811632076589387,29.569783818432654,43075.96311736139,43086.401900231314,4.711756850068923,7.611966932740864,2.938138316660009,-65.68391329622453,43085.02851662007,43316.40569902211,43078.36485714286,-0.001582211884596737,43075.86987842504,43073.514,43071.15812157497
2024-02-03 12:12:00,43071.54,43071.54,43071.53,43071.54,2.86125,12.543957294725843,-6.769712000605068,-4.872972479568706,-1.8967395210363618,30.392946372791,43074.857338021044,43085.2586771366,5.653488535608631,6.82066643304188,2.728985579755868,-73.66262884649059,43082.598783628455,43316.40522460858,43076.89971428572,-0.0017597151152501575,43076.0927442678,43073.265999999996,43070.43925573219
2024-02-03 12:13:00,43071.53,43071.6,43071.53,43071.59,4.3961,13.050733529446774,-6.837248981362791,-5.265827779927523,-1.5714212014352675,31.137916683792145,43074.04050351578,43084.20724043378,5.627891669253586,5.509218691993925,2.539058038344714,-86.55940130972515,43080.60640257533,43316.40449585953,43075.63733333333,-0.0019099661494929648,43075.515945834624,43072.702,43069.88805416537
2024-02-03 12:14:00,43071.6,43071.6,43071.59,43071.59,2.562,13.050733529446774,-6.8122452029710985,-5.575111264536238,-1.2371339384348605,31.829674829721778,43073.42787763684,43083.23668347734,4.589066643602564,2.7536524313523394,2.3584110356059513,-81.55013192642222,43078.97265011177,43316.4040711544,43074.57057142857,-0.002031776943373165,43074.4305333218,43072.136,43069.8414666782
2024-02-03 12:15:00,43071.59,43071.6,43071.59,43071.59,4.88652,13.050733529446774,-6.71502292414516,-5.803093596458022,-0.9119293276871376,32.47202167951358,43072.96840822763,43082.34078474832,0.1082805522455601,1.3034064531485492,2.1906673902056717,-70.5465427627496,43077.63297309165,43316.40326111549,43073.699428571425,-0.002125335279395762,43071.62214027612,43071.568,43071.51385972388
2024-02-03 12:16:00,43071.59,43096.87,43071.59,43096.87,13.21755,85.65818898928488,-4.545688968661125,-5.551612670898643,1.005923702237518,32.29684929540041,43078.94380617072,43083.45841669076,40.4680734964204,7.767991699363282,3.8399054337628464,299.9999999997662,43071.53,43316.401296320575,43076.37419047619,-0.0020772188306059118,43096.87003674821,43076.636,43056.40196325179
2024-02-03 12:17:00,43096.86,43104.87,43096.86,43104.83,6.56738,89.09802489072062,-2.1592798699857667,-4.8731461107160685,2.713866240730302,32.86598745601786,43085.41535462804,43085.10238463763,58.21499198912352,12.112656398639132,4.13776933135136,208.13774950647473,43071.59,43316.40035548681,43080.044761904755,-0.00189611614398762,43112.40149599456,43083.294,43054.18650400544
2024-02-03 12:18:00,43104.82,43104.86,43104.82,43104.86,4.527,89.10983781744905,-0.26258579130808357,-3.951034046834472,3.688448255526388,33.39447289087692,43090.27651597103,43086.622201203965,61.077997708460316,14.603071424262529,3.8450715219691824,136.25739644968795,43071.59,43316.39970705188,43083.56942857142,-0.0016298571308540422,43120.48699885423,43089.948,43059.40900114577
2024-02-03 12:19:00,43104.85,43104.86,43102.07,43102.08,6.69402,79.5274416311088,1.004654136901081,-2.959896410087361,3.964550546988442,33.33269942946218,43093.22738697828,43087.81126264981,50.2801528624841,15.726236729753557,3.7697092704000177,91.393687787158,43072.9212,43316.39873562567,43086.57266666667,-0.001327402437726553,43121.186076431244,43096.046,43070.90592356876
2024-02-03 12:20:00,43102.07,43113.81,43102.07,43113.8,11.75252,86.74071764256294,2.9209856574379955,-1.7837199965822896,4.704705654020286,34.05595153817904,43098.37054023371,43089.81039629214,21.96732581811375,17.826698968473025,4.339015751085585,96.8605172671842,43074.199151999994,43316.39712340317,43090.93352380952,-0.0009579768420611237,43115.471662909054,43104.488,43093.50433709094
2024-02-03 12:21:00,43113.8,43119.43,43113.8,43119.43,5.7116,88.97912248828104,4.838214220166265,-0.45933315323257884,5.297547373398843,35.12624591076178,43103.63540517528,43092.0888273466,26.18334026534285,19.277451897316162,4.431228911722141,102.83370579730824,43076.57580288,43316.39636166258,43095.65447619047,-0.0005321664525411015,43122.09167013268,43109.00000000001,43095.908329867336
2024-02-03 12:22:00,43119.43,43122.0,43119.42,43122.0,8.30581,89.91200991448846,6.490194271078508,0.9305723316296386,5.559621939448869,36.28885225563526,43108.22655388146,43094.38968678148,31.337599323145696,19.688677075189247,4.298998275170685,102.37676807317405,43080.004138649594,43316.395268403096,43100.27380952381,-7.419027669283875e-05,43128.102799661574,43112.434,43096.76520033843
2024-02-03 12:23:00,43122.0,43125.28,43105.34,43105.35,14.64245,54.22674322879641,6.382313179667108,2.0209205012371325,4.361392678429976,35.04557805800056,43107.5074154111,43095.23278779829,30.9662352141022,17.45005381922768,5.41621268408723,53.21425291578471,43084.20372478463,43316.393176034515,43102.219904761914,0.0003103271617433456,43128.01511760704,43112.53199999999,43097.04888239294
2024-02-03 12:24:00,43105.35,43105.35,43104.0,43104.01,4.0961,52.22494172473399,6.118163456434559,2.840369092276618,3.277794364157941,33.70820026550644,43106.63306155833,43095.907957967655,28.971371443592943,13.999937160791099,5.125768920938038,-24.14219474496799,43089.13287781047,43316.39258700335,43103.69276190476,0.0006224267530880538,43127.403685721794,43112.918,43098.4323142782
2024-02-03 12:25:00,43104.0,43104.01,43104.0,43104.0,1.6847,52.20768261646796,5.840688163800223,3.4404329065813393,2.400255257218884,32.46634945819047,43105.974796168746,43096.53042273937,32.09180149799795,8.008967296893141,4.760356855156894,-56.40644794899852,43093.47053247321,43316.39234472809,43104.88257142857,0.0008713374162010033,43127.003900749,43110.958,43094.912099251
2024-02-03 12:26:00,43104.0,43104.01,43101.1,43101.1,4.15469,46.822791402607116,5.325393411294499,3.8174250075239713,1.5079684037705277,30.887041306367802,43104.75609712656,43096.8819286825,29.9357318852999,7.465321638174927,4.628188508360223,-78.89642945372282,43097.28766857643,43316.3917390901,43105.37647619048,0.0010523720765650926,43122.25986594265,43107.292,43092.32413405735
2024-02-03 12:27:00,43101.1,43101.11,43101.1,43101.11,2.26404,46.84547782346812,4.861781928157143,4.026296391650606,0.8354855365065372,29.420540879675322,43103.84457284492,43097.207164937696,6.849164302810095,7.736672012514283,4.2983179006203525,-80.11896154220459,43100.64674834726,43316.39140907294,43105.590190476185,0.0011781450089038356,43106.53858215141,43103.114,43099.689417848596
2024-02-03 12:28:00,43101.11,43107.83,43101.1,43107.83,31.07198,60.451262447903545,4.979217011976289,4.216880515715742,0.7623364962605468,28.834485023151395,43104.84092963369,43098.02430609634,9.906859625058132,7.669090156485376,4.472009479147699,-35.277275252606564,43125.28,43316.38702135222,43106.41876190476,0.001289649948817702,43108.56342981253,43103.61,43098.65657018747
2024-02-03 12:29:00,43107.82,43108.0,43107.82,43108.0,4.97889,60.75620307391074,5.028042596029991,4.379112931778591,0.6489296642513995,28.308801832673787,43105.630697225264,43098.79166716585,12.211294919223292,7.378217297771078,4.165437373494313,-5.751902720717715,43124.7964,43316.38631886596,43106.92485714286,0.0013850552077934967,43110.513647459615,43104.408,43098.30235254039
2024-02-03 12:30:00,43107.99,43108.0,43101.22,43101.59,7.18577,45.042045013244454,4.497657596686622,4.402821864760198,0.09483573192642414,26.77159642264083,43104.62052291895,43099.00692353771,13.049040256664739,7.44366221450034,4.352191846816064,-48.051100842668646,43124.322472,43316.385273826556,43106.22952380952,0.0014338156069277407,43110.45052012833,43103.926,43097.40147987167
2024-02-03 12:31:00,43101.59,43101.6,43094.19,43094.2,8.15077,33.17225286056626,3.4413427670442616,4.21052604521701,-0.7691832781727488,25.303521060895907,43102.01539218921,43098.63716018866,20.41948118012806,7.200741432061024,4.57060671490036,-168.52772148031968,43123.85802256,43316.38404767535,43104.50390476191,0.0014129377063414837,43112.75574059006,43102.545999999995,43092.33625940993
2024-02-03 12:32:00,43094.2,43094.2,43090.78,43091.67,4.21018,29.931736246210065,2.372704735076695,3.8429617831889478,-1.4702570481122526,24.341010459579177,43099.429044141914,43098.101224789534,27.052604379758122,5.358696406848745,4.488420520978781,-183.90772457190815,43122.6713016576,43316.38340711541,43102.5421904762,0.0013320802845122512,43114.18430218988,43100.658,43087.131697810124
2024-02-03 12:33:00,43091.68,43091.68,43080.0,43080.07,9.92414,19.46811670293563,0.5830572201739415,3.1909808705859466,-2.607923650412005,24.512822887995195,43094.589283106434,43096.71420749804,37.820870586365345,8.553565628809496,5.002104769480318,-180.2117298327637,43120.757823558146,43316.38181927369,43099.15942857143,0.0011593417488391263,43114.01643529318,43095.106,43076.19556470682
2024-02-03 12:34:00,43080.07,43080.07,43080.06,43080.07,2.62494,19.46811670293563,-0.8257327954415814,2.387638137380441,-3.2133709328220226,24.672363000095782,43090.959462329825,43095.433883844344,33.50533253220783,10.282373508764563,4.645525857374727,-144.4290177022081,43117.497197673496,43316.381399292324,43095.98628571429,0.0009302120538270833,43106.2726662661,43089.52,43072.76733373389
2024-02-03 12:35:00,43080.06,43080.07,43080.06,43080.06,6.70786,19.459671889743007,-1.9208733171253698,1.525935846479279,-3.446809163604649,24.820507389903472,43088.23459674737,43094.25127739478,25.4189412099513,11.207499497262873,4.314416867562392,-103.56787240605529,43114.49742185962,43316.38032601918,43093.133047619056,0.000671290355569317,43097.923470604976,43085.214,43072.504529395024
2024-02-03 12:36:00,43080.06,43080.07,43069.41,43069.42,20.33528,12.52355290378135,-3.6057740299293073,0.4995938711975618,-4.105367901126869,25.86177056182991,43083.530947560525,43092.34117913365,28.159878628968727,13.416373764581442,4.76767280559338,-113.66749688664116,43111.73762811085,43316.37692589648,43089.2360952381,0.0003540035313403453,43094.33793931448,43080.257999999994,43066.17806068551
2024-02-03 12:37:00,43069.42,43069.42,43062.52,43062.53,4.89228,9.807206361024399,-5.434391123671958,-0.6872031277763421,-4.747187995895616,27.293589287645325,43078.28071067039,43090.048011507984,28.95658454633667,15.671975146830468,4.919981890908242,-125.65031488932084,43107.504865299765,43316.37608508426,43084.92123809523,-2.0667502824548634e-05,43088.90829227317,43074.43,43059.95170772683
2024-02-03 12:38:00,43062.52,43065.36,43061.9,43065.35,7.74369,18.490364378559335,-6.580180685734376,-1.865798639367949,-4.714382046366428,28.66293704971898,43075.04803300279,43088.14816446891,29.35723714326741,15.315547819650272,4.815697470129019,-111.2047488696688,43102.106681463796,43316.374769010166,43081.390190476195,-0.00040486313178681507,43086.16461857163,43071.486,43056.80738142836
2024-02-03 12:39:00,43065.36,43065.36,43065.35,43065.35,1.9862,18.490364378559335,-7.402891246485524,-2.9732171607914646,-4.429674085694059,29.9344742573588,43072.623524752096,43086.39445950977,24.654869798541768,13.502934229527401,4.472433365119949,-85.13992505824584,43096.47774605887,43316.37443144899,43078.227333333336,-0.0007781442720836441,43080.869434899265,43068.541999999994,43056.21456510072
2024-02-03 12:40:00,43065.36,43065.36,43065.35,43065.36,1.67561,18.530415506430657,-7.962303893829812,-3.9710345073991347,-3.9912693864306776,31.115187378738636,43070.80764356407,43084.77642416287,8.799975277288468,11.4876240912798,4.1536881247543835,-69.1205979971857,43091.63686161063,43316.374146685645,43075.43390476191,-0.0011265140588727599,43070.00198763864,43065.602,43061.202012361355
2024-02-03 12:41:00,43065.36,43065.36,43065.35,43065.35,2.45894,18.519495668301545,-8.310649370883766,-4.838957480096061,-3.471691890787705,32.21156384859134,43069.44323267305,43083.28208384265,4.516020915325498,9.732428128245417,3.8577104015577874,-56.81988479372727,43087.47370098514,43316.373728782964,43072.97952380952,-0.0014410768046757881,43067.04601045766,43064.788,43062.52998954234
2024-02-03 12:42:00,43065.36,43065.36,43065.35,43065.35,3.20212,18.519495668301545,-8.488861361496674,-5.5689382563761844,-2.91992310512049,33.22962771345457,43068.41992450479,43081.90269277783,0.014313949213828892,7.211499270197049,3.5828739443038056,-46.67986798684172,43083.89338284722,43316.37318457716,43070.86571428572,-0.0017166660221608915,43065.359156974606,43065.352,43065.34484302539
2024-02-03 12:43:00,43065.36,43071.25,43065.35,43071.25,8.71905,45.70366481771739,-8.061091708994354,-6.067368946899819,-1.993722762094535,32.87609024147873,43069.127443378595,43081.083254871846,9.436010006902507,6.311427867510019,3.748382948282209,19.920024607789973,43080.81430924861,43316.37173759965,43069.94314285713,-0.0019242154835865774,43071.25000500344,43066.53199999999,43061.81399499654
2024-02-03 12:44:00,43071.24,43071.25,43071.24,43071.24,2.77101,45.672672930798306,-7.634877973185212,-6.380870752156898,-1.2540072210283135,32.54780544607259,43069.655582533946,43080.32608142017,11.545275605705683,5.091843647393804,3.4813555948336257,101.94289884138608,43078.166305953804,43316.371277719096,43069.36923809524,-0.0020735552705213505,43073.48263780286,43067.71000000001,43061.93736219715
2024-02-03 12:45:00,43071.25,43071.25,43041.79,43041.79,19.40503,13.44728515185804,-9.563230425483198,-7.0173426868221584,-2.5458877386610395,34.38733943020624,43062.68918690046,43077.361767464776,43.70333091386419,8.419864710390213,5.3369730523454475,-288.39954412220783,43075.889023120275,43316.36767038022,43065.15771428572,-0.0023069184681339385,43084.84766545693,43062.996,43041.14433454307
2024-02-03 12:46:00,43041.79,43064.91,43041.79,43064.9,9.08562,47.99802988820498,-9.121532427423517,-7.43818063494243,-1.683351792481087,36.09547812975892,43063.24189017535,43076.40316996748,43.63164004446298,8.23367486257903,6.607189262892389,-105.77099654197251,43071.25,43316.36612357453,43064.526666666665,-0.0024772998996732314,43084.721820022234,43062.906,43041.09017997777
2024-02-03 12:47:00,43064.9,43064.92,43064.9,43064.92,5.04909,48.019578922270995,-8.669928213246749,-7.684530150603294,-0.9853980626434549,37.67974330396468,43063.661417631505,43075.519849200755,43.55992962542223,8.225882226764236,6.1366757441141315,14.914847034713324,43071.25,43316.36526405529,43064.153238095234,-0.002593241116101682,43084.5999648127,43062.81999999999,43041.04003518728
2024-02-03 12:48:00,43064.91,43074.01,43064.91,43073.14,9.25087,56.84039117146316,-7.561578151275171,-7.65993975073767,0.0983615994624989,37.58021784475045,43066.03106322363,43075.33678387762,44.817198986100266,8.713304358889198,6.348341762391589,90.60259427514633,43041.79,43316.36374075302,43065.0200952381,-0.002625406387253503,43085.60659949305,43063.198,43040.78940050695
2024-02-03 12:49:00,43073.13,43073.14,43068.0,43068.01,2.38161,50.43130926550405,-7.016271656553727,-7.531206131900881,0.5149344753471548,37.48780134690867,43066.52579741772,43074.7731851178,43.23245684646827,8.770172275315097,6.262031636506435,65.57096120898127,43042.4344,43316.363340314834,43065.268952380946,-0.0026181907178001993,43084.16822842324,43062.552,43040.93577157677
2024-02-03 12:50:00,43068.01,43068.01,43059.5,43059.51,3.54758,41.19556265442966,-7.1871423896736815,-7.462393383455442,0.27525099378176066,37.9978791292333,43064.77184806329,43073.599093954894,17.841085529347765,8.946534063005148,6.422600805327549,-30.896511684149257,43043.065912,43316.362723420905,43064.49923809524,-0.0026183209192349446,43075.01654276468,43066.096000000005,43057.17545723533
2024-02-03 12:51:00,43059.5,43059.51,43057.96,43057.96,2.90894,39.608288793297085,-7.362757438248082,-7.442466194413971,0.07970875616588913,38.57004858968027,43063.06888604747,43072.3960867276,22.24240735420608,9.175038696165384,6.074557890661503,-62.71892535290423,43043.684793759996,43316.362214530716,43063.61723809524,-0.002625282668395649,43075.8292036771,43064.708,43053.586796322896
2024-02-03 12:52:00,43057.97,43057.97,43057.66,43057.67,3.04423,39.26858978695499,-7.439575411481201,-7.441888037827417,0.0023126263462165397,39.121398859742456,43061.71916453561,43071.26331082548,24.888709989827476,9.35126667419113,5.662803755614086,-56.66590441343128,43044.291297884796,43316.361681377355,43062.74009523809,-0.002632712523262579,43075.702354994915,43063.258,43050.81364500509
2024-02-03 12:53:00,43057.67,43057.67,43057.66,43057.66,5.11845,39.25465877544248,-7.415776667876344,-7.436665763837203,0.020889095960859194,39.63336696765735,43060.704373401706,43070.216902300446,15.933367662189994,9.006540868503185,5.259032058784134,-45.42065086388933,43044.8856719271,43316.36078492431,43061.934761904755,-0.0026350430839219004,43068.12868383109,43060.162,43052.1953161689
2024-02-03 12:54:00,43057.67,43057.67,43057.66,43057.67,2.92159,39.280507952527884,-7.311822932359064,-7.411697197541576,0.09987426518251219,40.10876592500689,43059.945780051276,43069.25175596965,2.8682561123132473,8.408540736006412,4.884101197442036,-61.2970140291247,43045.468158488555,43316.36027325521,43061.204000000005,-0.002628668010753465,43059.528128056154,43058.094,43056.65987194384
2024-02-03 12:55:00,43057.67,43057.67,43057.66,43057.67,5.68911,39.280507952527884,-7.147052080523281,-7.358768174137918,0.21171609361463695,40.55020781397433,43059.376835038456,43068.3608516643,0.468202026662766,5.524499934513264,4.535951111910088,-62.70014890532124,43046.038995318784,43316.35927690566,43060.54647619047,-0.0026116027301838944,43057.960101013334,43057.726,43057.49189898667
2024-02-03 12:56:00,43057.66,43057.67,43057.66,43057.66,5.35721,39.25645284554378,-6.937307942127518,-7.274476127735839,0.33716818560832085,40.96011813944409,43058.947626278845,43067.53770922859,0.018252115667564794,5.563532208927442,4.2126688896304225,-52.36415362728002,43046.59841541241,43316.35833865343,43059.96076190476,-0.0025830553363244066,43057.67512605783,43057.666,43057.656873942164
2024-02-03 12:57:00,43057.67,43057.67,43057.66,43057.67,2.67393,39.30105877152125,-6.693123127799481,-7.158205527748568,0.46508239994908696,41.340749155951734,43058.628219709135,43066.778654672555,0.018252115667564794,5.494985246953306,3.9124782546564467,-45.880209387957095,43047.146647104164,43316.35787036673,43059.44961904762,-0.0025429534099375493,43057.67512605784,43057.666000000005,43057.65687394217
2024-02-03 12:58:00,43057.66,43059.54,43057.66,43059.54,13.6571,47.888246373763366,-6.276361542477389,-6.981836730694333,0.7054751882169441,41.19137479716214,43058.85616478185,43066.22183508236,2.996031563176075,3.221044789366485,3.7673012364665133,32.89276807982911,43047.68391416208,43316.355495907876,43059.31714285715,-0.0024833895190515855,43059.54001578159,43058.042,43056.54398421841
2024-02-03 12:59:00,43059.54,43062.07,43059.53,43062.07,5.14523,57.62181961483681,-5.67649008340959,-6.720767401237384,1.0442773178277944,40.40100117849331,43059.65962358639,43065.90246315295,6.9326968128589215,1.464557795696068,3.679636862433253,236.25748502993636,43048.21043587884,43316.35461016883,43059.633428571426,-0.0023970250934725085,43062.38834840643,43058.922,43055.45565159357
2024-02-03 13:00:00,43062.07,43062.07,43062.06,43062.06,2.02287,57.570816144817016,-5.1426136971495,-6.4051366604198074,1.2625229632703077,39.66708281830082,43060.25971768979,43065.60688906426,7.8881347015703795,1.8338428329999177,3.4175199436881663,165.3860160233566,43048.726427161266,43316.35426192459,43059.75523809523,-0.0022917799358802607,43063.74406735079,43059.8,43055.85593264922
2024-02-03 13:01:00,43062.06,43062.07,43062.06,43062.06,2.82313,57.570816144817016,-4.665729192842264,-6.057255166904299,1.3915259740620352,38.98558719812208,43060.70978826734,43065.334051443926,7.177873573804391,2.0766216103696666,3.1741256619962996,110.74168797954691,43049.23209861804,43316.35377591436,43059.90409523809,-0.0021739313267309097,43064.2689367869,43060.68,43057.0910632131
2024-02-03 13:02:00,43062.06,43062.07,43059.99,43059.99,18.48248,45.552189378084236,-4.404059234278975,-5.7266159803792345,1.3225567461002594,38.66595912161912,43060.52984120051,43064.92297056363,4.539640186892939,2.018840586063213,3.0959738289966885,44.00222655151076,43049.72765664568,43316.35056824605,43059.80419047619,-0.0020578428745876456,43063.41382009344,43061.14399999999,43058.87417990655
2024-02-03 13:03:00,43060.0,43060.0,43059.99,43060.0,3.19043,45.61800341209707,-4.148060728453856,-5.410904929994159,1.262844201540303,38.36916162200923,43060.39738090038,43064.544280520284,4.053128794330405,1.9276610986413476,2.875547126925642,9.43162459336671,43050.21330351276,43316.3500145708,43059.83085714286,-0.0019438572106788845,43063.26256439716,43061.236,43059.20943560283
2024-02-03 13:04:00,43060.0,43060.0,43059.99,43059.99,2.0262,45.55193009361566,-3.901018472002761,-5.10892763839588,1.2079091663931187,38.09356394380005,43060.29553567529,43064.193951249494,4.049843087937916,1.79971898406595,2.670865189288242,-1.8409517850129196,43050.68923744251,43316.34966292648,43059.93247619048,-0.0018324268056173496,43062.84492154396,43060.81999999999,43058.79507845602
2024-02-03 13:05:00,43059.99,43060.0,43057.5,43057.51,6.24043,31.831231724469035,-3.8608455534558743,-4.8593112214078795,0.9984656679520052,38.240663745862754,43059.59915175647,43063.67980115338,5.769820540241199,1.8220335341134577,2.65866053291051,-94.44004748686687,43051.155652693655,43316.34856943722,43059.69885714286,-0.0017351635154946776,43062.79491027012,43059.909999999996,43057.025089729876
2024-02-03 13:06:00,43057.5,43057.51,43057.42,43057.42,2.10122,31.41910074685316,-3.792552291866741,-4.645959435499652,0.8534071436329107,38.38996138485776,43059.054363817355,43063.19827798774,4.955825369906961,1.8554333364955111,2.47518478056003,-138.15328751119313,43051.61273963978,43316.34820112166,43059.45752380953,-0.0016485901641611889,43061.45991268496,43058.982,43056.50408731505
2024-02-03 13:07:00,43057.42,43057.43,43057.25,43057.25,2.38952,30.523320963895387,-3.7093874596685055,-4.458645040333423,0.7492575806649171,38.55738748789948,43058.603272863016,43062.74071814254,5.109146025992231,1.9136264524834108,2.3112430105200485,-117.65002521434823,43052.06068484698,43316.34778199728,43059.19590476191,-0.0015704497400601098,43060.988573013,43058.434,43055.879426987005
2024-02-03 13:08:00,43057.26,43057.26,43057.25,43057.25,4.54567,30.523320963895387,-3.60195760584611,-4.28730755343596,0.6853499475898506,38.712854583581084,43058.26495464726,43062.3183552085,4.23104870368843,2.0767979039122277,2.1468685097687623,-88.3765752408539,43052.49967115004,43316.34698468561,43058.93819047619,-0.0014982494672787065,43059.99952435185,43057.884000000005,43055.76847564816
2024-02-03 13:09:00,43057.25,43057.26,43057.25,43057.25,2.16925,30.523320963895387,-3.476740967023943,-4.125194236153558,0.6484532691296145,38.857216886714006,43058.01121598545,43061.92848173093,0.43636355361377355,1.9869173727955913,1.994235044785425,-71.40825035565898,43052.929877727045,43316.346604200335,43058.684476190465,-0.0014302050506530054,43057.5541817768,43057.335999999996,43057.11781822319
2024-02-03 13:10:00,43057.25,43057.26,43057.25,43057.26,1.6561,30.724084389344554,-3.338218062337546,-3.9677990013903552,0.6295809390528091,38.991267596766,43057.823411989084,43061.56936775163,0.2683526645269012,1.7524384861746716,1.8525039701580401,-62.00970481181241,43053.3514801725,43316.34631373326,43058.436095238096,-0.001365030045155261,43057.42017633226,43057.286,43057.15182366774
2024-02-03 13:11:00,43057.25,43057.26,43046.9,43046.9,9.29763,6.69017974920105,-4.018085096417053,-3.9778562203956946,-0.040228876021358495,40.62352047607714,43055.09255899181,43060.44095484767,16.56400571181439,3.793482215492277,2.460182258003936,-299.99999999920817,43074.01,43316.3446178062,43056.810190476186,-0.0013488965944472042,43063.46400285591,43055.182,43046.89999714409
2024-02-03 13:12:00,43046.9,43046.91,43043.29,43043.29,1.84911,5.0412209362750815,-4.792931518037221,-4.140871279924,-0.6520602381132212,42.46079263704893,43052.14191924386,43059.12165062862,24.25901459895249,5.611380954219594,2.5430263824324135,-204.24451711780108,43073.4678,43316.34427600436,43054.805523809526,-0.0013800504978408149,43064.519507299476,43052.39,43040.26049270052
2024-02-03 13:13:00,43043.3,43043.3,43038.57,43038.58,2.54261,3.637525193044624,-5.721111118815315,-4.456919247702263,-1.2641918711130522,44.50933224413069,43048.7514394329,43057.54152365719,30.002074818810797,7.451869310452822,2.69923878368747,-158.30884317383706,43072.260688,43316.34379790571,43052.32761904762,-0.0014602134383726016,43063.65703740941,43048.656,43033.6549625906
2024-02-03 13:14:00,43038.57,43038.58,43032.12,43032.12,2.81991,2.4943956495313273,-6.898447146566468,-4.945224827475105,-1.9532223190913633,46.76885452559918,43044.59357957467,43055.58602183741,33.68408451473806,9.569997190635199,2.967864584852588,-147.4710291599247,43070.239246720004,43316.34325533515,43049.212095238094,-0.0015962145422866645,43060.47204225737,43043.63,43026.78795774263
2024-02-03 13:15:00,43032.12,43032.13,43032.08,43032.08,14.03003,2.4885846535230627,-7.745437514211517,-5.505267364822387,-2.2401701493891295,48.86895276181212,43041.465184681,43053.77786631146,23.690477702228236,10.79550732753657,2.7594456859342347,-117.1242887477066,43067.189706982404,43316.34055550934,43046.37638095239,-0.001760848256197711,43050.43923885112,43038.594000000005,43026.74876114889
2024-02-03 13:16:00,43032.09,43032.09,43032.08,43032.09,1.81338,2.5566864447404356,-8.319969141120964,-6.0682077200821025,-2.2517614210388617,50.819043981152696,43039.12138851075,43052.10956890288,18.315655758284265,11.284591343957915,2.5630567083671294,-92.37115582937918,43063.678736284164,43316.340206573135,43043.82752380952,-0.0019341103988429673,43044.78982787914,43035.632,43026.474172120856
2024-02-03 13:17:00,43032.09,43032.09,43027.72,43027.72,5.78893,1.87133041929485,-9.023890283104265,-6.659344232686536,-2.3645460504177294,52.84691292637068,43036.271041383065,43050.233448218045,13.891242059544311,11.697337048728372,2.692124086340573,-91.48003549249097,43060.51886265575,43316.339075529875,43040.96171428572,-0.0021217565378840583,43039.46362102977,43032.518,43025.572378970224
2024-02-03 13:18:00,43027.73,43029.5,43018.0,43018.0,18.44675,1.090841761228404,-10.247943710208347,-7.377064128190899,-2.870879582017448,55.07804156326496,43031.7032810373,43047.753952201274,21.88107963722723,12.721239878398775,3.3212580801733895,-119.88167851407701,43056.58299913706,43316.33535007967,43037.107333333326,-0.002350925729109804,43039.342539818615,43028.402,43017.46146018139
2024-02-03 13:19:00,43018.0,43019.98,43016.78,43019.97,9.08836,10.199912718289923,-10.933023247562232,-8.088255952065165,-2.8447672954970677,57.18472132958012,43028.76996077797,43045.61672510887,23.824012386015966,12.071317227664968,3.312596788732745,-128.90972834616235,43051.181379257876,43316.333526775874,43033.91552380953,-0.0025845478845929128,43037.88400619301,43025.972,43014.05999380699
2024-02-03 13:20:00,43019.97,43019.98,43018.0,43018.0,13.72955,9.184854174885984,-11.50232461446285,-8.771069684544702,-2.7312549299181477,59.14092396972991,43026.07747058348,43043.49236163896,22.90611827133398,10.193584347291932,3.217411303823492,-107.50109378955963,43045.67715857662,43316.3307540916,43030.818571428565,-0.002815011757570506,43034.60905913567,43023.156,43011.702940864336
2024-02-03 13:21:00,43018.01,43018.01,43011.15,43013.97,5.96322,7.381572427618735,-12.138759308028966,-9.444607609241556,-2.69415169878741,61.14105982799414,43023.05060293761,43041.22141074366,18.142993313624174,9.750910878819624,3.4775962106932843,-111.34443586633616,43041.053613204356,43316.32953356695,43027.55971428572,-0.0030462489474662293,43028.60349665681,43019.532,43010.46050334319
2024-02-03 13:22:00,43013.96,43013.97,43011.68,43011.81,13.46556,6.553963290418167,-12.671364731097128,-10.089959033612672,-2.581405697484456,62.9983288392395,43020.24045220321,43038.95899453261,11.976695307181217,9.18112826997862,3.3927679099295402,-103.90992835216926,43035.67096282757,43316.32675784528,43024.42504761905,-0.003271927599353648,43022.33834765359,43016.35,43010.36165234641
2024-02-03 13:23:00,43011.81,43019.4,43011.8,43019.4,14.55722,36.55062900539524,-12.338775079864718,-10.539722242863082,-1.7990528370016357,62.94695452242707,43020.03033915241,43037.454456491636,12.77665177079325,7.796599307403044,3.693284487791612,-53.46803137040973,43031.25718951861,43316.32383194283,43022.735142857135,-0.003443375024626617,43023.018325885394,43016.63,43010.2416741146
2024-02-03 13:24:00,43019.4,43019.4,43019.39,43019.4,4.07432,36.55062900539524,-11.937586320862465,-10.81929505846296,-1.1182912623995058,62.89924979967268,43019.8727543643,43036.06565214613,12.324376433549332,7.058292576642296,3.430192738663785,-14.082141584833177,43027.63789540526,43316.32301304248,43021.40571428571,-0.0035644053213033265,43022.67818821677,43016.515999999996,43010.35381178322
2024-02-03 13:25:00,43019.4,43019.4,43014.84,43014.84,6.24617,28.60626960831459,-11.850984457596496,-11.025632938289666,-0.8253515193068299,63.16305165097445,43018.61456577323,43034.43290967335,12.142527516800328,6.166630692919389,3.5108932573310114,-47.48321722632102,43024.670074232316,43316.32173834927,43019.82885714286,-0.0036601896875995406,43021.9552637584,43015.884,43009.8127362416
2024-02-03 13:26:00,43014.84,43014.85,43006.68,43006.69,6.47141,19.51097155062483,-12.298222491132037,-11.280150848858142,-1.0180716422738953,63.83968188971778,43015.63342432992,43032.29883969848,19.294920744679985,5.620735489606232,3.8436865960929576,-159.7350439266415,43022.236460870496,43316.32038200008,43017.47066666667,-0.003764778308376177,43024.07546037234,43014.428,43004.78053962766
2024-02-03 13:27:00,43006.69,43008.24,42978.29,43000.0,86.73944,14.857711007023568,-13.042147189866228,-11.63255011705976,-1.4095970728064682,65.25759047358244,43011.72506824744,43029.814313567826,30.450479382445337,6.5018541549924675,5.708423267800396,-232.7631516078136,43019.4,43316.30181056702,43014.56904761905,-0.003893780877920801,43027.29123969122,43012.066,42996.840760308776
2024-02-03 13:28:00,43000.01,43000.01,42988.32,42988.33,10.19069,9.910199173171378,-14.407305888991687,-12.187501271446145,-2.2198046175455417,66.57421987288534,43005.87630118558,43026.623212524144,44.04728603242256,10.261728775506722,6.135678748671963,-159.1393363712602,43014.85,43316.299548326686,43010.47885714286,-0.004078953122833637,43027.87564301621,43005.852,42983.82835698379
2024-02-03 13:29:00,42988.32,42995.37,42988.32,42995.36,9.59276,27.388722146780978,-14.751891127474664,-12.70037924265185,-2.0515118848228138,67.79680431509517,43003.24722588918,43024.21835002229,36.54041071169195,10.868778972756036,6.200987409481316,-103.99529042387117,43008.24,43316.29746449505,43007.74304761904,-0.004253953276754715,43019.31420535585,43001.044,42982.773794644156
2024-02-03 13:30:00,42995.37,43000.0,42976.7,42981.22,34.19309,18.65362587881664,-15.981729805738723,-13.356649355269226,-2.625080450469497,69.13146608205385,42997.740419416885,43020.91078463596,35.50103028360172,13.343502652480652,7.42234545166143,-108.17353236686144,43002.25,43316.289709717756,43003.47161904762,-0.00447048544624601,43012.0705151418,42994.32,42976.5694848582
2024-02-03 13:31:00,42981.23,42983.0,42981.22,42981.83,15.45888,19.97487274565701,-16.714489684083674,-14.028217421032117,-2.6862722630515563,70.37079486565833,42993.762814562666,43017.904570433195,29.569187465283903,14.76515480379744,7.019320776542673,-100.51371303237613,43000.0,43316.2862102415,42999.765999999996,-0.004694059269440988,43004.13259373265,42989.348000000005,42974.56340626736
2024-02-03 13:32:00,42981.83,42991.66,42981.83,42991.65,10.92243,39.08732259248526,-16.314748965589388,-14.485523729943573,-1.829225235645815,69.8049203699979,42993.234610922,43015.884988092184,21.990533586314996,14.635634471603517,7.220083578218321,-56.69342732197636,43000.0,43316.28381033548,42997.806761904765,-0.004859032381594672,42998.67326679316,42987.678,42976.68273320684
2024-02-03 13:33:00,42991.65,42991.66,42988.1,42988.11,5.20989,35.42716789649093,-16.098031890243874,-14.808025362003635,-1.290006528240239,69.27946548117036,42991.95345819151,43013.74845054663,21.972470398482983,13.278686420831933,6.9586490369173655,-43.493447174409226,42995.34,43316.28265313408,42995.62647619048,-0.004984243645128254,42998.62023519924,42987.634,42976.64776480076
2024-02-03 13:34:00,42988.11,42998.96,42988.1,42998.95,7.02355,51.95791924020615,-14.880056610243628,-14.822431611651634,-0.05762499859199366,67.49315120430701,42993.702593643626,43012.61010819689,26.330506402053288,10.73220784793862,7.237316962851881,37.53665689137162,42976.7,43316.28114463222,42995.19495238096,-0.005018516594241947,43001.517253201026,42988.352,42975.18674679897
2024-02-03 13:35:00,42998.95,42998.96,42981.84,42981.85,17.04048,34.99772959233056,-15.120331742888084,-14.882011637898923,-0.23832010498916034,66.2072504760781,42990.73944523272,43010.2439460279,25.79836055614578,8.737909092090923,7.943222894076933,-43.387617735676706,42977.1452,43316.2772875585,42992.66485714285,-0.005058204446234039,43001.377180278076,42988.478,42975.57881972193
2024-02-03 13:36:00,42981.85,42984.9,42981.84,42984.9,8.72405,39.24258787928628,-14.89296517452749,-14.884202345224637,-0.008762829302852992,65.01319979986555,42989.27958392454,43008.29441171806,23.64451833649946,7.05613529550093,7.594421258786077,-92.8418004103183,42977.581496,43316.27533093294,42990.84733333333,-0.005076104563256844,43000.91425916825,42989.092,42977.26974083175
2024-02-03 13:37:00,42984.89,42984.9,42981.42,42981.43,7.40563,36.03030698975871,-14.821917690198461,-14.871745414219403,0.04982772402094149,63.93054092681198,42987.3171879434,43006.22791850898,25.673673041295842,6.307778424098718,7.300534026015872,-94.52980225654703,42978.00906608,43316.27365262783,42988.823428571435,-0.0050844843561026025,42999.88483652064,42987.047999999995,42974.21116347935
2024-02-03 13:38:00,42981.42,42981.43,42973.66,42973.66,5.9542,29.534191330961264,-15.217172023672902,-14.940830736110104,-0.2763412875627971,63.37594364097385,42983.90289095755,43003.72269400829,33.09770577432937,7.626043446774607,7.334067309871652,-156.97051763401458,42998.96,43316.272271954316,42986.12514285715,-0.005111476039857538,43000.70685288717,42984.158,42967.60914711284
2024-02-03 13:39:00,42973.67,42991.1,42973.66,42991.09,17.33811,52.55904302377211,-13.963001806041575,-14.745264950096399,0.7822631440548236,61.2493380576323,42985.69966821816,43002.75094831535,22.572486251505325,7.141396516717039,8.055919644880467,-5.567504455201124,42998.454,43316.268456147074,42986.18647619048,-0.005060682522569193,42993.87224312575,42982.585999999996,42971.29975687424
2024-02-03 13:40:00,42991.1,43000.0,42991.09,42999.99,8.85073,60.47288515288132,-12.111295774499013,-14.218471114976921,2.1071753404779088,58.079217501014334,42989.272251163624,43002.538567675714,35.58740023460996,8.27694285905223,8.116925384532111,138.1560283687797,42973.66,43316.26656160648,42987.66066666667,-0.004909670701567004,43004.007700117305,42986.214,42968.420299882695
2024-02-03 13:41:00,43000.0,43000.0,42999.99,43000.0,4.22091,60.48177353314975,-10.521710755201639,-13.479119043021866,2.9574082878202272,55.13553412701193,42991.95418837272,43002.34329323912,41.51124781744147,8.90226324392455,7.537859285637106,125.30107424919332,42973.66,43316.2656581373,42989.2,-0.004688364899929908,43009.98962390872,42989.234,42968.478376091276
2024-02-03 13:42:00,42999.99,43003.43,42999.99,43003.43,4.25919,63.82955237581231,-8.882785617512127,-12.559852357919919,3.677066740407792,51.95951578154656,42994.82314127954,43002.42688606689,43.16735450801207,9.981860758084322,7.245155050948908,106.44632350582542,42974.1868,43316.26475636689,42991.19666666667,-0.004404738426620784,43015.21767725401,42993.634000000005,42972.050322746
2024-02-03 13:43:00,43003.43,43003.43,43000.0,43002.74,10.39171,62.550390357030224,-7.552541870129062,-11.55839026036175,4.005848390232687,49.010355889328714,42996.802355959655,43002.45097175405,17.63162474175624,10.667146071012402,6.972643975881149,88.44267765432812,42975.356528000004,43316.26255136725,42992.95752380953,-0.004086069614639975,43008.265812370875,42999.45,42990.63418762912
2024-02-03 13:44:00,43002.74,43028.89,43002.74,43025.58,10.97209,79.14872737540063,-4.602264952714904,-10.16716519883238,5.564900246117476,47.22476597600962,43003.996766969736,43004.23012777297,38.86894759075949,15.066258171556527,8.342455120461171,151.57894736844258,42976.47946688,43316.26039285377,42997.69342857142,-0.003645922361051909,43025.78247379538,43006.348,42986.91352620462
2024-02-03 13:45:00,43025.58,43025.59,43014.05,43014.05,7.54064,62.39590982518365,-3.158119049294328,-8.765355968924771,5.607236919630443,45.566718199356174,43006.5100752273,43004.98550255967,38.00982544978615,15.504660294166404,8.570851183284915,116.62108539052765,42979.6240988672,43316.25885057874,43000.46952380952,-0.0031885225562872117,43028.1649127249,43009.16,42990.15508727511
2024-02-03 13:46:00,43014.05,43014.06,42993.0,42993.01,16.23111,42.634971157701386,-3.6690803038873128,-7.7461008359172805,4.077020532029968,42.64359613828746,43003.13505642048,43004.06431005508,44.49281342832546,14.964180073743364,9.46293324162154,0.2603188235309656,42982.58005293517,43316.255299791395,43000.133428571426,-0.0028285262484338395,43030.008406714165,43007.762,42985.51559328584
2024-02-03 13:47:00,42993.0,42995.22,42993.0,42995.22,8.01366,44.83702002264268,-3.8512968959039426,-6.967140047914613,3.1158431520106706,39.92926851015221,43001.156292315354,43003.383978512386,48.78304573128116,13.807213965799054,8.945580867220084,-67.9567425490569,42985.35864975906,43316.253558703094,43000.079047619045,-0.002533696384291531,43030.51152286564,43006.12,42981.72847713436
2024-02-03 13:48:00,42995.22,43002.08,42995.21,43002.08,6.31259,51.737824441895064,-3.402933292542002,-6.254298696840092,2.8513654042980896,37.345876608002776,43001.387219236516,43003.28367247297,48.9405538058636,10.287559355287229,8.797325090990265,-38.71329577745171,42987.97053077351,43316.25221651786,43000.87161904761,-0.002259093004159881,43030.45827690293,43005.988,42981.517723097066
2024-02-03 13:49:00,43002.08,43002.23,43002.07,43002.22,6.036,51.885230582115554,-3.0017033093681675,-5.6037796193457075,2.60207630997754,34.95998949413344,43001.595414427386,43003.20185151352,29.377896707781474,9.458286004967547,8.180373298776924,-21.243583761126807,42990.4256989271,43316.2509337239,43001.65304761905,-0.0020047905422368173,43016.00494835389,43001.316,42986.62705164611
2024-02-03 13:50:00,43002.22,43010.5,43002.22,43010.5,5.00067,60.456859873668904,-1.9926290683215484,-4.881549509140876,2.8889204408193274,33.436047829555825,43003.821560820536,43003.763247550945,24.6172040450474,9.567234694731182,8.187489491721347,27.25152358734122,42992.73355699147,43316.24989899165,43003.344476190476,-0.0017334965225185217,43012.91460202252,43000.606,42988.297397977476
2024-02-03 13:51:00,43010.49,43010.5,43005.33,43010.15,4.34995,59.91542951688186,-1.207256041081564,-4.146690815529014,2.9394347744474496,32.02095914101947,43005.4036706154,43004.25453620088,22.909205461706733,9.52997124461325,7.971954528026841,28.653662829121323,42994.902943571986,43316.248997880895,43004.74542857143,-0.0014606779368089753,43015.48860273085,43004.034,42992.579397269146
2024-02-03 13:52:00,43010.15,43021.1,43010.14,43016.18,19.9283,66.17768594861164,-0.09715174861048581,-3.3367830021453084,3.2396312535348226,31.510860453908855,43008.09775296155,43005.17187957004,21.613647881677025,10.004195882356042,8.185386347453433,78.0880554422861,42996.94216695767,43316.24495103895,43006.67685714286,-0.0011683210163518838,43019.03282394084,43008.226,42997.419176059164
2024-02-03 13:53:00,43016.19,43016.19,43010.1,43010.1,10.2006,55.65706391162754,0.2886809790870757,-2.611690205898832,2.9003711849859077,31.03247654029489,43008.59831472116,43005.550965756964,17.786177517991746,9.912137886071235,8.035715894064172,56.79294823711311,42998.85903694021,43316.2428376731,43007.392666666674,-0.0009007663947083381,43018.723088759,43009.83,43000.936911241006
2024-02-03 13:54:00,43010.11,43010.11,42998.0,42998.01,10.92988,40.35037171681677,-0.37676267845381517,-2.1647047004098288,1.7879420219560136,29.277210791808844,43005.95123604087,43004.97089146797,23.80684033484431,8.12383165842044,8.326736187345343,-32.26349620042657,43028.89,43316.24048382172,43006.315428571426,-0.000714473117641045,43020.89142016742,43008.988,42997.084579832575
2024-02-03 13:55:00,42998.0,42998.01,42989.41,42989.42,7.56716,32.6860803042498,-1.5790702428712393,-2.047577808902111,0.46850756603087174,27.49317017180397,43001.81842703065,43003.774669047365,38.73443799596862,8.829417354615066,8.346255031106287,-121.30843289636323,43028.2722,43316.23881019495,43004.11171428571,-0.0006282425338516866,43024.13921899799,43004.772000000004,42985.40478100202
2024-02-03 13:56:00,42989.42,42989.42,42977.39,42980.34,8.37571,26.33989864628201,-3.227384485726361,-2.2835391442669613,-0.9438453414593999,26.74003917111521,42996.448820272984,43001.97200219757,52.43308832269395,11.01196000029745,8.609379671741468,-177.4040497259324,43026.717712,43316.23690629525,43000.7980952381,-0.0006527646957112565,43025.02654416135,42998.810000000005,42972.59345583866
2024-02-03 13:57:00,42980.34,42986.99,42980.33,42986.98,11.6887,37.06297383652885,-3.9523328584982664,-2.6172978871132226,-1.3350349713850438,26.040703241904218,42994.08161520474,43000.818771259306,41.059487956401426,11.807183159492622,8.470138266616807,-111.86675919500051,43023.75804928,43316.234301871555,42998.589714285714,-0.0007189991854777168,43013.499743978195,42992.969999999994,42972.44025602179
2024-02-03 13:58:00,42986.98,42995.04,42986.98,42995.03,5.67961,48.062565843982824,-3.833106280369975,-2.8604595657645735,-0.9726467146054016,24.613595158240518,42994.31871140355,43000.37348116244,24.801529294345528,11.918809678990261,8.440842676144012,-47.120688846864944,43020.975966323196,43316.233067321424,42997.60476190476,-0.0007723677131430836,43002.35676464718,42989.956000000006,42977.55523535283
2024-02-03 13:59:00,42995.03,42995.04,42995.03,42995.04,4.75878,48.07609351656968,-3.695215300016571,-3.027410712614973,-0.6678045874015979,23.288423366267086,42994.49903355267,42999.96321338071,22.013789481992717,11.979165513024423,7.838639627848157,-22.263190309979606,43018.3608083438,43316.23203296729,42996.9120952381,-0.0008132703304700218,43000.368894741,42989.362,42978.355105259005
2024-02-03 14:00:00,42995.04,42998.01,42995.03,42998.0,5.11243,52.47308083287681,-3.3089449843537295,-3.0837175669627244,-0.22522741739100516,21.767672007338316,42995.374275164504,42999.812196966814,26.004803542848094,11.298985488041337,7.491593940144946,-0.5913253150527286,43015.902559843176,43316.23093199286,42996.79514285715,-0.0008290323532577233,43004.08040177142,42991.077999999994,42978.07559822857
2024-02-03 14:01:00,42998.01,42998.01,42998.0,42998.0,8.61586,52.473080832876825,-2.9686027714051306,-3.060694607851206,0.09209183644607544,20.355545745475887,42996.03070637338,42999.67279720014,16.15548300696537,10.46048866271198,6.95719437299188,30.18556701026481,43013.59180625259,43316.22907656338,42996.63066666667,-0.000825655521273059,43002.68774150348,42994.61,42986.53225849652
2024-02-03 14:02:00,42998.01,42998.01,42990.4,42990.4,9.38666,39.961460012418094,-3.274390464714088,-3.1034337792237827,-0.1709566854903053,19.75892646669224,42994.623029780036,42998.95950510782,11.132698467423324,8.021296429135138,7.0038233463496455,-0.6277533039124321,43011.419697877434,43316.227006891044,42995.426380952376,-0.0008425078810456273,43000.86034923372,42995.29400000001,42989.7276507663
2024-02-03 14:03:00,42990.41,42990.41,42986.94,42986.94,3.59274,35.3558979893121,-3.752664122272108,-3.2332798478334484,-0.5193842744386599,19.504533345853854,42992.702272335024,42998.034927791836,17.468628315313254,5.983124858959524,6.75140739303904,-52.50904422912306,43009.377916004785,43316.22620631978,42993.872,-0.0008862585284555311,43002.410314157656,42993.676,42984.94168584234
2024-02-03 14:04:00,42986.94,42986.95,42986.94,42986.94,2.69548,35.3558979893121,-4.0846145477335085,-3.4035467878134607,-0.6810677599200479,19.268311162218215,42991.26170425127,42997.18147180785,20.06003029088606,5.728440719893208,6.269878293535877,-55.2071844966161,43007.4586410445,43316.22560568777,42992.463142857145,-0.0009444193361869332,43002.08601514545,42992.056000000004,42982.02598485456
2024-02-03 14:05:00,42986.94,42986.95,42981.95,42981.96,4.76852,28.538886212581914,-4.695406310733233,-3.661918692397415,-1.0334876183358181,19.490965181074035,42988.936278188456,42996.010589361096,21.233427593673696,6.365301928362141,6.179172701140457,-107.78027068123468,43005.654522581826,43316.22452705721,42990.61466666666,-0.0010305106394005985,42999.46471379684,42988.848000000005,42978.23128620317
2024-02-03 14:06:00,42981.96,42986.55,42974.99,42986.54,18.45307,41.07705229558903,-4.755081836607133,-3.8805513212393588,-0.8745305153677738,20.251223090262414,42988.337208641344,42995.28208248717,10.762112034819438,5.576980642042492,6.563517508202206,-111.699612867893,43003.958651226916,43316.220410262664,42989.645333333334,-0.001108800611629208,42991.937056017414,42986.556000000004,42981.174943982594
2024-02-03 14:07:00,42986.55,42986.55,42980.97,42980.98,6.63021,32.71517109619178,-5.191179962734168,-4.142677049538321,-1.048502913195847,20.9571768630802,42986.49790648101,42994.18192229585,10.54709284643468,6.2854365865535655,6.493266257616459,-84.7970547347793,43001.64115912876,43316.218906173104,42988.21695238096,-0.0012015899547285452,42989.945546423216,42984.672,42979.39845357678
2024-02-03 14:08:00,42980.97,42998.0,42980.97,42998.0,22.32897,61.50257168878061,-4.115972740029974,-4.137336187636652,0.021363447606677965,20.12535638026039,42989.37342986076,42994.475620580786,24.18527848587837,6.6120967236318124,7.245890096358058,38.771155381056246,42999.50906639846,43316.21409802146,42989.33523809524,-0.0012204532572361157,42998.97663924294,42986.884,42974.79136075706
2024-02-03 14:09:00,42997.99,42998.0,42997.99,42997.99,2.20328,61.484024876390635,-3.227465967378521,-3.9553621435850266,0.7278961762065057,19.35295164621342,42991.52757239557,42994.745957459185,30.024496921134414,6.907280038204378,6.729040803761199,109.52259747681765,42974.99,43316.21362357676,42990.45228571429,-0.0011866415607940588,43004.106248460565,42989.094,42974.08175153943
2024-02-03 14:10:00,42998.0,43012.0,42997.99,43010.71,11.34336,73.62467952744174,-1.4798613339007716,-3.4602619816481757,1.980400647747404,18.749481569467427,42996.323179296676,42995.97396073156,41.28939833880577,9.21066922227662,7.2491093177784025,174.50594441384624,42975.4502,43316.21127860516,42993.183714285726,-0.0010588976750572395,43015.4886991694,42994.844,42974.199300830594
2024-02-03 14:11:00,43010.72,43012.8,43010.71,43012.8,3.22826,75.16799066931756,0.07293273886898533,-2.753623037544744,2.8265557764137292,18.26072921919228,43000.44238447251,42997.26827144451,45.547285484542954,11.268551359416513,6.88060150936593,149.31763370703274,42976.912191999996,43316.21061581083,42995.90457142857,-0.0008621505023636827,43022.86964274227,43000.096,42977.322357257726
2024-02-03 14:12:00,43012.79,43018.11,43012.79,43018.1,5.12884,78.92127095133814,1.711470172071131,-1.860604395621569,3.5720745676926997,18.27534024727125,43004.85678835438,42998.870712102624,32.56708446836274,13.627108797378064,6.769129972982628,122.68743699367431,42979.06546047999,43316.209581208044,42999.08619047619,-0.0006018695677348671,43023.803542234185,43007.520000000004,42991.23645776582
2024-02-03 14:13:00,43018.11,43018.11,43018.1,43018.11,2.44713,78.92848203167286,2.9765183585186605,-0.8931798447935231,3.8696982033121836,18.288907630487433,43008.17009126578,43000.3506573255,29.506743070669472,14.813319147504698,6.286334974912585,100.15640440023766,42982.18902364159,43316.20908758578,43002.04942857142,-0.0003089873869235813,43026.295371535336,43011.542,42996.78862846467
2024-02-03 14:14:00,43018.1,43018.14,43018.1,43018.13,5.25643,78.94576851086218,3.935327981991577,0.07252172056349693,3.86280626142808,18.3043454730686,43010.66006844934,43001.7182990697,12.737168857638608,15.220069234054138,5.84016819099032,80.28794004535106,42985.06270175026,43316.20802736288,43004.79561904762,-6.1555150368171205e-06,43021.93858442882,43015.57,43009.20141557118
2024-02-03 14:15:00,43018.13,43018.14,43018.13,43018.13,3.08874,78.94576851086218,4.641685060414602,0.9863543885337179,3.655330671880884,18.318680612608258,43012.52755133701,43002.9807376028,8.508124027066515,14.0972262728947,5.423727605919728,69.85729202923375,42988.37043157524,43316.20740436697,43007.35009523809,0.00029034012617441113,43021.30806201353,43017.054,43012.79993798646
2024-02-03 14:16:00,43018.13,43022.0,43018.13,43021.99,3.80278,82.85482867905168,5.450122257927433,1.8791079624124611,3.5710142955149715,18.726788265319943,43014.893163502755,43004.44298855643,6.196170301132952,13.095886746961577,5.312747062639935,78.5129270827067,42991.347388417715,43316.20664728601,43010.22752380953,0.0005868152061813025,43021.990085150566,43018.892,43015.79391484943
2024-02-03 14:17:00,43022.0,43040.0,43021.99,43030.2,14.63817,88.36733655779949,6.6763323441991815,2.8385528387698056,3.837779505429376,20.484363051225817,43018.719872627065,43006.424297129015,18.758188780440832,10.093725482613896,6.219693701022942,155.9337417744085,42995.025701807586,43316.203814385175,43013.89876190476,0.0009066809057203426,43030.69109439022,43021.312,43011.93290560978
2024-02-03 14:18:00,43030.2,43077.0,43030.19,43050.01,101.37328,93.97570267307218,9.141239593060163,4.099090189627877,5.042149403432286,23.573409940844734,43026.5424044703,43009.77704350371,47.991988145091454,13.51498516840445,9.119001293806852,231.01570216673014,43001.32210355452,43316.18555609401,43019.79933333333,0.001316679961854537,43051.68799407255,43027.692,43003.69600592746
2024-02-03 14:19:00,43050.0,43084.82,43048.0,43070.01,36.54534,96.19701159501408,12.563702655912493,5.792012682884801,6.7716899730276925,26.637991818299888,43037.40930335273,43014.41034784958,77.58008124373737,18.84714153604492,11.097644058534913,178.93487338364483,43013.4305669858,43316.179469072085,43027.7659047619,0.0018577076086394575,43076.85804062187,43038.068,42999.27795937813
2024-02-03 14:20:00,43070.01,43070.02,43062.54,43062.54,5.70794,82.55393832313487,14.50604605096305,7.534819356500451,6.971226694462599,29.48367499022253,43043.69197751455,43018.112628784234,73.48990426921227,20.935848486298468,10.839240911496415,112.16761218507135,43026.28066492836,43316.178489531376,43033.8979047619,0.0024256890814758386,43083.6949521346,43046.95,43010.20504786539
2024-02-03 14:21:00,43062.54,43062.55,43062.54,43062.54,1.2863,82.55393832313487,15.862513998072245,9.200358284814811,6.662155713257434,32.126095078436414,43048.40398313591,43021.53011887776,55.96928826809744,21.75937510957117,10.06572370353253,77.1430324850629,43036.81774524126,43316.17826879022,43039.3060952381,0.0029825633020865738,43083.044644134054,43055.060000000005,43027.075355865956
2024-02-03 14:22:00,43062.55,43062.55,43059.07,43059.08,3.42213,75.41961284410813,16.468492999389127,10.653985227729674,5.8145077716594535,34.10081030275491,43051.07298735193,43024.41857127178,25.938715717042214,21.66815647779509,9.595314867566149,55.46829013971986,43045.45815109783,43316.177673511265,43043.47619047619,0.0034865053063575227,43073.80535785852,43060.835999999996,43047.866642141475
2024-02-03 14:23:00,43059.07,43059.08,43056.48,43056.48,5.49315,69.96720722752546,16.548180330915784,11.832824248366897,4.715356082548887,35.57657420069856,43052.42474051395,43026.88483502011,18.212574475008296,20.51653776349473,9.095649519882748,36.00607597924433,43052.543283900224,43316.176708321356,43046.71790476191,0.003914694437111753,43071.2362872375,43062.13,43053.02371276249
2024-02-03 14:24:00,43056.49,43056.49,43054.96,43054.96,3.0222,66.5899507929532,16.300776612522895,12.726414721198097,3.5743618913247985,36.732079696016854,43053.05855538546,43029.04446309549,12.35081653596717,18.368059372800214,8.555245982748184,16.913367518499104,43084.82,43316.1761741919,43049.19990476191,0.004259170126520429,43065.295408267986,43059.12,43052.94459173202
2024-02-03 14:25:00,43054.97,43054.97,43054.96,43054.96,2.23148,66.5899507929532,15.921177954383893,13.365367367835258,2.5558105865486347,37.80504908452669,43053.5339165391,43031.037965934294,11.563736989133758,14.956589837112599,7.944871269694888,-12.34951456321537,43084.2228,43316.175779812,43051.26047619047,0.0045244303849617225,43063.38586849457,43057.60400000001,43051.82213150544
2024-02-03 14:26:00,43054.97,43054.97,43054.92,43054.92,2.67378,66.46837043277253,15.439142789691687,13.780122452206545,1.659020337485142,38.79495191491087,43053.880437404325,43032.87504547781,6.4533734746073605,10.512113678503015,7.3809518932883185,-61.3247782599187,43083.637544000005,43316.17530719155,43052.91419047619,0.004716195074238517,43059.306686737305,43056.08,43052.8533132627
2024-02-03 14:27:00,43054.92,43054.93,43053.74,43053.74,4.6066,62.43309783570125,14.791404210074688,13.982378803780174,0.8090254062945146,39.51389436344988,43053.84532805324,43034.48004197952,3.4810867896449054,5.762326361247197,6.938741043767891,-79.63501355445302,43082.48884224,43316.17448924986,43054.0599047619,0.004835905131281142,43056.752543394825,43055.012,43053.27145660518
2024-02-03 14:28:00,43053.74,43053.75,43053.74,43053.75,2.27352,62.45627682123847,14.116151428766898,14.00913332877752,0.10701809998937861,40.18148377995039,43053.821496039935,43035.96234644263,2.3555239872366656,5.293935375411179,6.443830969213187,-77.05464238113484,43080.7639117056,43316.17408558398,43054.86761904762,0.004892794887153571,43055.64376199362,43054.466,43053.28823800638
2024-02-03 14:29:00,43053.75,43053.75,43041.16,43041.16,6.31611,32.32438902278835,12.42190892000508,13.691688447023033,-1.2697795270179526,38.82328564507509,43050.65612202995,43036.362165947045,21.200113521932508,6.014238807587898,6.882843042840568,-216.55148583262434,43079.14247700327,43316.172910357214,43053.65742857143,0.004838429576679976,43062.306056760965,43051.706,43041.10594323903
2024-02-03 14:30:00,43041.17,43041.79,43039.79,43041.78,5.08202,34.20033840488432,11.00240941690572,13.153832640999571,-2.1514232240938505,37.37730055305387,43048.43709152246,43036.77892241266,24.893114498336217,6.810991247572085,6.534068539780527,-182.43634095134607,43076.10387884301,43316.17196689435,43052.310571428585,0.004705240170090181,43061.51655724917,43049.07,43036.62344275083
2024-02-03 14:31:00,43041.78,43041.79,43034.24,43034.24,10.58873,24.350037985852794,9.16340086699347,12.355746286198352,-3.192345419204882,35.31281787661307,43044.887818641844,43036.58362068861,30.663067256231443,8.282629856446068,6.606635072653554,-146.22424722670263,43072.47249095871,43316.16994713028,43049.7699047619,0.004481551650535863,43060.26553362811,43044.933999999994,43029.60246637188
2024-02-03 14:32:00,43034.24,43040.96,43034.24,43040.95,4.31597,42.144853525398176,8.153426637094526,11.515282356377588,-3.361855719283062,33.39579824848946,43043.903363981386,43036.91949602026,25.26212686301733,8.181196911216421,6.614732567464097,-91.87917014792409,43067.884592043665,43316.169143475556,43048.08542857142,0.004228568191026121,43055.00706343151,43042.376000000004,43029.744936568495
2024-02-03 14:33:00,43040.95,43040.96,43040.95,43040.95,2.18258,42.144853525398176,7.269219743160647,10.6660698337342,-3.396850090573553,31.61570859380326,43043.16502298604,43037.22953478793,11.21817158567137,8.01122473744267,6.142965955502521,-56.371482492115106,43063.847240998424,43316.16873707027,43046.48723809524,0.003958575209963528,43045.42508579284,43039.816000000006,43034.20691420717
2024-02-03 14:34:00,43040.96,43040.96,43040.95,43040.95,3.05525,42.144853525398176,6.493624943148461,9.831580855617052,-3.3379559124685905,29.96276820016607,43042.611267239525,43037.51572441963,11.142438410286559,7.711327931351825,5.704896958681057,-46.293120907280354,43060.29437207861,43316.16816817229,43045.16580952381,0.003681060325578835,43045.34521920514,43039.774,43034.202780794854
2024-02-03 14:35:00,43040.95,43040.96,43040.95,43040.96,3.04641,42.179879077510776,5.812761496490566,9.027816983791755,-3.215055487301189,28.42789497750297,43042.19845042964,43037.78066869504,10.740008832974127,7.097896450693629,5.298118604489699,-35.93773312776853,43057.16784742918,43316.167600943314,43044.05133333334,0.0034032893699413934,43044.98000441649,43039.61,43034.23999558351
2024-02-03 14:36:00,43040.95,43040.96,43040.95,43040.96,1.55173,42.179879077510776,5.213079177927284,8.264869422618862,-3.0517902446915777,27.002655556458656,43041.88883782223,43038.02523264158,0.01826715309289284,6.086606847662483,4.9203958470262945,-24.62063257156708,43054.416505737674,43316.16731201848,43043.14238095238,0.0031306373763004217,43040.96313357655,43040.954000000005,43040.94486642346
2024-02-03 14:37:00,43040.95,43040.96,43040.95,43040.95,1.63947,42.14313965108918,4.683036573034769,7.548502852702044,-2.8654662796672747,25.67921895120323,43041.654128366674,43038.25021474608,0.01826715309289284,4.766609047413352,4.569653286524562,10.27928149601772,43051.99532504915,43316.167006746444,43042.40466666667,0.0028669718611454282,43040.963133576544,43040.954,43040.94486642345
2024-02-03 14:38:00,43040.95,43040.96,43040.95,43040.95,6.34518,42.14313965108918,4.21439308974368,6.881680900110372,-2.667287810366692,24.450313532037473,43041.47809627501,43038.45789053484,0.01826715309289284,2.174730030083352,4.243963766058667,41.383869546404775,43049.86468604326,43316.16582526976,43041.81485714286,0.0026150575797503958,43040.96313357655,43040.954000000005,43040.94486642346
2024-02-03 14:39:00,43040.96,43040.96,43040.95,43040.96,1.28856,42.215616619090916,3.799992718617432,6.2653432638117845,-2.4653505451943527,23.309187071383555,43041.348572206254,43038.6503604937,0.018267151317559183,2.1677191375644327,3.9415377827689078,42.97129328246428,43047.98972371806,43316.165585349,43041.359809523805,0.0023767788553433014,43040.96513357566,43040.956,43040.94686642434
2024-02-03 14:40:00,43040.95,43049.26,43040.95,43049.25,8.21634,74.2743804895764,4.093325844158244,5.830939779881076,-1.7376139357228322,23.549942062494264,43043.32392915469,43039.4657173788,13.272010158048943,3.5535892076928133,4.253570798285767,299.9999999985211,43034.24,43316.16410161692,43042.14342857143,0.0021908578455016934,43049.250005079026,43042.614,43035.97799492098
2024-02-03 14:41:00,43049.26,43061.1,43049.25,43061.09,3.39674,86.8131626427601,5.220999081044283,5.7089516401137175,-0.48795255906943424,24.999266152245156,43047.76544686602,43041.12912373428,31.629312188306358,6.611906904614993,4.796172884122394,244.63612450681785,43034.5404,43316.16351543716,43044.55971428572,0.0020974569397747642,43062.45465609415,43046.64,43030.825343905846
2024-02-03 14:42:00,43061.09,43061.1,43060.0,43060.01,7.90595,82.41617477083524,5.958851342642447,5.758931580619463,0.19991976202298378,26.345067092728126,43050.826585149516,43042.58149883165,35.161490943690296,8.245425776919449,4.532160535256405,162.3749139083585,43035.602783999995,43316.16214533102,43046.761999999995,0.0020610465826311937,43068.03274547185,43050.452000000005,43032.87125452816
2024-02-03 14:43:00,43060.0,43078.99,43058.88,43078.99,11.076,91.49771030655677,7.983107657644723,6.2037667960245155,1.7793408616202075,28.76147003668076,43057.86743886214,43045.38215276768,51.25854103600432,13.134401885789392,5.644863354166703,163.24442251242604,43036.62267264,43316.1603681028,43051.435333333335,0.002146489477661119,43083.689270518,43058.06,43032.430729481996
2024-02-03 14:44:00,43078.98,43078.99,43067.05,43067.06,8.72962,65.84665965572054,8.526406962482724,6.6682948293161575,1.8581121331665669,31.005272770351066,43060.165579146604,43047.04967947786,38.92237953892618,13.821581216838684,6.094515971725871,108.96700195117474,43039.1647122816,43316.15889692989,43054.15771428572,0.0022515481531903366,43082.74118976946,43063.28,43043.818810230536
2024-02-03 14:45:00,43067.05,43067.06,43067.05,43067.05,2.27424,65.8280967041044,8.854104059297242,7.105456675312375,1.748647383984867,33.088803880187776,43061.88668435995,43048.58816567187,26.97710934955103,13.943217450826834,5.659907688030792,68.56995331426157,43041.5542295447,43316.1585136475,43056.638,0.0023607852677454324,43080.32855467477,43066.84,43053.35144532522
2024-02-03 14:46:00,43067.05,43072.51,43067.05,43072.5,4.4308,71.14761959725917,9.44470316296065,7.57330597284203,1.8713971901186195,35.30695241481279,43064.540013269965,43050.42753754327,25.321097227089922,14.049878986590372,5.645628567457101,74.79851751510492,43043.80037577202,43316.15778325589,43059.53247619048,0.0024882447191238834,43081.78254861354,43069.121999999996,43056.46145138645
2024-02-03 14:47:00,43072.5,43076.46,43072.5,43076.46,6.50145,74.59579291951997,10.115688749443507,8.081782528162325,2.033906221281182,37.551477105314476,43067.52000995247,43052.43003465533,19.35430196824018,13.780083719067378,5.525226526924389,86.32499999993509,43045.9117532257,43316.15672895549,43062.65447619048,0.0026355389095975073,43082.08915098412,43072.412,43062.73484901588
2024-02-03 14:48:00,43076.46,43076.46,43076.45,43076.45,2.10158,74.56878752167013,10.525313482437923,8.570488719017446,1.9548247634204774,39.635678603637466,43069.75250746435,43054.27772429723,16.85743553136126,12.423183371068227,5.131281775001364,87.36382748296596,43047.89644803216,43316.15638814287,43065.43695238095,0.002784590990040343,43080.332717765676,43071.903999999995,43063.475282234314
2024-02-03 14:49:00,43076.45,43083.23,43076.45,43083.23,7.08211,80.3550498186115,11.267152649525087,9.109821505118974,2.157331144406113,41.86910820786086,43073.121880598264,43056.504822428215,21.265879821687122,10.361665972453636,5.249047362501703,126.03641999238538,43049.76206115023,43316.15527213106,43068.78533333333,0.0029537362534006635,43085.77093991084,43075.138,43064.505060089155
2024-02-03 14:50:00,43083.23,43083.23,43083.22,43083.23,2.71188,80.3550498186115,11.719965072174091,9.631850218529998,2.088114853644093,43.9430071260683,43075.6489104487,43058.56060531836,16.878910287297913,8.492086613281208,4.874829693751727,129.1844487175228,43052.43949625821,43316.15484479089,43071.73114285714,0.003123295548280267,43086.813455143645,43078.373999999996,43069.93454485635
2024-02-03 14:51:00,43083.23,43083.23,43070.31,43070.31,5.82595,49.46912583367022,10.91051651359885,9.88758347754377,1.0229330360550808,43.21761551229479,43074.31418283652,43059.46440490925,19.48090379065252,7.551113938437102,5.4494847156269985,0.1599215318955217,43054.90273655755,43316.15387581543,43072.55171428571,0.0032211128521711326,43087.67645189533,43077.936,43068.195548104675
2024-02-03 14:52:00,43070.31,43070.32,43067.05,43067.06,4.96975,44.326202576290164,9.892737540205417,9.888614290076099,0.0041232501293180235,42.01112611590599,43072.50063712739,43060.0486814547,26.353431893425295,6.38825524242832,5.293807235939127,-91.55950520588583,43057.168917632946,43316.153038322685,43072.65933333334,0.00324562673329044,43089.23271594671,43076.056,43062.879284053284
2024-02-03 14:53:00,43067.05,43067.06,43067.05,43067.05,3.11436,44.309194016425444,8.981796891079284,9.707250810276737,-0.7254539191974523,40.89081453354495,43071.137977845545,43060.58724441972,29.949990527908085,6.515129447125312,4.916392433371672,-91.18866679078273,43059.25380422231,43316.15251347851,43072.51695238095,0.0032135964920277493,43089.15099526395,43074.176,43059.201004736045
2024-02-03 14:54:00,43067.06,43067.06,43067.05,43067.05,2.17082,44.309194016425444,8.165740292570263,9.398948706735442,-1.2332084141651798,39.850525207066845,43070.11598338416,43061.08437946436,25.092442462351755,6.516149983056037,4.565935830987607,-91.18866679078273,43061.171899884524,43316.15214764471,43072.12609523809,0.0031387873905566487,43083.48622123118,43070.94,43058.39377876883
2024-02-03 14:55:00,43067.05,43067.06,43067.01,43067.01,4.733,44.211478273992704,7.430131957065896,9.005185356801533,-1.575053399735637,38.87683748054074,43069.33948753812,43061.54019642864,5.228446502689621,6.5202458663189855,4.243368985916752,-78.6691031854921,43062.93654789376,43316.15134989946,43071.56038095238,0.0030322239055307243,43070.31022325135,43067.696,43065.08177674866
2024-02-03 14:56:00,43067.02,43067.02,43067.01,43067.02,3.32377,44.24836325482582,6.769924492422433,8.558133183925714,-1.7882086915032804,37.972698877337926,43068.75961565359,43061.96171978029,0.07723245973465964,6.7947153928678645,3.9409854869223238,-62.826613601043206,43064.56002406226,43316.1507897049,43070.93961904762,0.0029030909219849017,43067.07661622987,43067.038,43066.99938377013
2024-02-03 14:57:00,43067.01,43067.02,43067.01,43067.02,3.07798,44.24836325482582,6.17551779513451,8.081610106167473,-1.9060923110329622,37.13314160293532,43068.32471174019,43062.350818258725,0.06654962881293613,6.837034895472951,3.6602008092846403,-52.44225162600306,43066.053622137275,43316.1502709385,43070.2520952381,0.0027587180555598586,43067.063274814405,43067.03,43066.99672518559
2024-02-03 14:58:00,43067.01,43067.02,43067.01,43067.02,6.51576,44.24836325482582,5.639438271107792,7.593175739155537,-1.9537374680477448,36.353552705275746,43067.99853380514,43062.709986084985,0.05378525159903802,6.734585737352492,3.399472180049649,-45.698630137059446,43083.23,43316.14917277172,43069.67857142857,0.0026049522070684754,43067.0508926258,43067.024,43066.9971073742
2024-02-03 14:59:00,43067.02,43081.69,43067.01,43070.25,13.27224,59.27627068486782,5.412829660876014,7.157106523499633,-1.744276862623619,37.1915720897457,43068.56140035386,43063.289987155375,5.172018255252624,5.0766279875974005,4.20522416718898,126.17418239416722,43082.905600000006,43316.14696489858,43069.536095238094,0.002461066634773095,43070.25000912763,43067.664000000004,43065.07799087238
2024-02-03 15:00:00,43070.25,43070.25,43070.24,43070.24,3.79175,59.21696916983756,5.172804913134314,6.76024620142657,-1.587441288292256,37.9697329467535,43068.98105026539,43063.82460352804,6.319692145334557,1.562263868613049,3.905565298104199,90.27448869715553,43082.58768800001,43316.1463341123,43069.36180952381,0.0023251300344600693,43071.469846072665,43068.31,43065.15015392733
2024-02-03 15:01:00,43070.25,43070.25,43070.24,43070.25,4.42703,59.26587094193635,4.926599712896859,6.393516903720629,-1.4669171908237697,38.692310885403614,43069.29828769904,43064.31886479512,6.322962342994288,1.5525039114907833,3.627310633954045,66.88652577718827,43082.276134240004,43316.14559767645,43069.210380952376,0.0021958633970288206,43072.11748117149,43068.95599999999,43065.794518828494
2024-02-03 15:02:00,43070.25,43070.25,43070.24,43070.25,4.79624,59.26587094193635,4.67756031427416,6.050325585831336,-1.372765271557176,39.363276114150146,43069.53621577428,43064.77510596473,5.164018277471769,1.6624227817583308,3.3689313029574732,51.37038934425522,43081.970811555206,43316.144799827525,43069.1180952381,0.002072330501453999,43072.184009138735,43069.602,43067.01999086126
2024-02-03 15:03:00,43070.24,43077.61,43070.24,43077.61,9.79596,82.06196113652804,5.016260952797893,5.843512659224648,-0.8272517064267548,40.604340033675506,43071.55466183071,43065.762405505906,11.780008009402081,3.308191273494523,3.6547219241749835,155.9142046053638,43081.6715953241,43316.14321907141,43070.06619047618,0.001987283964326338,43077.6100040047,43071.72,43065.8299959953
2024-02-03 15:04:00,43077.61,43080.58,43077.6,43080.57,6.92616,85.87648177540655,5.460584690074029,5.766927065394524,-0.30634237532049546,41.96545518554898,43073.808496373036,43066.90145123622,17.729189847101225,4.71665660164303,3.606527501019856,175.80177153324905,43081.37836341762,43316.142115291404,43071.46247619048,0.0019412169921612463,43082.64859492355,43073.784,43064.91940507645
2024-02-03 15:05:00,43080.58,43081.69,43080.57,43081.68,4.60753,87.10996077830235,5.835019701436977,5.780545592603016,0.05447410883396131,43.305600427476534,43075.776372279775,43068.03826267959,19.745457314536907,5.626730799785754,3.428918393804339,140.92040300223886,43067.01,43316.141384482915,43073.03209523809,0.0019244831163150514,43085.94472865727,43076.072,43066.19927134273
2024-02-03 15:06:00,43081.69,43087.19,43081.68,43087.19,5.92243,91.52101635745665,6.501428673858754,5.924722208854163,0.576706465004591,44.89712939503966,43078.629779209834,43069.5114732427,22.210626926113036,7.011805643045296,3.5775670799613173,141.18684765023892,43067.3036,43316.1404671981,43075.22809523809,0.0019493494174860114,43090.56531346306,43079.46000000001,43068.35468653695
2024-02-03 15:07:00,43087.18,43090.0,43087.18,43089.99,4.0446,92.98490914127981,7.172815433754295,6.17434085383419,0.9984745799201047,46.53166097433439,43081.46983440738,43071.08674453173,18.09161254070932,8.076927739058329,3.523455145678345,133.5836375704761,43068.099056,43316.13984842294,43077.60571428572,0.0020099044121341496,43092.45380627036,43083.408,43074.36219372965
2024-02-03 15:08:00,43089.99,43093.52,43089.99,43093.52,3.70832,94.43773899800276,7.898684656640398,6.519209614395432,1.379475042244966,48.23166743597604,43084.48237580553,43072.81237956775,19.61985800715047,8.922199873492225,3.523922635272666,125.43126444959321,43069.41311264,43316.139289953004,43080.235523809526,0.0021038462947886053,43096.39992900357,43086.59,43076.78007099642
2024-02-03 15:09:00,43093.51,43093.52,43054.1,43054.11,14.6995,25.019522631905915,5.233554450562224,6.262078581628791,-1.0285241310665674,45.421271941864674,43076.88928185415,43071.373734985624,56.53960208907665,11.730084281635259,6.087928161324493,-106.71956778660787,43093.52,43316.13668435869,43077.358571428565,0.002033261938977902,43109.56780104454,43081.298,43053.028198955464
2024-02-03 15:10:00,43054.1,43054.11,43054.1,43054.11,3.39063,25.019522631905915,3.085847828129772,5.626832430928988,-2.540984602799216,42.81161898304697,43071.19446139061,43070.04575537135,71.24038189515704,13.776160428370684,5.653790435515746,-165.13732254213133,43093.52,43316.13608335198,43074.604476190485,0.0018515281897659047,43111.40419094758,43075.784,43040.16380905242
2024-02-03 15:11:00,43054.11,43054.11,43042.6,43042.61,11.6497,19.115298331135264,0.4506264250521781,4.591591229753626,-4.140964804701448,41.347422398115064,43064.04834604295,43067.93531265048,83.11803008285642,17.350939281049737,6.072091118693338,-151.0754081368583,43093.52,43316.13392777535,43070.44,0.001547377116697527,43108.42701504143,43066.868,43025.308984958574
2024-02-03 15:12:00,43042.6,43042.61,43041.1,43041.11,4.46647,18.434392091415944,-1.738799191894941,3.325513145423913,-5.064312337318854,40.10034616094582,43058.31375953222,43065.87182706199,76.1038546012569,20.120606920089195,5.746227467358246,-118.70708491345063,43091.483199999995,43316.13309680875,43066.308,0.0011644676790920718,43095.143927300625,43057.092,43019.04007269937
2024-02-03 15:13:00,43041.11,43041.11,43041.1,43041.11,1.8387,18.434392091415944,-3.434345767091145,1.9735413629209013,-5.407887130012046,38.94234679786008,43054.012819649164,43063.967071134146,24.592680811751052,21.8715807628634,5.336496933975659,-92.06513276234303,43088.460208,43316.132754728365,43062.42276190477,0.0007429792641858795,43058.906340405876,43046.61,43034.313659594125
2024-02-03 15:14:00,43041.1,43041.11,43041.1,43041.11,2.00537,18.434392091415944,-4.723627605009824,0.6341075693347563,-5.3577351743445805,37.867061674994765,43050.78711473687,43062.20883489306,20.333222803878016,22.617997862345884,4.956032867263258,-73.16476451422331,43085.61859552,43316.13238164089,43058.81504761905,0.0003123063609834097,43054.176611401934,43044.009999999995,43033.843388598056
2024-02-03 15:15:00,43041.11,43060.77,43041.1,43060.77,18.49721,54.85521783208607,-4.111599100753665,-0.315033764682928,-3.7965653360707368,35.66151103750414,43053.282836052655,43062.09815528591,30.94337870286836,21.6076180387301,6.007030519601472,-17.970798024785413,43082.947479788796,43316.12918638791,43058.106095238094,-1.7465838997923165e-05,43060.81368935144,43045.342000000004,43029.87031064857
2024-02-03 15:16:00,43060.77,43078.84,43060.76,43062.1,11.28231,56.434412465872086,-3.4791368925652932,-0.947854390259401,-2.531282502305892,34.92816631084744,43055.487127039494,43062.098297186996,39.86421690469433,19.528943892021807,6.8693854824866865,56.9519022049871,43080.43663100147,43316.127247644064,43057.66476190476,-0.0002594098203834334,43069.172108452345,43049.24,43029.30789154765
2024-02-03 15:17:00,43062.1,43073.38,43062.09,43073.37,8.12346,67.86483244377993,-2.0449384457824635,-1.1672712013640136,-0.8776672444184499,34.247203350380495,43059.95784527962,43062.965351249535,50.74263419667841,17.060240215473303,7.1851436623091285,108.33709896070816,43078.84,43316.12591366305,43058.803714285714,-0.00038050413973616653,43081.06331709834,43055.692,43030.32068290166
2024-02-03 15:18:00,43073.37,43073.38,43073.23,43073.23,5.66582,67.60043729444848,-0.9091426433587912,-1.115645489762969,0.20650284640417782,33.614880601375475,43063.275883959715,43063.754939614955,47.09946934958862,12.83799748985126,6.682633400715203,120.56844383789351,43078.84,43316.12498273156,43059.96438095238,-0.00041532716530679446,43085.66573467479,43062.115999999995,43038.5662653252
2024-02-03 15:19:00,43073.23,43073.24,43064.62,43064.63,2.28849,52.51808056046237,-0.6949534233062877,-1.031507076471633,0.33655365316534525,32.08407303427487,43063.614412969786,43063.82225195227,21.737899366387865,13.239703990963182,6.821016729235213,64.48489463982591,43076.5756,43316.12459340646,43060.048285714285,-0.0004290493137574954,43077.688949683194,43066.82,43055.951050316806
2024-02-03 15:20:00,43064.63,43064.63,43064.62,43064.63,1.71728,52.51808056046237,-0.5192216591894976,-0.929049993015206,0.4098283338257084,30.662608864824314,43063.86830972734,43063.88438641748,19.00578977150144,13.539054685058613,6.334515534289467,38.44135050472047,43074.447064,43316.12430125819,43060.29457142857,-0.00042720781204889967,43077.094894885755,43067.592000000004,43058.08910511425
2024-02-03 15:21:00,43064.63,43064.63,43064.62,43064.62,3.82,52.498468177020825,-0.37642074246832635,-0.8185241429058301,0.44210340043750374,29.342677850334507,43064.0562322955,43063.940972077675,16.997120133193675,12.805228818393736,5.882764424696988,28.585285778200674,43073.24,43316.12365136614,43060.75438095238,-0.0004142298599047737,43076.5945600666,43068.096000000005,43059.59743993341
2024-02-03 15:22:00,43064.62,43070.0,43064.62,43070.0,5.12081,61.72605740880655,0.16892380188801326,-0.6210345539470614,0.7899583558350747,28.592776380035243,43065.54217422163,43064.40705114862,14.290770617561066,11.606667699314869,5.846852680075587,46.083698572002405,43071.3116,43316.12279881009,43062.17314285714,-0.0003691404789323249,43074.56738530878,43067.422,43060.27661469122
2024-02-03 15:23:00,43069.99,43073.41,43069.99,43073.41,4.34803,66.65313102449244,0.866285780495673,-0.32357048705851454,1.1898562675541875,28.182281275701076,43067.50913066622,43065.099585675656,14.525835082444246,9.606233020801001,5.673506060070584,95.49244398113906,43041.1,43316.1220849471,43064.27057142857,-0.00028828990284685853,43074.72091754122,43067.458,43060.19508245878
2024-02-03 15:24:00,43073.4,43073.41,43073.4,43073.41,2.70251,66.65313102449244,1.4027798004317447,0.021699570439537297,1.3810802299922074,27.80110725024792,43068.98434799966,43065.738848315996,15.79351806237537,5.163377615023323,5.26896991292283,104.9136747393045,43041.7462,43316.121641248996,43066.18419047619,-0.00018639268324051512,43077.11075903119,43069.214,43061.31724096881
2024-02-03 15:25:00,43073.41,43073.41,43073.4,43073.4,2.22568,66.61691685814492,1.8063260576309403,0.3786248678778179,1.4277011897531224,27.44715994089856,43070.08826099975,43066.32816767631,13.749235787152429,4.719347948393723,4.893329204857059,81.8483540202741,43042.379476,43316.12127582301,43067.91266666667,-7.445541261498125e-05,43077.84261789358,43070.968,43064.093382106425
2024-02-03 15:26:00,43073.4,43073.41,43062.05,43062.06,13.41345,38.299810849745114,1.1972944807130261,0.5423587904448596,0.6549356902681666,25.62577296475489,43068.08119574981,43065.99984708582,17.601827539983788,4.72612180124927,5.355234261653025,-66.20659805705036,43043.00008648,43316.11897065153,43067.8359047619,-1.1886214231680785e-05,43079.25691376999,43070.456,43061.65508623001
2024-02-03 15:27:00,43062.06,43062.06,43062.05,43062.05,3.85279,38.282590821856544,0.7056908864760771,0.575025209651103,0.1306656768249741,23.93448505833577,43066.57339681235,43065.69601269461,22.24464009143412,4.985156250245394,4.973431814391721,-116.29515013769962,43043.6082847504,43316.11830851111,43067.55828571429,1.4899378596629969e-05,43079.98832004572,43068.866,43057.743679954285
2024-02-03 15:28:00,43062.05,43062.06,43062.05,43062.06,3.79328,38.3158714795884,0.31328703473263886,0.5226775746674102,-0.2093905399347713,22.364003430946585,43065.44504760926,43065.416319410404,22.23810812254669,4.970320977629058,4.618900970506224,-90.1628732513645,43044.204319055396,43316.11765662711,43067.08257142857,1.6578017620571258e-05,43077.71505406128,43066.596000000005,43055.47694593873
2024-02-03 15:29:00,43062.06,43062.06,43062.05,43062.05,2.17391,38.29109365176369,0.0014801761353737675,0.4184380949610029,-0.41695791882562916,20.905699062656627,43064.596285706946,43065.157371763446,18.15200740804721,5.171461168903145,4.289693758326833,-80.2110714425893,43044.788432674286,43316.11728302242,43066.405999999995,1.2871038664145932e-06,43073.400003704024,43064.324,43055.24799629598
2024-02-03 15:30:00,43062.05,43062.06,43062.05,43062.05,3.28554,38.29109365176369,-0.24282981480064336,0.2861845130086737,-0.5290143278093171,19.551559292101665,43063.95971428021,43064.91834316625,0.018248667460284196,5.351262526011062,3.9840013470173994,-71.35696052677555,43045.3608640208,43316.116718376856,43065.71723809523,-2.4717563460134603e-05,43062.063124333734,43062.054000000004,43062.04487566627
2024-02-03 15:31:00,43062.05,43062.06,43062.05,43062.05,1.05387,38.291093651763674,-0.4314734850267996,0.14265291340157904,-0.5741263984283786,18.29414379087206,43063.48228571015,43064.69770138424,0.014318307425128296,5.511485438084636,3.7001441079443538,-59.16196615630568,43045.921846740384,43316.116537261645,43065.028952380955,-5.6733960112378e-05,43062.059159153716,43062.052,43062.04484084629
2024-02-03 15:32:00,43062.05,43062.06,43062.05,43062.06,3.76515,38.35997332514431,-0.5735564347996842,-0.0005889562386736102,-0.5729674785610106,17.126543682587425,43063.12671428261,43064.49480127776,0.018248667460284196,5.483723447427161,3.4365623859479544,-49.9622451549211,43046.47160980558,43316.115890220855,43064.4498095238,-9.124591778094831e-05,43062.06312433373,43062.054,43062.044875666266
2024-02-03 15:33:00,43062.06,43062.06,43062.05,43062.05,2.05134,38.30866102909856,-0.6791364503224031,-0.13629845505541952,-0.5428379952669836,16.042343582037407,43062.857535711955,43064.30673964102,0.014318307425128296,4.7861100612230905,3.1918079298084407,-42.881414592619045,43047.01037760947,43316.11553768572,43063.97571428571,-0.00012581396280019573,43062.059159153716,43062.052,43062.04484084629
2024-02-03 15:34:00,43062.05,43062.06,43062.05,43062.06,3.57064,38.40752818277315,-0.7533186681830557,-0.2597024976809468,-0.49361617050210893,15.03558634581239,43062.658151783966,43064.13391351479,0.018248667460284196,3.5877832167837482,2.9645359348217495,-37.31425426547736,43047.53837005728,43316.11492407621,43063.52752380952,-0.0001586432180048597,43062.063124333734,43062.054000000004,43062.04487566627
2024-02-03 15:35:00,43062.06,43062.06,43062.05,43062.06,2.06495,38.40752818277315,-0.8028538113067043,-0.3683327604060983,-0.434521050900606,14.100740340746302,43062.50861383797,43063.97438170596,0.01824866571405437,0.005330500545651771,2.753497653762679,75.00000003683454,43048.055802656134,43316.11456921878,43063.103809523804,-0.00018858720607394555,43062.065124332854,43062.056,43062.04687566714
2024-02-03 15:36:00,43062.05,43062.06,43062.05,43062.06,1.80993,38.40752818277315,-0.8325140651941183,-0.4611690213637023,-0.371345043830416,13.232669050327791,43062.39646037848,43063.82712157473,0.014318300760351121,0.005330500545651771,2.557533535636399,59.99999970532372,43048.56288660301,43316.11425818683,43062.704476190476,-0.00021494336747278546,43062.065159150385,43062.058000000005,43062.050840849624
2024-02-03 15:37:00,43062.05,43062.06,43059.6,43061.63,16.15159,34.320617707237986,-0.8805668103814241,-0.5450485791672467,-0.33551823121417745,12.706283302055649,43062.20484528386,43063.65811222283,0.6841381559934234,0.13466655500183072,2.550566854519451,-299.9999999987188,43049.05982887095,43316.11147791236,43062.323428571435,-0.00023929389566162276,43062.31406907799,43061.971999999994,43061.629930922
2024-02-03 15:38:00,43061.62,43061.63,43054.09,43054.1,9.6241,10.605628292764223,-1.5088637838416616,-0.7378116201021298,-0.7710521637395319,13.269954956893487,43060.178633962896,43062.92287282108,12.581645562779158,2.50422788615326,2.906954936339553,-285.1505016733341,43049.546832293534,43316.10977226565,43061.05057142857,-0.0002949379401370366,43066.67282278139,43060.382,43054.09117721861
2024-02-03 15:39:00,43054.1,43054.1,43054.09,43054.1,2.38446,10.605628292764223,-1.9839242185043986,-0.9870341397825836,-0.996890078721815,13.793364350671482,43058.65897547217,43062.244190296384,15.330344716232503,3.334632509735147,2.700029583744016,-186.85689423839185,43050.02409564766,43316.1093496793,43059.96161904762,-0.00036857961594462377,43066.45517235811,43058.78999999999,43051.12482764188
2024-02-03 15:40:00,43054.1,43066.55,43054.09,43066.55,10.16235,66.20438406362435,-1.3403513485754956,-1.057697581541166,-0.28265376703432965,13.842400499101284,43060.631731604124,43062.57540642743,19.508870933248545,3.8435366491756233,3.397170327762758,55.364019145606065,43050.49181373471,43316.1076342495,43060.71647619048,-0.000393929892446662,43069.442435466626,43059.688,43049.93356453338
2024-02-03 15:41:00,43066.55,43079.0,43066.54,43078.99,9.36874,80.64108927221825,0.1715117415151326,-0.8118557169299063,0.9833674584450389,15.34497507175502,43065.221298703094,43063.83806747148,37.03196906701487,6.921246240650213,4.04451530435107,277.8724420735449,43050.95017746002,43316.10613163616,43063.08723809524,-0.0003286501268527941,43081.58998453351,43063.074,43044.55801546649
2024-02-03 15:42:00,43078.99,43079.03,43078.99,43079.02,4.60424,80.66499127074643,1.356458473172097,-0.37819287890950565,1.7346513520816027,16.743100261432517,43068.67097402732,43065.00590843521,44.55143415051862,8.64642999974752,3.7584784968974847,173.82722668225333,43052.07217036162,43316.10539328161,43065.30066666667,-0.00020468133963724686,43088.827717075255,43066.551999999996,43044.27628292474
2024-02-03 15:43:00,43079.02,43085.67,43079.02,43085.67,6.41417,85.44515290748389,2.799861656400026,0.25741802815240067,2.542443628247625,18.638706583492443,43072.92073052049,43066.5954539402,44.94875674214563,10.905991450152959,3.965015747119197,133.66004642769192,43053.68964013993,43316.104393538044,43068.23923809523,-1.616186223673833e-05,43095.340378371075,43072.866,43050.39162162893
2024-02-03 15:44:00,43085.67,43085.67,43085.14,43085.15,8.94953,83.50788955825973,3.857344359421404,0.9774032944062013,2.8799410650152026,20.398912453976656,43075.97804789037,43068.022726714036,27.555645745727816,12.199879851554421,3.7196574794677426,104.40357829666918,43056.24806892873,43316.10299548775,43070.88352380952,0.00020517408656448184,43092.853822872865,43079.076,43065.29817712714
2024-02-03 15:45:00,43085.15,43085.15,43073.64,43073.65,4.10863,52.13717237482936,3.7245191910333233,1.5268264737316257,2.1976927173016976,19.93375764266406,43075.39603591778,43068.45559388988,17.865659025585046,12.023646911621402,4.276110516648764,44.018410860269185,43058.601823414436,43316.10232170527,43071.774476190476,0.00038642546952474826,43089.42882951279,43080.496,43071.56317048721
2024-02-03 15:46:00,43073.64,43075.99,43073.64,43075.96,5.75933,56.11132711970162,3.762282729287108,1.9739177248427224,1.7883650044443855,19.501828175016648,43075.537026938335,43069.032855898346,19.28442968921445,11.793181483186215,4.138531194030891,21.968914592577143,43060.76727754128,43316.10138622614,43072.86295238094,0.0005427560022232684,43089.53221484461,43079.89,43070.24778515539
2024-02-03 15:47:00,43075.97,43075.98,43075.96,43075.98,5.69252,56.14915601333859,3.750589971743466,2.329252174222871,1.4213377975205947,19.100750812201195,43075.64777020375,43069.56725159847,20.309466867882293,11.324947953852714,3.844350394457547,16.704592950420878,43062.759495337974,43316.10046168302,43073.82171428572,0.0006747037756850413,43089.43673343394,43079.282,43069.12726656606
2024-02-03 15:48:00,43075.98,43075.98,43069.91,43069.92,5.48022,42.75108660507454,3.21526840988372,2.506455421355041,0.7088129885286789,17.76200871090347,43074.21582765281,43069.594386090896,20.089899067927036,9.334317182502618,4.003325366281987,-61.936774565653074,43064.592335710935,43316.099549164406,43073.83980952381,0.0007558448592958862,43086.17694953396,43076.132,43066.087050466034
2024-02-03 15:49:00,43069.92,43069.92,43068.54,43068.54,2.27419,40.13410719786504,2.649130224272085,2.53499038193845,0.11413984233363506,16.669508171643184,43072.796870739614,43069.51327946853,12.297900173070957,6.520944165879774,3.8159449829759438,-134.76661059711284,43066.27854885406,43316.099168365305,43073.59904761905,0.0007917279951145013,43078.95895008653,43072.81,43066.66104991346
2024-02-03 15:50:00,43068.54,43073.0,43068.54,43072.99,4.65416,51.59899262311263,2.5303709025029093,2.534066486051342,-0.0036955835484326904,15.76965538283562,43072.84515305471,43069.780719509414,12.198578797178925,5.764342646461386,3.8619489127633138,-79.06128781992243,43067.829864945736,43316.09840306697,43073.889904761905,0.0008143857058956013,43078.77728939859,43072.678,43066.57871060141
2024-02-03 15:51:00,43073.0,43073.0,43072.99,43073.0,3.35176,51.62397545504692,2.409287434995349,2.5091106758401436,-0.09982324084479455,14.934077793228594,43072.88386479103,43070.02835647023,10.443218502448872,5.798016570148953,3.5868097047089367,-46.08676738120264,43068.54,43316.09785195207,43074.077999999994,0.0008256644338212836,43077.30760925122,43072.085999999996,43066.86439074877
2024-02-03 15:52:00,43073.0,43073.0,43072.99,43072.99,1.59217,51.592019556021526,2.286167482561723,2.4645220371844596,-0.17835455462273675,14.158184317164928,43072.910398593274,43070.2561752033,7.5783827238483354,5.761094179897227,3.3313232972298725,-34.09174401809604,43068.54,43316.097590148784,43074.156476190474,0.0008271774067863434,43075.27719136192,43071.488,43067.69880863807
2024-02-03 15:53:00,43073.0,43073.0,43072.95,43072.96,3.74887,51.47730516636155,2.1612596282939194,2.403869555406352,-0.24260992711243246,13.430025511703247,43072.92279894496,43070.46416172612,7.112198864604579,4.505019982485358,3.096943061713661,-12.847579814489478,43069.9104,43316.096973641725,43074.051047619054,0.0008203313662392148,43075.65209943231,43072.096000000005,43068.5399005677
2024-02-03 15:54:00,43072.96,43072.96,43069.8,43069.8,2.99875,40.18370473641671,1.7866878378627007,2.2804332118976216,-0.4937453740349209,12.786282195315538,43072.14209920872,43070.41307236258,5.096277531833039,2.492475240652277,3.101447128733843,-73.80506091825627,43085.67,43316.09647408591,43073.344666666664,0.0007922465537971543,43074.896138765915,43072.348,43069.79986123408
2024-02-03 15:55:00,43069.8,43069.81,43068.54,43068.55,4.22625,36.39364270381482,1.3731436962189036,2.098975308761878,-0.7258316125429745,12.41766592002813,43071.24407440654,43070.26975910392,7.628616434842115,2.756743155771902,2.970629476681197,-120.76560838539146,43085.3526,43316.095766473605,43072.44066666666,0.000743924440951033,43075.27430821743,43071.46000000001,43067.645691782585
2024-02-03 15:56:00,43068.55,43076.01,43068.54,43076.0,7.75008,62.01619251461799,1.6277955089244642,2.0047393487943954,-0.3769438398699312,12.14681488652091,43072.433055804904,43070.71054686516,10.526337857518229,2.7630380912230383,3.2920130854897662,90.56603773597482,43084.680096,43316.09450791961,43072.629428571425,0.0007164544566409444,43077.32316892876,43072.06,43066.79683107124
2024-02-03 15:57:00,43076.0,43076.01,43075.14,43075.15,9.07107,58.77462134927084,1.7409523934329627,1.951981957722109,-0.2110295642891462,11.89531035540706,43073.11229185368,43071.05204326015,11.644914970791433,2.642469498285433,3.119012150812113,131.4187741105692,43084.03449216,43316.09302964862,43072.73361904762,0.0006988796021011726,43078.314457485394,43072.492,43066.6695425146
2024-02-03 15:58:00,43075.15,43075.15,43075.14,43075.14,2.09657,58.73128201232871,1.808970438061806,1.9233796537900485,-0.11440921572824259,11.661770433658488,43073.619218890264,43071.36650147091,12.421744026622036,2.703014067238205,2.8969398543256792,107.4207257276606,43083.4147124736,43316.09268796855,43072.936666666676,0.0006872782407787845,43079.13887201331,43072.928,43066.71712798669
2024-02-03 15:59:00,43075.15,43075.15,43071.59,43071.59,5.94583,44.69232190454192,1.5584549979466829,1.8503947226213755,-0.29193972467469265,10.968861401425558,43073.1119141677,43071.383693665455,11.25468136605923,2.354655327934996,2.9443012933027695,-3.6954087346256617,43082.81972397465,43316.09170469973,43072.76171428571,0.0006627356815095441,43078.91334068304,43073.28600000001,43067.65865931698
2024-02-03 16:00:00,43071.6,43071.6,43071.59,43071.59,3.34541,44.69232190454192,1.3444220463134116,1.7492001873597829,-0.40477814104637133,10.325445871494983,43072.73143562577,43071.3995633835,7.627760656454484,2.3846550047340798,2.7347083437812887,-49.5168277239572,43082.248535015664,43316.09115146886,43072.60638095238,0.0006292838770094538,43077.70788032823,43073.894,43070.08011967177
2024-02-03 16:01:00,43071.6,43071.6,43064.15,43064.16,3.56291,25.97749832811313,0.5687048101754044,1.5131011119229072,-0.9443963017475028,11.069163570833714,43070.588576719325,43070.84267389247,16.04598431721388,3.5870076580478685,3.071514890653846,-162.13668499597372,43081.70019361504,43316.09054436802,43071.502,0.0005563781897817927,43079.548992158605,43071.526,43063.50300784139
2024-02-03 16:02:00,43064.16,43064.16,43061.27,43061.28,3.56117,21.74254917579377,-0.27527541540621314,1.1554258064570833,-1.4307012218632964,12.17835884353515,43068.2614325395,43070.10708359305,20.694522096397122,4.843983272336143,3.058549541321906,-176.51821862357292,43080.64718199814,43316.0899306298,43070.12619047619,0.0004460280140673099,43079.0992610482,43068.752,43058.4047389518
2024-02-03 16:03:00,43061.27,43061.28,43054.05,43054.05,4.95845,14.581461557275034,-1.51012857886235,0.6223149293931967,-2.1324435082555464,14.080751437585182,43064.70857440462,43068.87192331666,26.546074906364083,7.028384479608184,3.35651028837005,-169.93542648174616,43079.097007438286,43316.08905183997,43067.86866666667,0.00028167756679170296,43077.80703745318,43064.534,43051.26096254682
2024-02-03 16:04:00,43054.05,43062.2,43054.01,43062.2,32.86125,40.908168318738724,-1.8102542359411018,0.13580109632633697,-1.9460553322674388,15.625910355101501,43064.08143080346,43068.35869844615,22.502828555429005,7.305392951335959,3.7017595534861214,-93.70522074424184,43076.59230669446,43316.083409100356,43066.83580952381,0.00012462198998999376,43073.90741427772,43062.656,43051.40458572229
2024-02-03 16:05:00,43062.2,43062.2,43059.11,43059.12,7.22148,35.89155093137583,-2.270463748049224,-0.34545187254877524,-1.9250118755004486,17.06070077850951,43062.841073102594,43067.64802933491,13.836723784042988,7.813317445860759,3.6580624425225774,-68.95952094554875,43073.88242989113,43316.082154061034,43065.49504761905,-3.5008948059950506e-05,43067.08036189202,43060.162,43053.243638107975
2024-02-03 16:06:00,43059.12,43059.12,43049.46,43049.47,4.40181,24.56539494462507,-3.3749530951681663,-0.9513521170726535,-2.4236009780955126,19.373716653513025,43059.49830482695,43066.24971938607,19.183768481976585,8.862115722210675,4.0867722680569285,-115.81972436365174,43071.49773830419,43316.081360336546,43062.999809523804,-0.00023319873250261266,43066.81588424099,43057.224,43047.632115759014
2024-02-03 16:07:00,43049.46,43049.47,43049.46,43049.46,5.55962,24.55575892652419,-4.202630468607822,-1.6016077873796872,-2.6010226812281347,21.521517108873432,43056.988728620214,43064.95820251021,20.465884521472617,9.111609479355868,3.7955742489101505,-125.87202799967315,43068.4124549416,43316.080357807514,43060.727238095234,-0.00044829493788808356,43065.09294226074,43054.86,43044.627057739264
2024-02-03 16:08:00,43049.46,43049.47,43049.46,43049.47,2.53982,24.59125471413161,-4.802404701717023,-2.2417671702471544,-2.560637531469869,23.515903245993808,43055.109046465164,43063.76680231712,22.27767342601146,8.535411828978996,3.5251760882738568,-103.71183285639792,43065.759111249776,43316.07989983847,43058.67980952382,-0.000664555578499863,43065.08283671301,43053.944,43042.805163287
2024-02-03 16:09:00,43049.47,43049.47,43048.28,43048.28,3.42222,23.04308171058564,-5.312513805132767,-2.855916497224277,-2.4565973079084897,25.481902484969016,43053.40178484887,43062.57550983119,16.025797620241065,7.95051476935673,3.358377796254462,-92.26118685206966,43063.47723567481,43316.07928000718,43056.66733333334,-0.000876404584459102,43059.17289881012,43051.159999999996,43043.147101189876
2024-02-03 16:10:00,43048.29,43048.29,43039.0,43039.01,6.13305,14.506110682747718,-6.391117646206112,-3.5629567270206444,-2.8281609191854677,28.04558632496137,43049.80383863665,43060.76277830572,16.35962485797063,7.940947368433683,3.782065096522063,-137.57376458397707,43061.04567796684,43316.07813074732,43053.61190476191,-0.0011165244573685255,43055.317812428984,43047.138,43038.958187571014
2024-02-03 16:11:00,43039.01,43039.01,43022.9,43037.4,17.64673,13.466334125587792,-7.291777434562391,-4.308720868528994,-2.9830565660333974,31.206446976944992,43046.70287897749,43058.96564151297,21.45805987433414,8.49523033532063,4.662631875341957,-182.50729247785972,43057.077455932806,43316.07480480048,43050.6940952381,-0.0013703909121294438,43055.45302993717,43044.724,43033.994970062835
2024-02-03 16:12:00,43037.4,43048.39,43037.39,43048.38,9.23364,45.459901266139326,-7.038427953251812,-4.854662285473558,-2.183765667778254,32.28682768254653,43047.12215923312,43058.151361396594,20.75329095775669,7.698446063175764,5.1153010271032455,-46.31538334339345,43050.241964746245,43316.07313310048,43049.59980952382,-0.0015700927035925535,43054.88464547888,43044.508,43034.13135452112
2024-02-03 16:13:00,43048.39,43062.19,43048.38,43062.18,8.54315,64.98489743874023,-5.658870063867653,-5.015503841152377,-0.6433662227152759,31.275370945400937,43050.88661942484,43058.46125667378,35.32535788207315,8.58857778981392,5.736350953739081,102.73762312910593,43022.9,43316.07166616187,43050.60038095238,-0.0016592795279689297,43064.71267894104,43047.05,43029.387321058966
2024-02-03 16:14:00,43062.18,43062.19,43062.18,43062.19,3.24768,64.99579419974776,-4.512733597090119,-4.914949792339925,0.4022161952498067,30.336161118051457,43053.71246456863,43058.74808308349,43.04311751497153,8.587064212234058,5.327325885615006,148.05799890055118,43023.6858,43316.07110853131,43051.6919047619,-0.001667309618977395,43071.35355875749,43049.832,43028.31044124252
2024-02-03 16:15:00,43062.18,43062.19,43050.5,43050.5,8.97606,45.24424624175027,-4.49587187985162,-4.831134209842265,0.33526232999064476,30.39447238793424,43052.909348426474,43058.11361515399,37.348023098078556,8.040420429099772,5.781802608071244,57.589285714306286,43024.455884,43316.069496379496,43051.314285714296,-0.0016703838639300535,43070.80401154904,43052.13,43033.45598845096
2024-02-03 16:16:00,43050.51,43055.32,43050.5,43055.32,7.23299,52.40116345029809,-4.046924701055104,-4.674292308084833,0.6273676070297283,30.448618567111108,43053.51201131986,43057.89872168061,22.969635896530235,8.23756096637872,5.71310242178042,42.08385325690233,43025.210566320005,43316.06822088503,43051.709428571434,-0.00164488439173559,43067.198817948265,43055.714,43044.229182051735
2024-02-03 16:17:00,43055.32,43061.07,43055.31,43061.06,4.25206,59.89262522631901,-3.1911749205028173,-4.37766883056843,1.1864939100656127,29.71879195930192,43055.39900848989,43058.14189693595,18.548270785657223,8.908247714211155,5.71645224879625,75.4096927849746,43025.9501549936,43316.06748757174,43052.926666666666,-0.0015720922745998483,43067.52413539283,43058.25,43048.97586460717
2024-02-03 16:18:00,43061.07,43074.99,43061.06,43074.99,7.00183,72.49798439552043,-1.3731239537301008,-3.776759855200764,2.4036359014706634,27.682819622554483,43060.29675636742,43059.43790486396,32.95939145456941,11.561045204411348,6.30313423102511,132.58551250776878,43026.67495189373,43316.06634600278,43055.93447619048,-0.0014044945005049503,43077.29169572728,43060.812,43044.33230427271
2024-02-03 16:19:00,43074.99,43074.99,43036.54,43050.44,23.7707,43.55070293906063,-1.8914814703239244,-3.399704178225396,1.5082227079014716,27.446522302105645,43057.83256727556,43058.745758335965,36.55319254362257,11.463500609226886,8.599338928808823,-3.4250075491842975,43028.60755381798,43316.06207588288,43055.54714285715,-0.0012891843573683212,43076.73859627181,43058.462,43040.18540372819
2024-02-03 16:20:00,43050.44,43062.99,43050.43,43061.8,12.37473,53.79493712410859,-1.369835861150932,-2.9937305148105033,1.6238946536595713,27.22710336168887,43058.82442545667,43058.98070000243,32.97287438271451,10.329073562274722,8.882243291036598,17.046495065670047,43030.46285166526,43316.05994803471,43056.75714285715,-0.0011598173721268435,43077.20843719136,43060.722,43044.235562808644
2024-02-03 16:21:00,43061.79,43061.8,43060.54,43060.55,4.25785,52.53603722586268,-1.0452435934494133,-2.604033130538286,1.5587895370888725,27.02335720273043,43059.255819092505,43059.10141538686,31.2476899150206,7.899608259112747,8.337797341676987,35.66962016926334,43032.24393759865,43316.059212301705,43057.683047619044,-0.0010299954327829379,43077.39184495751,43061.768,43046.144155042486
2024-02-03 16:22:00,43060.55,43066.3,43060.54,43066.3,4.23604,57.96591960895661,-0.3203323456036742,-2.1472929735513633,1.826960627947689,26.34752649472514,43061.016864319376,43059.655152664796,31.983841123161255,7.29771513538466,8.153668960128776,73.59020905314097,43033.95378009471,43316.058496813646,43059.27,-0.0008773548247881838,43078.80792056159,43062.816000000006,43046.824079438426
2024-02-03 16:23:00,43066.3,43066.3,43066.29,43066.3,2.28251,57.96591960895661,0.251268573316338,-1.6675806641778232,1.9188492374941613,25.71996940872023,43062.33764823953,43060.16629476751,23.22107071276696,7.514120453911701,7.571978320119724,86.28998536485351,43035.59522889092,43316.05811128814,43060.69666666667,-0.0007142715979733507,43072.688535356385,43061.078,43049.46746464362
2024-02-03 16:24:00,43066.3,43066.3,43066.29,43066.29,3.06694,57.949317265313304,0.695442870775878,-1.1949759571870833,1.8904188279629612,25.137237828858527,43063.32573617965,43060.637349016164,10.160167564841686,7.699177847530146,7.031837011539889,67.45318286943626,43037.17101973528,43316.05759325026,43061.95038095239,-0.0005498498182707446,43069.32808378243,43064.24800000001,43059.167916217586
2024-02-03 16:25:00,43066.3,43066.3,43051.1,43051.11,7.6856,38.08109186813158,-0.17542276933818357,-0.9910653196173034,0.8156425502791198,25.700882163740623,43060.27180213474,43059.90447601492,23.733061096587335,7.605464743994091,7.6152772250016385,-83.2377251985117,43038.683778945866,43316.056216184275,43060.92028571429,-0.0004593748988144824,43073.976530548294,43062.11,43050.24346945171
2024-02-03 16:26:00,43051.1,43052.86,43051.1,43052.86,4.17976,40.88495186993658,-0.716124649552512,-0.9360771856043452,0.21995253605183318,26.22426618898828,43058.418851601054,43059.36259324454,28.132251333008753,7.8600721353515635,7.197043137501667,-112.70955724323008,43040.13602778803,43316.055472229134,43059.99295238095,-0.0004134924128054353,43074.638125666504,43060.572,43046.505874333496
2024-02-03 16:27:00,43052.85,43052.86,43052.85,43052.86,3.11985,40.88495186993658,-1.1315905141091207,-0.9751798513053004,-0.15641066280382032,26.710265641003964,43057.02913870079,43058.8623937642,27.588873357744887,8.288858692246182,6.68368291339455,-86.08374384235336,43041.53018667651,43316.05491693003,43059.022952380954,-0.0003986478030252463,43071.67843667887,43057.884,43044.089563321126
2024-02-03 16:28:00,43052.85,43052.86,43052.85,43052.86,4.20665,40.88495186993658,-1.4442023394512944,-1.0689843489344992,-0.37521799051679516,27.161550846447103,43055.98685402559,43058.40067116696,22.353015305227018,6.758890571722585,6.206991276723657,-82.42177052689328,43042.86857920945,43316.05416819614,43058.14171428571,-0.00040445576230649187,43066.37250765262,43055.196,43044.01949234739
2024-02-03 16:29:00,43052.85,43052.86,43052.85,43052.86,2.86961,40.88495186993658,-1.6726679879138828,-1.1897210767303759,-0.48294691118350697,27.580601394358585,43055.20514051919,43057.974465692576,2.799990950297797,6.490683030635852,5.764349042672113,-66.65212682749674,43044.153436041066,43316.05365744198,43057.34933333333,-0.00042306012654058027,43053.909995475144,43052.509999999995,43051.110004524846
2024-02-03 16:30:00,43052.85,43062.0,43052.81,43061.99,10.27223,60.32230676459451,-1.104284459077462,-1.1726337531997932,0.06834929412233115,26.634301862805923,43056.90135538939,43058.28335294699,14.607998263003537,6.502078008324784,6.009038396767129,10.616497737876127,43045.38689859943,43316.05189255445,43057.75180952381,-0.00040719937879934916,43061.9899991315,43054.686,43047.3820008685
2024-02-03 16:31:00,43062.0,43063.47,43061.99,43063.47,5.79534,62.70754764564438,-0.5283226121609914,-1.043771524992033,0.5154489128310416,25.56152736582286,43058.54351654204,43058.68232579723,19.431559000353445,6.672785573827694,5.685535654141134,66.43786480578967,43046.57102265545,43316.050902659335,43058.288095238095,-0.0003614224515175601,43066.52377950018,43056.808000000005,43047.09222049983
2024-02-03 16:32:00,43063.46,43063.47,43054.17,43055.29,9.48683,44.832370165093565,-0.7235852949233958,-0.9797342789783057,0.2561489840549098,25.32186860738605,43057.730137406536,43058.42137765898,18.201723357109586,6.166761223244113,5.943711678845546,11.037349547064643,43047.70778174923,43316.049229763645,43057.71076190476,-0.00033396823571032476,43066.39486167855,43057.293999999994,43048.19313832144
2024-02-03 16:33:00,43055.28,43055.29,43055.28,43055.29,2.15685,44.83237016509356,-0.8683228920199326,-0.9574520015866311,0.0891291095666985,25.099328331694725,43057.120103054905,43058.180502454445,16.657181909118663,5.370106205162643,5.519875130356724,-11.236086359329855,43048.79907047926,43316.04884943043,43057.32104761906,-0.00031931635953592874,43066.10859095456,43057.78,43049.45140904544
2024-02-03 16:34:00,43055.28,43063.47,43055.28,43063.46,5.57854,60.873443344315554,-0.3200879849973717,-0.8299791982687792,0.5098912132714075,23.784809200581122,43058.705077291175,43058.58661765026,15.20955321782094,4.845055393568748,5.710598335331411,88.0961075001837,43049.846707660094,43316.04789655151,43057.97447619048,-0.0002761886748346707,43067.50477660891,43059.9,43052.29522339109
2024-02-03 16:35:00,43063.46,43063.5,43063.46,43063.49,3.64841,60.923509597331254,0.11548167702858336,-0.6408870232093068,0.7563687002378902,22.560365902443493,43059.90130796838,43058.963800907935,16.036037823490915,4.978362245924962,5.305555597093515,110.52739866951345,43050.852439353686,43316.04727343894,43058.61609523809,-0.00021516177134013763,43068.21801891174,43060.2,43052.18198108825
2024-02-03 16:36:00,43063.5,43075.98,43063.49,43075.97,33.41225,76.15506340601026,1.4509794842961128,-0.22251372170822287,1.6734932060043357,21.87079600246441,43063.91848097628,43060.27197006886,30.310963511525188,7.392905351288479,5.8187301973014955,178.19316890101078,43051.81794177954,43316.04184907422,43060.89371428571,-8.773716631027778e-05,43077.85548175576,43062.7,43047.544518244234
2024-02-03 16:37:00,43075.96,43081.96,43072.5,43072.5,16.49039,67.39062171135618,2.2039651796294493,0.2627820585593116,1.9411831210701376,21.768094355848454,43066.06386073221,43061.21258775588,29.339713101653615,7.946038605920771,6.078820897494183,159.9997073542588,43053.26766527277,43316.039133311686,43062.616571428574,6.312531256955284e-05,43080.811856550834,43066.14200000001,43051.47214344918
2024-02-03 16:38:00,43072.5,43072.51,43063.9,43063.9,7.64883,50.20625528420004,2.0827549388777697,0.6267766346230033,1.4559783042547665,20.657279021561493,43065.522895549155,43061.41931177466,21.27459359970817,7.320933195745341,6.259619404816069,39.809834805985766,43055.563052050944,43316.037829183486,43063.133714285716,0.00018407422164909255,43078.501296799855,43067.864,43057.22670320015
2024-02-03 16:39:00,43063.9,43063.91,43063.9,43063.9,3.95047,50.20625528420004,1.964054551521258,0.8942322180026543,1.0698223335186037,19.625807639723604,43065.11717166186,43061.61013394584,20.992910346816643,6.429939049971357,5.813218018757924,-4.867325298734093,43057.67480788687,43316.03715563225,43063.67361904762,0.00027942639525599703,43078.448455173406,43067.952,43057.45554482659
2024-02-03 16:40:00,43063.9,43063.91,43051.1,43051.11,6.59608,32.47293150626133,0.8283883842013893,0.8810634512424014,-0.0526750670410121,19.06415551916299,43061.6153787464,43060.802431334625,34.44694954431907,7.6067321477499865,6.312988160275569,-98.01922034108246,43081.96,43316.03597396741,43062.38638095238,0.0002949731720236426,43082.69947477216,43065.476,43048.25252522784
2024-02-03 16:41:00,43051.1,43051.11,43051.1,43051.11,1.758,32.47293150626133,-0.07081887947424548,0.6906869850990721,-0.7615058645733176,18.54262140721385,43058.9890340598,43060.056859693505,33.15245289672748,8.450055658883882,5.86277472025603,-123.04279920733585,43081.3428,43316.03565902959,43061.11580952381,0.00025581288984900195,43077.080226448365,43060.504,43043.92777355164
2024-02-03 16:42:00,43051.11,43051.11,43051.1,43051.1,1.53766,32.46002308631897,-0.7753166629263433,0.397486255493989,-1.1728029184203324,18.058339731832504,43057.01677554485,43059.36787048631,25.069714262572234,8.890231941457479,5.44471938309503,-109.1477906581731,43080.737944,43316.03538355491,43059.86057142857,0.00018114128690369157,43068.75885713129,43056.224,43043.689142868716
2024-02-03 16:43:00,43051.1,43059.29,43051.1,43059.29,6.80231,51.433707978856766,-0.6651047649138491,0.18496805141242142,-0.8500728163262705,16.87845752847012,43057.58508165864,43059.36188044891,21.364064342647907,8.683202275048698,5.6408108557312655,-47.393866994239744,43080.14518512,43316.03420258721,43059.714095238094,0.00012268375886780988,43065.98403217133,43055.302,43044.61996782868
2024-02-03 16:44:00,43059.29,43059.29,43059.28,43059.29,2.59704,51.433707978856766,-0.5711768702894915,0.03373906707203886,-0.6049159373615304,15.782852625347903,43058.01131124398,43059.35635118361,16.03599791925808,8.683175595219033,5.238610080322035,-18.172940938743192,43079.5642814176,43316.03375171084,43059.50638095238,7.736053439709178e-05,43062.397998959634,43054.380000000005,43046.362001040376
2024-02-03 16:45:00,43059.29,43059.29,43050.0,43050.01,12.67853,35.26791206563567,-1.2313624016169342,-0.21928122666575578,-1.0120811749511784,15.527548481792286,43056.010983432985,43058.637401092565,16.830675247096224,9.30628321676315,5.527995074584809,-63.63343968705894,43078.99499578925,43316.03147103381,43058.08704761905,5.39699874545524e-07,43062.575337623544,43054.159999999996,43045.74466237645
2024-02-03 16:46:00,43050.01,43050.01,43043.33,43043.34,3.88531,27.746265829565075,-2.2666489301336696,-0.6287547673593386,-1.637894162774331,15.885349692578762,43052.843237574736,43057.4606779316,24.279552164807683,8.715426016804017,5.610281140685915,-133.97604675056766,43077.83519595768,43316.03075460909,43055.90657142857,-0.00012433652887823668,43064.7457760824,43052.606,43040.466223917596
2024-02-03 16:47:00,43043.33,43045.47,43043.33,43045.47,5.23028,33.20523446991294,-2.882025567239907,-1.0794089273354524,-1.8026166399044548,16.217593674023348,43050.99992818105,43056.538318090716,26.924058188917115,7.296878830228281,5.362403916351165,-121.08124902900666,43075.76488420022,43316.02979772015,43054.1239047619,-0.00026613645961945387,43064.942029094454,43051.479999999996,43038.01797090554
2024-02-03 16:48:00,43045.46,43045.47,43036.3,43036.31,8.03654,23.89046637948229,-4.062026914623857,-1.6759325247931334,-2.3860943898307236,17.11588218532811,43047.32744613579,43054.982293622204,30.465692401587148,8.231636910567984,5.6343750651831,-151.78881556097633,43073.81879114821,43316.02827765658,43051.21342857143,-0.00045421068386491113,43062.11684620079,43046.884,43031.651153799205
2024-02-03 16:49:00,43036.31,43036.31,43030.47,43030.48,4.76098,19.675088460307975,-5.40530971482076,-2.421807962798659,-2.983501752022101,18.381921126377076,43043.115584601845,43053.09750180511,27.668243993684882,9.183472449901238,5.6490625605269145,-154.816823316214,43070.81728785635,43316.027358384774,43047.78419047619,-0.000690762702027339,43054.956121996845,43041.122,43027.28787800316
2024-02-03 16:50:00,43030.48,43037.54,43030.47,43037.54,7.96863,36.06774392153019,-5.83294940484484,-3.104036251207895,-2.7289131536369444,19.37521466494714,43041.721688451384,43051.90077089703,21.313857599554467,9.624001513471901,5.750558091917829,-97.07839166901901,43066.782559070714,43316.02585781966,43045.610666666675,-0.0009162569074484394,43049.28492879978,43038.628000000004,43027.97107120023
2024-02-03 16:51:00,43037.54,43053.47,43037.53,43053.47,9.97836,58.8217969767753,-4.830753157373692,-3.449379632441055,-1.3813735249326373,18.32393304103775,43044.658766338536,43052.02148082803,31.976056256346055,9.780165905062875,6.478375371066721,19.25797636050502,43063.15130316364,43316.0240863095,43045.92714285714,-0.0010506090627996787,43056.642028128175,43040.654,43024.66597187183
2024-02-03 16:52:00,43053.47,43053.47,43050.44,43050.44,2.60493,54.40238230757395,-4.232214750860294,-3.605946656124903,-0.6262680947353907,17.34774296169332,43046.1040747539,43051.89982845665,35.19786649325397,9.748825833441092,6.232062844561872,59.396936821938375,43059.88317284728,43316.02361850962,43046.02085714286,-0.0011298223049583786,43059.24693324663,43041.648,43024.049066753374
2024-02-03 16:53:00,43050.45,43050.45,43042.31,43042.32,5.46406,43.815876980352286,-4.362793324100494,-3.7573159897200212,-0.6054773343804727,17.190576774053064,43045.158056065426,43051.16291857537,33.5564662865072,8.708991625681952,6.368344069950268,13.796825111212387,43056.94185556255,43316.022607264604,43045.1600952381,-0.0012033192970384106,43059.62823314325,43042.85,43026.071766856745
2024-02-03 16:54:00,43042.31,43042.32,43042.31,43042.32,2.15957,43.815876980352286,-4.415380031641689,-3.888928798104355,-0.5264512335373341,17.044636742672825,43044.44854204907,43050.48269406958,23.400052255528863,7.088997784318353,5.914176636382537,-5.243019648383491,43054.2946700063,43316.022207590526,43044.504857142856,-0.00126747981985931,43056.918026127765,43045.218,43033.517973872236
2024-02-03 16:55:00,43042.32,43042.32,43042.31,43042.32,4.22213,43.81587698035228,-4.40626272236841,-3.9923955829571662,-0.4138671394112441,16.90912099924832,43043.9164065368,43049.85479452577,19.265746119228425,6.669235307628959,5.49244973378393,-0.22706714170902603,43051.91220300567,43316.02142619949,43043.933333333334,-0.001320154327457151,43055.80687305961,43046.174,43036.541126940385
2024-02-03 16:56:00,43042.32,43042.32,43042.31,43042.31,4.85778,43.79773961887197,-4.349703431937087,-4.063857152753151,-0.2858462791839358,16.783284951782704,43043.5148049026,43049.274425716096,12.99600729465601,6.661070703887464,5.1008461813709385,3.948889916764656,43049.7679827051,43316.02052714117,43043.4441904762,-0.0013603386568916773,43050.44000364732,43043.941999999995,43037.44399635267
2024-02-03 16:57:00,43042.31,43042.32,43042.27,43042.27,4.02367,43.71088888838206,-4.259012210874062,-4.102888164377333,-0.1561240464967284,16.670847035159955,43043.20360367695,43048.735623737935,0.07723765772243496,6.567969128944087,4.740071454130365,-1.6975014306168597,43047.83818443459,43316.0197823522,43043.03342857143,-0.0013879542336718816,43042.34661882886,43042.308,43042.269381171136
2024-02-03 16:58:00,43042.27,43042.28,43042.27,43042.27,3.5531,43.71088888838206,-4.1394220837028115,-4.110194948242429,-0.029227135460382137,16.566440398295974,43042.97020275771,43048.23826806579,0.09233447947190143,6.259666713632141,4.402209207406913,-25.514757692256513,43046.10136599113,43316.01912467001,43042.78476190477,-0.0014032529517277745,43042.34416723973,43042.297999999995,43042.25183276026
2024-02-03 16:59:00,43042.28,43042.28,43042.27,43042.27,1.65945,43.710888888382065,-3.998553213888954,-4.087866601371735,0.08931338748278073,16.46949137835085,43042.79515206828,43047.77917052227,0.08880121860420331,4.625749383830138,4.088479978306565,-50.591771557604716,43044.53822939202,43316.01881750532,43042.69819047619,-0.0014069027821681204,43042.3324006093,43042.288,43042.2435993907
2024-02-03 17:00:00,43042.28,43042.28,43026.84,43026.84,10.70711,18.826153019113804,-5.073501498627593,-4.284993580822906,-0.7885079178046865,17.95148437199499,43038.806364051205,43046.16846509748,24.70407670320128,6.900702188818934,4.899302836999119,-272.7176391251504,43043.13140645282,43316.01672392329,43040.628,-0.0014698428036627323,43051.544038351596,43039.191999999995,43026.839961648395
2024-02-03 17:01:00,43026.85,43026.85,43008.42,43008.42,13.20726,10.36941797955626,-7.327281476711505,-4.893451160000627,-2.4338303167108783,20.44964110201011,43031.2097730384,43043.26473701306,53.61204952227126,11.940690313277141,5.865781205784917,-236.55141115428552,43042.28,43316.013977029965,43036.258952380944,-0.0016504950513757154,43059.22002476113,43032.414,43005.60797523886
2024-02-03 17:02:00,43008.43,43008.43,42967.11,42980.31,36.5034,5.689325784497569,-11.25195489001635,-6.165151906003771,-5.086802984012579,24.03588666045254,43018.4848297788,43038.422064935134,93.77558683570533,21.054816964347886,8.398225405371688,-219.03167968699125,43042.28,43316.00569138259,43028.49476190475,-0.002026553293477537,43066.90979341785,43020.022,42973.134206582145
2024-02-03 17:03:00,42980.31,42980.38,42931.13,42976.99,48.92989,5.347274673791148,-14.463457366073271,-7.824812998017672,-6.6386443680555995,27.913150646247622,43008.1111223341,43033.69652147859,102.02063014316082,26.61128325188324,11.316209304987995,-169.96133169858274,43030.2528,43315.99447594265,43020.82123809524,-0.0025284824903178647,43057.97631507157,43006.96599999999,42955.95568492841
2024-02-03 17:04:00,42976.99,42987.99,42976.98,42984.29,11.07187,18.306620686360347,-16.232429877331015,-9.506336373880341,-6.726093503450674,30.79857324081255,43002.15584175057,43029.89601982639,76.90113725548144,28.579921267628414,11.294337211774192,-83.42102816771384,43012.410696,43315.9919928591,43014.63047619047,-0.0030551350497156635,43033.820568627736,42995.369999999995,42956.919431372255
2024-02-03 17:05:00,42984.29,42984.29,42962.8,42976.7,21.19629,15.635666058078158,-18.03886213113583,-11.21284152533144,-6.8260206058043895,33.70703807670941,42995.79188131293,43025.804018301285,47.44552631719853,30.080880264091107,12.02259883950446,-79.29700022898457,42997.78017072,43315.987130508576,43007.934857142856,-0.0036042135065386745,43009.064763158596,42985.342,42961.6192368414
2024-02-03 17:06:00,42976.7,42976.7,42921.0,42966.22,53.88782,12.591679437537977,-20.084598374080088,-12.98719289508117,-7.097405478998917,36.902547446941625,42988.398910984695,43021.22063227811,24.023366287670797,31.23834852545791,15.142413208111076,-98.81411744028128,42987.99,43315.97438765814,43000.573047619044,-0.004185261599126161,42988.91368314384,42976.902,42964.89031685617
2024-02-03 17:07:00,42966.21,42966.22,42941.1,42951.1,16.50916,9.417487632921578,-22.664652713996475,-14.922684858864233,-7.741967855132241,39.869806147871536,42979.074183238525,43015.82673748749,46.089810934558045,32.32664827394202,15.855097978960472,-89.68441273325392,42984.29,43315.97031516384,42991.99733333333,-0.004823227204468311,42994.10490546728,42971.06,42948.01509453272
2024-02-03 17:08:00,42951.09,42951.1,42934.0,42934.0,14.27277,7.016888486962827,-25.791878732874466,-17.09652363366628,-8.695355099208186,42.69551101296711,42967.80563742889,43009.532373065376,72.27691781104659,33.059820608434165,15.944019551891765,-109.64405741791104,42976.7,43315.96662941431,42982.01038095238,-0.005540131740556059,42998.60045890552,42962.462,42926.323541094476
2024-02-03 17:09:00,42934.01,42934.01,42906.0,42927.92,103.50338,6.328585069383607,-28.433074289161596,-19.363833764765346,-9.06924052439625,45.55828524080734,42957.834228071675,43003.25449821419,74.05204797057377,30.62649306707252,16.805875298185356,-135.22498804187188,42966.22,43315.9394777786,42972.24438095238,-0.006295949574174807,42988.21402398529,42951.188,42914.161976014715
2024-02-03 17:10:00,42927.91,42930.61,42883.24,42883.24,77.40831,3.3933066897352404,-33.74257993253559,-22.239582998319396,-11.502996934216196,48.3698839671894,42939.185671053754,42994.02261373618,112.18231312133139,35.928916702448156,18.989027062600876,-166.38554216867252,42954.176,43315.916836091645,42957.61057142857,-0.007235898069961531,42988.587156560665,42932.496,42876.40484343933
2024-02-03 17:11:00,42883.25,42914.0,42880.0,42898.0,26.53991,18.397147645825427,-36.34048230346525,-25.05976285934857,-11.28071944411668,51.00084309273569,42928.88925329031,42986.6362588334,98.86790323304012,35.99305707590338,20.061239415272244,-120.98456280934454,42939.9888,43315.909338593854,42946.45971428572,-0.00817781684947846,42968.28595161652,42918.852,42869.41804838348
2024-02-03 17:12:00,42897.99,42927.9,42897.99,42924.64,14.61353,38.93718273978232,-35.8366111433279,-27.215132516144436,-8.621478627183464,52.38957696940407,42927.82693996774,42981.86731584622,78.14213891283725,34.70133716473384,20.76472231418162,-54.54152124376507,42930.61,43315.90547355651,42940.23485714286,-0.008943805899091349,42952.631069456416,42913.56,42874.48893054358
2024-02-03 17:13:00,42924.64,42980.69,42924.64,42957.71,149.6477,55.58916671602652,-32.395383184317325,-28.251182649779015,-4.14420053453831,50.686260099360155,42935.297704975805,42980.00906078113,103.1842106609256,33.057073489548976,23.285099291740284,57.456951065281025,42880.0,43315.86924350482,42939.539619047624,-0.009391506627787127,42969.89410533046,42918.301999999996,42866.70989466953
2024-02-03 17:14:00,42957.7,42970.31,42957.7,42970.3,9.35595,60.50909743998076,-28.325755772741104,-28.266097274371432,-0.05965849836967152,49.10460872003366,42944.048278731854,42979.26220995181,133.61742240232707,31.238390233247145,22.522592199473163,98.127485121967,42882.0138,43315.86705826533,42941.328380952385,-0.009531246266166792,42993.58671120117,42926.778000000006,42859.96928879884
2024-02-03 17:15:00,42970.31,42970.31,42944.32,42944.32,21.35986,47.48326935481372,-26.886979244889517,-27.99027366847505,1.1032944235855346,47.979904546223445,42944.116209048894,42976.57434764783,101.90608861613146,28.447999850362812,22.770264185224935,59.37524731207269,42883.987324,43315.861694348605,42940.19161904761,-0.009557979289621972,42989.947044308065,42938.994,42888.04095569193
2024-02-03 17:16:00,42944.32,42993.49,42944.32,42993.49,19.82212,64.72801720686039,-21.53093519320828,-26.6984059734217,5.167470780213421,45.87162019534259,42956.45965678667,42977.87555167492,93.13910225256404,32.68535582607883,24.655959600565886,112.40386411095477,42885.921377520004,43315.85737547015,42946.221333333335,-0.00926594452264072,43004.661551126286,42958.092000000004,42911.52244887372
2024-02-03 17:17:00,42993.49,43011.16,42993.48,43011.15,11.89322,69.10097847396526,-15.68046267189493,-24.494817313116346,8.814354641221417,43.20323709687913,42970.13224259,42980.43512462301,96.50240046675026,39.96806700232634,24.157676771954055,134.0237043150737,42890.224122419204,43315.85492616494,42954.48019047619,-0.008674550126755132,43023.645200233375,42975.394,42927.142799766625
2024-02-03 17:18:00,43011.16,43020.01,42993.04,43017.7,41.51473,70.71680968825896,-10.39555727574043,-21.674965305641166,11.279408029900736,40.38953657730542,42982.0241819425,42983.301653498165,108.33336202413193,45.86003903046116,24.358557002528848,116.47514701393311,42897.48027507405,43315.84656065326,42963.287047619044,-0.007861249307087561,43041.558681012066,42987.392,42933.225318987934
2024-02-03 17:19:00,43017.7,43017.71,43007.48,43007.48,8.73696,64.41018938609345,-6.951764645978983,-18.730325173708728,11.778560527729745,37.77681466627269,42988.38813645687,42985.161526306,105.86719929802348,47.91047046157899,23.34937435949078,96.04976027361192,42907.28265306813,43315.84473980665,42970.41304761905,-0.006965226145342819,43047.761599649006,42994.827999999994,42941.89440035098
2024-02-03 17:20:00,43007.49,43030.07,43007.48,43030.06,20.99588,71.21599491633629,-2.3731605668726843,-15.458892252341519,13.085731685468835,35.29259971001469,42998.806102342656,42988.61525505169,48.08072227664525,43.822394653143036,23.29513333381262,98.66802058101962,42916.300840822674,43315.84068460278,42980.25657142857,-0.0059360864860500805,43036.016361138325,43011.976,42987.93563886168
2024-02-03 17:21:00,43030.06,43034.7,43014.02,43014.02,24.97273,61.234181493949514,-0.03843474344466813,-12.37480075056215,12.336366007117482,33.164441070003484,43002.60957675699,42990.56946620156,31.01345589432458,35.61924794559198,23.108338095683166,78.25688907357159,42927.677756740406,43315.83559073969,42987.353428571434,-0.004923208381616087,43031.588727947164,43016.082,43000.57527205284
2024-02-03 17:22:00,43014.02,43018.6,43014.02,43018.59,6.5295,63.00692310670187,2.155762807597057,-9.46868803893031,11.624450846527367,31.188293761421647,43006.60468256775,42992.72489187836,29.473675550572807,29.114197314891435,21.784885374563064,57.89169920218564,42940.52042593156,43315.834279066396,42994.46038095237,-0.003934358937286732,43032.30683777528,43017.56999999999,43002.833162224706
2024-02-03 17:23:00,43018.59,43018.6,43018.59,43018.6,2.26747,63.01136460844167,3.8510940762716928,-6.80473161588991,10.655825692161603,29.353299832024224,43009.60351192581,42994.715284810794,29.52151673701883,26.339465736246343,20.229536419237274,56.434611705726724,42951.82197481977,43315.83382358556,43000.76304761906,-0.0029963597453273416,43032.51075836851,43017.75,43002.98924163149
2024-02-03 17:24:00,43018.59,43018.6,43018.59,43018.59,3.10744,63.00228751208431,5.134660237476055,-4.416853245216718,9.551513482692773,27.64937689758376,43011.850133944354,42996.55180136381,21.383826747827698,24.096808473089375,18.785283817863327,53.1389233639988,42961.767337841404,43315.833199355984,43006.20076190475,-0.0021269243996083565,43030.66391337391,43019.971999999994,43009.28008662608
2024-02-03 17:25:00,43018.6,43040.01,43018.59,43040.0,17.86457,72.99645722157658,7.789708822601824,-1.9755408316530096,9.765249654254834,26.999900869636594,43018.88760045826,42999.89397048968,36.76905588012596,12.445940735048525,18.973477830873485,175.97397109775918,42970.51925730043,43315.82986921506,43013.20409523809,-0.0012393673911379134,43040.34452794006,43021.96,43003.575472059936
2024-02-03 17:26:00,43040.0,43080.0,43040.0,43073.57,72.86851,82.09625373743552,12.459052200429142,0.9113777747634204,11.547674425665722,27.662079697073867,43032.5582003437,43005.56135737509,86.04736527010391,19.451941482055982,20.47537227152538,246.24687521119532,42980.24796127837,43315.81793968075,43023.331047619045,-0.0002228835881042119,43076.893682635055,43033.87,42990.84631736495
2024-02-03 17:27:00,43073.57,43090.19,43073.57,43090.0,19.83672,85.05424144767433,17.286041431492777,4.186310506109292,13.099730925383485,28.533348109092234,43046.91865025778,43012.05663757701,116.08296983390755,27.529039811652954,20.199988537845183,184.33412526433995,42996.20828747383,43315.81491259584,43034.230285714286,0.00091135940482791,43106.193484916956,43048.152,42990.11051508305
2024-02-03 17:28:00,43090.0,43090.01,43090.0,43090.01,4.25926,85.05604472155778,20.871676396782277,7.523383684243889,13.348292712538388,29.34238306310929,43057.69148769334,43018.05305007108,114.1214974182949,32.204055932194734,18.757846499427814,126.66711410687282,43013.12499572855,43315.81426267182,43043.870952380945,0.0020739903808203474,43119.49474870914,43062.433999999994,43005.37325129085
2024-02-03 17:29:00,43090.01,43110.0,43090.0,43110.0,21.12696,88.41038298160741,25.037724573041487,11.02625186200341,14.011472711038078,30.581568577376316,43070.76861577,43025.125892373304,93.62019788696489,36.676456035717806,18.846571749468687,112.37725472425348,43026.99669649741,43315.81132433668,43055.03685714285,0.0032923963094919724,43127.52609894348,43080.716,43033.90590105652
2024-02-03 17:30:00,43110.0,43110.0,43063.3,43080.54,32.75968,63.287874506198406,25.666306767285278,13.954262843059784,11.712043924225494,30.260728632801836,43073.2114618275,43029.388516036895,49.07208424482087,37.04651215538791,20.83610233879214,58.30412849081335,43043.59735719793,43315.806116133914,43060.69685714286,0.0043554887920639156,43113.36004212241,43088.824,43064.28795787759
2024-02-03 17:31:00,43080.54,43086.78,43080.54,43086.77,6.09378,65.75713216437802,26.36327222696127,16.436064719840083,9.927207507121189,29.96280582712554,43076.60109637062,43033.80247634175,39.56596936819551,35.11200620190517,19.793523600306845,48.50693220712331,43056.87788575834,43315.80517301123,43066.35847619047,0.005288591768859188,43111.2469846841,43091.464,43071.6810153159
2024-02-03 17:32:00,43086.77,43086.78,43076.0,43076.01,8.18258,57.71207653042732,25.750544057453226,18.298960587362714,7.451583470090512,29.443451845972852,43076.453322277965,43037.049208930846,46.878460855034064,31.624928450578125,19.14970048599913,24.944607732309752,43063.3,43315.803847126575,43069.86523809523,0.006035259168568484,43112.105230427514,43088.666,43065.22676957248
2024-02-03 17:33:00,43076.0,43082.16,43072.85,43082.15,5.21635,60.98096468404389,25.466833451064304,19.732535160103033,5.73429829096127,28.788210120300814,43077.877491708474,43040.51850055156,47.834478069562465,26.468520601218724,18.446864736999544,4.643016608672225,43072.64,43315.80302353257,43073.635333333325,0.006641007859857654,43111.011239034786,43087.094000000005,43063.17676096522
2024-02-03 17:34:00,43082.16,43082.39,43066.0,43066.0,6.60345,49.02052686211751,23.666013648893568,20.519230857861142,3.1467827910324253,27.800204578947064,43074.90811878136,43042.47861589375,28.177432325828704,18.262778951301726,18.299945827213822,-93.77592922969659,43110.0,43315.801908878355,43074.54095238095,0.007039968213462803,43092.38271616292,43078.29400000001,43064.205283837095
2024-02-03 17:35:00,43066.0,43075.69,43060.0,43075.68,10.50704,55.32312544773632,22.75761051444715,20.966906789178346,1.7907037252688056,26.554241049451743,43075.10108908602,43045.03256851731,28.01025320321787,12.149262506715916,18.113521125270143,-119.22194130194762,43109.12,43315.80020404997,43076.39495238096,0.007313452645376533,43091.32712660161,43077.322,43063.31687339839
2024-02-03 17:36:00,43075.69,43077.96,43065.82,43074.47,10.1811,54.31586389935991,21.690028451674152,21.11153112167751,0.5784973299966438,25.49998121603087,43074.94331681452,43047.29698632367,20.69130553129071,12.07414508181863,17.68684104489366,-76.15088914587437,43107.1552,43315.798543806086,43077.500380952384,0.007471330884158693,43085.20765276565,43074.86200000001,43064.51634723436
2024-02-03 17:37:00,43074.48,43077.96,43068.01,43068.01,6.25848,48.64204152165205,20.091096311880392,20.907444159718086,-0.8163478478376938,24.521025656425774,43073.20998761089,43048.890295068006,23.090961968744523,12.677967087190181,17.134209541686765,-74.87082670912243,43105.268992,43315.79749592075,43077.21228571429,0.007501041940888838,43084.807480984375,43073.262,43061.71651901563
2024-02-03 17:38:00,43068.02,43076.11,43068.01,43076.11,3.98903,55.61780252467361,19.25556718455482,20.577068764685432,-1.3215015801306116,23.611995493935325,43073.93499070816,43050.98411852431,16.82292758949916,12.333278581928534,16.488908860137606,-39.58484468769976,43103.45823232,43315.79684985729,43077.53361904762,0.007465741051937126,43080.465463794746,43072.054,43063.64253620525
2024-02-03 17:39:00,43076.11,43076.11,43076.1,43076.1,2.54534,55.60661313207056,18.380715963030525,20.13779820435445,-1.7570822413239249,22.76789605733705,43074.476243031124,43052.91610940706,12.362278617438278,6.149923624759433,15.311843941556493,11.414371332565846,43101.7199030272,43315.79643759854,43077.305809523816,0.007373769578212726,43080.25513930873,43074.07400000001,43067.89286069129
2024-02-03 17:40:00,43076.1,43100.0,43076.1,43099.99,10.99935,71.8450647357829,19.391579353999987,19.988554434283557,-0.5969750802835705,23.149928214250174,43080.85468227334,43056.53717791421,43.76748396304902,9.720051984639595,15.925283660016847,215.76309794973858,43100.05110690612,43315.7948336518,43079.91952380952,0.007341830378770107,43100.819741981526,43078.936,43057.05225801848
2024-02-03 17:41:00,43100.0,43137.21,43099.99,43137.2,25.06801,83.27771194714757,22.930898770238855,20.577023301474618,2.3538754687642367,24.720866887117786,43094.941011705,43062.74201038235,100.97699799480324,21.11006175345107,17.446334827158584,240.52794925141433,43060.0,43315.79180855052,43087.24295238095,0.007506017200754212,43141.9704989974,43091.481999999996,43040.993501002595
2024-02-03 17:42:00,43137.2,43184.64,43137.2,43178.12,53.17331,89.11208497592602,28.70682254341955,22.202983149863606,6.503839393555943,27.14102782434933,43115.73575877875,43071.61724035295,157.1417347852548,36.41107220920618,19.58873948236171,205.4225288373774,43061.5442,43315.78686232085,43099.57285714286,0.007965540395814243,43192.07486739263,43113.504,43034.93313260737
2024-02-03 17:43:00,43178.13,43190.0,43149.21,43158.24,32.59744,74.04998665054399,31.31910672419326,24.02620786472954,7.2928988594637225,29.474057913408874,43126.36181908406,43078.28052955657,149.35228242908488,41.410112780705454,21.10311523362165,126.29217894559623,43066.468032,43315.783392402525,43108.41295238095,0.008497264990358784,43204.60614121454,43129.93,43055.25385878546
2024-02-03 17:44:00,43158.24,43158.24,43145.23,43145.24,4.29689,65.37852672645174,31.971818185207667,25.615329928825165,6.356488256382502,31.381777216303053,43131.08136431304,43083.43125805222,103.5577807908412,41.55147362591848,20.525035574076874,71.12661893653554,43073.879950079994,43315.782897278645,43115.06028571429,0.008978829448035627,43195.536890395415,43143.757999999994,43091.979109604574
2024-02-03 17:45:00,43145.23,43145.24,43145.23,43145.24,3.37023,65.37852672645174,32.11885060412169,26.916034063884474,5.202816540237215,33.153230854704795,43134.62102323478,43088.18577666359,57.36515634098032,41.19016409582454,19.059675890213867,50.316606915718125,43080.84715307519,43315.78250893435,43121.091428571424,0.009388498445479511,43181.49057817049,43152.808,43124.12542182951
2024-02-03 17:46:00,43145.24,43145.24,43121.1,43121.11,16.14827,49.79325945297258,29.943119871313684,27.521451225370317,2.4216686459433667,33.264887849501726,43131.243267426085,43090.71840922793,74.57053108386754,38.536344524840196,19.422556183769977,9.941226704188475,43087.39632389068,43315.78038495818,43123.34838095238,0.009604520575434879,43186.87526554193,43149.59,43112.30473445806
2024-02-03 17:47:00,43121.1,43140.36,43121.1,43126.09,15.52367,52.592130138935296,28.294520352770633,27.67606505085038,0.6184553019202532,33.368569344670306,43129.95495056956,43093.43930082578,54.687584061408415,33.829615959766514,19.41094502778655,-5.119633493813361,43093.55254445724,43315.778395411304,43125.839809523815,0.009685359134779985,43166.5277920307,43139.183999999994,43111.84020796929
2024-02-03 17:48:00,43126.09,43133.83,43120.1,43133.83,8.63619,57.056974353531864,27.29787377439061,27.600426795558427,-0.30255302116781735,33.401697128352495,43130.92371292717,43096.546277685346,39.23134515453421,28.866381529965512,19.00516324008774,-28.55645479209038,43099.33939178981,43315.77733375892,43128.944761904764,0.009688346966087015,43153.91767257727,43134.302,43114.686327422736
2024-02-03 17:49:00,43133.83,43133.83,43115.75,43130.72,10.8148,54.57853434225258,25.9578472668436,27.271910889815466,-1.3140636229718652,33.14734162344887,43130.87278469538,43099.175025555705,32.59413755155401,21.253062429120156,18.939080151510172,-64.95506838913853,43104.77902828242,43315.77598158192,43130.98904761904,0.009606004110676067,43147.69506877578,43131.398,43115.100931224224
2024-02-03 17:50:00,43130.72,43144.0,43130.71,43143.99,6.63261,62.84280255817166,25.67072852426645,26.951674416705664,-1.2809458924392132,33.26119381763089,43134.15208852153,43102.6223312822,30.913456661102828,16.666299874025178,18.535574426402366,-14.459289038565228,43109.89228658548,43315.77521178002,43134.27847619047,0.009511451879618464,43146.60472833055,43131.148,43115.69127166945
2024-02-03 17:51:00,43144.0,43176.13,43143.99,43162.01,12.90223,71.3401334980359,26.59072690516041,26.879484914396613,-0.2887580092362043,34.261964634131104,43141.116566391145,43107.19061349126,51.09294004527328,17.691140574207925,19.50731911023073,104.56699435154759,43114.69874939035,43315.77387140635,43139.30847619048,0.009475904346570634,43164.87447002264,43139.328,43113.781529977365
2024-02-03 17:52:00,43162.01,43162.02,43144.0,43144.03,11.41376,56.005139434020755,25.574193136279064,26.618426558773105,-1.0442334224940417,35.191251820881305,43141.84492479336,43110.024412453466,43.75470180850243,13.198048691819514,19.401082030928308,66.04339946276477,43119.21682442693,43315.77254703538,43141.04590476191,0.009381320578301962,43164.793350904256,43142.916000000005,43121.03864909575
2024-02-03 17:53:00,43144.04,43144.04,43136.0,43136.01,4.33546,50.22622625071548,23.846547669090796,26.064050780836645,-2.217503111745849,35.50152293122459,43140.38619359502,43112.0233038032,42.42490073456429,11.776552096377815,18.589576171576347,-0.34199414497474956,43123.46381496131,43315.772020493656,43141.067142857144,0.009196549162813069,43164.56445036728,43143.352,43122.13954963272
2024-02-03 17:54:00,43136.0,43136.01,43135.68,43135.69,4.03398,49.97930110305575,22.195696688599128,25.290379962389142,-3.0946832737900145,35.767127432098334,43139.21214519627,43113.843818895264,38.227056521587656,11.584369562934016,17.28532073074959,-14.798284425181874,43127.45598606363,43315.771529697326,43140.47514285714,0.00893988766020122,43163.45952826079,43144.346,43125.232471739204
2024-02-03 17:55:00,43135.69,43135.69,43078.94,43111.09,34.97063,34.384894726664115,18.68695934844436,23.969695839600185,-5.282736491155823,33.40676891942435,43132.1816088972,43113.63198667255,65.6295422086987,13.960835750349009,20.104226392838907,-168.33231312813882,43190.0,43315.766693889185,43136.26314285714,0.00851711159794184,43170.580771104345,43137.765999999996,43104.95122889565
2024-02-03 17:56:00,43111.09,43111.1,43106.15,43106.16,6.34134,31.984866912704874,15.331715456894017,22.242099763058953,-6.910384306164936,31.215007443369938,43125.6762066729,43113.05721846697,60.22184861736605,16.17395699428524,19.021781650493065,-126.75744279423853,43187.7788,43315.76579589964,43131.64247619048,0.007962272717093427,43156.70692430869,43126.596000000005,43096.48507569132
2024-02-03 17:57:00,43106.16,43114.14,43101.1,43114.14,11.24892,40.10521760213372,13.164823912717111,20.426644592990584,-7.261820680273473,29.389359440013454,43122.792155004674,43113.14050935413,50.78140962096222,17.15010532430007,18.594511532600766,-89.6442288999302,43185.602024,43315.764263617595,43128.77114285715,0.007363460449973011,43146.00870481048,43120.618,43095.22729518952
2024-02-03 17:58:00,43114.14,43132.55,43114.13,43132.54,20.96538,54.97794775863851,12.784896646910056,18.89829500377448,-6.113398356864423,27.685101508174206,43125.229116253504,43114.63277786535,47.620906449941685,17.137710736900203,18.582046423129675,-18.714338857437887,43183.46878352,43315.76166847419,43128.77314285714,0.006829954320602955,43143.73445322497,43119.924,43096.11354677503
2024-02-03 17:59:00,43132.54,43132.55,43117.67,43119.06,13.77155,45.12674922191989,11.266208371453104,17.371877677310202,-6.1056693058570985,26.102576285752047,43123.68683719013,43114.97333341417,36.02401259193721,17.597594418141178,18.317614535763603,-25.52392767953688,43181.3782078496,43315.75983842625,43127.09876190477,0.006288683322007442,43134.61000629597,43116.598,43098.58599370403
2024-02-03 18:00:00,43119.06,43136.01,43119.06,43136.01,7.99897,56.80536588512516,11.30009979812894,16.15752210147395,-4.857422303345011,24.785290264113303,43126.7676278926,43116.59153853616,44.82238238937862,17.09009799000432,18.21992778320937,26.769115076901056,43179.32944369261,43315.75886708501,43127.93371428571,0.005830010281731594,43143.99319119469,43121.582,43099.17080880531
2024-02-03 18:01:00,43136.01,43136.01,43136.0,43136.0,2.63976,56.79680800523723,11.197079123332514,15.165433505845664,-3.9683543825131498,23.562096101163043,43129.07572091945,43118.0844971103,36.651106761797564,13.146154544817279,16.91921865583742,76.31485556103567,43177.321654818756,43315.75854651474,43128.62542857143,0.0054349392242486055,43145.8755533809,43127.55,43109.224446619104
2024-02-03 18:02:00,43136.01,43136.01,43136.0,43136.0,2.56157,56.79680800523723,10.988762878143461,14.330099380305224,-3.341336502161763,22.426272949852088,43130.80679068959,43119.4626127172,26.277586698968662,12.206991638988422,15.711417323277749,80.25245782251577,43175.35402172238,43315.7582354409,43129.22276190477,0.005088830679862026,43145.06079334948,43131.922,43118.783206650514
2024-02-03 18:03:00,43136.0,43148.13,43117.91,43117.92,17.83898,40.79564505511167,9.258044875467021,13.315688479337584,-4.057643603870563,21.264457580860967,43127.58509301719,43119.34395020049,34.34926786436699,11.940714169599463,16.7477446573289,35.9622523134874,43173.42574128793,43315.75585124059,43127.38876190477,0.004698528376379436,43146.17263393219,43128.99800000001,43111.82336606782
2024-02-03 18:04:00,43117.91,43123.09,43103.58,43103.58,7.28603,32.1697013525734,6.652632823504973,11.983077348171063,-5.33044452466609,20.84725101432665,43121.58381976289,43118.13133864661,52.70582095858117,12.867039735576762,16.945048610376464,-93.80689729030829,43171.53602646217,43315.75480688772,43123.76466666667,0.004221250635446693,43152.254910479285,43125.901999999995,43099.549089520704
2024-02-03 18:05:00,43103.59,43103.59,43100.15,43100.88,6.92055,30.7029104114347,4.320157479953195,10.45049337452749,-6.130335894574294,20.609742941513016,43116.40786482217,43116.804312596876,60.53627814086212,14.108048506836845,15.980402281063506,-136.77565318921893,43169.68410593292,43315.75380230794,43120.16542857143,0.0036857538917161293,43149.144139070435,43118.876000000004,43088.60786092957
2024-02-03 18:06:00,43100.88,43141.5,43100.87,43141.5,19.48023,61.99044631496394,5.6838288491999265,9.497160469461978,-3.8133316202620513,19.79997379936399,43122.68089861663,43118.703980858656,65.91544410159986,14.609587468283172,17.741087832415925,27.910944050860127,43167.86922381427,43315.75150917648,43122.564380952375,0.0033111102841423593,43152.9337220508,43119.976,43087.0182779492
2024-02-03 18:07:00,43141.49,43152.55,43141.49,43149.99,12.70917,65.85686418011502,7.364724322556867,9.070673240080957,-1.7059489175240898,19.480875258499115,43129.50817396247,43121.11059771569,79.25032549472235,16.288003642212267,17.263867272958,139.5704475722217,43166.090639337985,43315.75008602949,43126.11942857143,0.0030923071186154437,43162.39916274736,43122.774,43083.14883725264
2024-02-03 18:08:00,43150.0,43152.55,43149.99,43152.55,6.17484,67.06895470464241,8.801953262394818,9.01692924454373,-0.21497598214891234,19.184569470553164,43135.26863047185,43123.52901327602,90.96625103188853,18.122531996819554,16.213591039175636,124.74811886240482,43164.34762655122,43315.74940527085,43129.882666666665,0.0029928512539965347,43175.18312551594,43129.7,43084.21687448405
2024-02-03 18:09:00,43152.55,43152.58,43148.65,43152.57,12.05846,67.07991100494613,9.829275613970822,9.17939851842915,0.6498770955416724,18.8327656764823,43139.59397285389,43125.76293533171,78.92623114325397,19.08138943137576,15.33619167923454,92.50538423593217,43162.639474020194,43315.748076039046,43133.488000000005,0.0029718560965488862,43178.96111557163,43139.498,43100.03488442837
2024-02-03 18:10:00,43152.58,43152.58,43144.69,43144.7,4.66809,57.97229181307985,9.894336993536854,9.32238621345069,0.5719507800861638,18.271331192187,43140.87047964042,43127.21963261389,17.739832078994368,19.44332817207071,14.80432084500346,62.08720315886289,43160.96548453979,43315.747536653165,43135.64895238096,0.0029628607113829156,43157.1319160395,43148.262,43139.392083960505
2024-02-03 18:11:00,43144.7,43148.88,43144.69,43148.88,11.04269,61.319532172406845,10.166002325175214,9.491109435795595,0.6748928893796187,17.74999917105565,43142.87285973031,43128.88581472052,11.608088651570142,20.039723366977853,14.046155070360003,53.00125009041362,43159.32497484899,43315.74629189307,43138.00019047619,0.0029754344086234045,43155.54204432578,43149.738,43143.93395567421
2024-02-03 18:12:00,43148.87,43165.33,43148.68,43148.69,9.93015,61.054300115313566,10.247836960224959,9.642454940681468,0.6053820195434909,18.039888350192207,43144.32714479773,43130.40921358817,11.703737956355326,20.516271167563833,14.23214399390582,67.24221202610457,43078.94,43315.74517128266,43139.99523809523,0.002995239716096215,43155.32986897818,43149.478,43143.626131021825
2024-02-03 18:13:00,43148.69,43148.69,43148.68,43148.69,3.56799,61.054300115313566,10.195167948251765,9.752997542195528,0.4421704060562366,18.309071159390438,43145.4178585983,43131.81542792754,9.961414065110148,19.776452927385506,13.216276565769835,36.65541802182375,43080.6678,43315.74476864118,43141.836476190474,0.0030131837765444212,43153.68670703255,43148.706,43143.72529296744
2024-02-03 18:14:00,43148.68,43160.0,43148.68,43160.0,10.27131,71.58834579267034,10.939941024931613,9.990386238742746,0.9495547861888678,19.05311783489976,43149.06339394873,43133.98347193312,20.59842814701551,16.210998506986353,13.080828239643397,112.79551839915254,43082.361044000005,43315.74368802553,43144.903523809524,0.0030744488688485786,43160.49121407351,43150.192,43139.892785926495
2024-02-03 18:15:00,43160.0,43168.07,43152.0,43155.8,25.28767,63.887799345767434,11.063738267061126,10.205056644406422,0.8586816226547036,20.068069230514386,43150.74754546155,43135.6616663998,18.69655481778318,5.277187942093569,13.294340508240277,144.69206444816393,43084.020423120004,43315.74095590125,43147.182095238095,0.003137066220665464,43161.76027740889,43152.412,43143.063722591105
2024-02-03 18:16:00,43155.8,43168.0,43155.79,43164.42,17.08119,71.45105117515824,11.722283248593158,10.50850196524377,1.2137812833493875,21.01052409787082,43154.165659096165,43137.87384590751,24.829439501365414,5.947399927892561,13.216887614794482,149.50944557720902,43087.382406195204,43315.73920993149,43150.421428571426,0.003230807371456082,43167.93471975069,43155.520000000004,43143.10528024932
2024-02-03 18:17:00,43164.42,43179.19,43156.06,43179.0,89.11475,79.96698704559017,13.267726943537127,11.060346960902443,2.2073799826346843,22.328303013876766,43160.37424432213,43141.03739622232,40.53951605227485,10.125059138584401,13.924967070880923,174.3712606908795,43090.609909947394,43315.730979245454,43155.3340952381,0.0034010844870964695,43181.85175802614,43161.582,43141.312241973865
2024-02-03 18:18:00,43179.01,43181.51,43179.0,43181.5,7.72706,81.12545112262983,14.526775685240864,11.753632705770126,2.7731429794707374,23.639788255278372,43165.655683241595,43144.14990420522,41.1359775565943,12.928872310351059,13.10961228010386,169.56633088609144,43095.92471535055,43315.73027866478,43159.998380952384,0.0036199807521997873,43188.7119887783,43168.144,43147.5760112217
2024-02-03 18:19:00,43181.5,43186.77,43179.0,43179.0,17.29119,75.8611925727875,15.148232383886352,12.432552641393372,2.7156797424929806,25.05777061227415,43168.99176243119,43146.830680804815,40.32391659314453,14.23453064004326,12.728211402953358,123.00816998636508,43102.771538122506,43315.7286817725,43163.58723809524,0.0038436329015807793,43192.105958296575,43171.944,43151.78204170343
2024-02-03 18:20:00,43179.0,43179.01,43150.76,43159.9,11.827,47.564420327855615,13.938852505234536,12.733812614161605,1.2050398910729303,24.175237157121302,43166.71882182339,43147.8360130506,35.29069692402845,13.055205700058373,13.83691058845669,-6.792137406650863,43111.171384310255,43315.727436958216,43163.885428571426,0.003966844181911809,43190.40934846202,43172.764,43155.11865153799
2024-02-03 18:21:00,43159.89,43168.84,43148.68,43168.84,15.61331,56.647217361198564,13.545647728453332,12.896179637019952,0.6494680914333806,23.22102204638963,43167.249116367544,43149.4517043544,32.54860060516512,12.226036165042293,14.288559832138086,-22.64911724897082,43118.73124587923,43315.72588793609,43165.20038095238,0.004050208708714116,43189.92230030258,43173.648,43157.37369969742
2024-02-03 18:22:00,43168.83,43170.85,43153.09,43153.1,8.00719,41.470412593256775,11.827602416407899,12.682464192897543,-0.8548617764896438,22.44400953563387,43163.71183727566,43149.73234248099,43.46881044525071,11.65524132343618,14.536519844128367,-61.18964045161367,43125.53512129131,43315.72500841662,43164.23714285715,0.004024107415220818,43190.202405222626,43168.468,43146.733594777375
2024-02-03 18:23:00,43153.1,43157.97,43153.09,43157.96,3.19525,46.75591108870769,10.734460335275799,12.292863421373195,-1.558403086097396,21.722497918503525,43162.273877956744,43150.36523921322,36.671042876914726,10.525580283509479,13.846768426690959,-84.21285890660297,43131.65860916218,43315.72466793769,43163.916666666664,0.003939946625140425,43182.09552143845,43163.759999999995,43145.42447856154
2024-02-03 18:24:00,43157.96,43157.97,43152.5,43152.5,4.71797,41.681439559110686,9.320124398938788,11.698315616886314,-2.378191217947526,21.006032289712966,43159.83040846756,43150.52945158144,23.61824264957977,11.239788267888986,13.248427824784544,-93.54603242192785,43137.169748245964,43315.72414780484,43162.816857142854,0.0037880923727526637,43170.26912132479,43158.46,43146.65087867521
2024-02-03 18:25:00,43152.51,43152.51,43144.25,43144.26,3.41466,34.83472137504697,7.448492261937645,10.84835094589658,-3.3998586839589358,19.700564360608535,43155.937806350674,43150.04718607518,32.247228128268034,12.796910055840808,12.892111551585794,-121.79637214740043,43142.129773421366,43315.72375235344,43160.544095238096,0.0035527132656764703,43171.455614064136,43155.332,43139.20838593587
2024-02-03 18:26:00,43144.26,43153.1,43142.93,43142.94,9.41048,33.76842361870669,5.791931559026125,9.83706706852249,-4.045135509496365,18.3882715435983,43152.688354763006,43149.500479454015,22.761178399334312,14.426512641108157,12.697675012186684,-103.91460918674751,43186.77,43315.722654146375,43158.13933333333,0.0032585874465192615,43161.53258919967,43150.152,43138.771410800335
2024-02-03 18:27:00,43142.93,43142.94,43138.72,43138.73,2.51619,30.22719903445295,4.0922109905441175,8.688095852926816,-4.595884862382698,17.303797467437413,43149.19876607226,43148.67198103448,27.849266457473277,14.739930698505598,12.092126797030575,-126.45793228395536,43185.8932,43315.72235335353,43155.227999999996,0.0029123277414329508,43161.20263322874,43147.278000000006,43133.35336677127
2024-02-03 18:28:00,43138.72,43138.73,43138.72,43138.72,1.43796,30.21816649341814,2.713088482581952,7.493094378857843,-4.780005896275891,16.29678582528802,43146.579074554196,43147.90644403183,20.196473611620604,13.253844109423406,11.229117740099966,-111.56670043553318,43184.006272,43315.72218144626,43152.41019047619,0.0025402951371415786,43153.52823680582,43143.43000000001,43133.3317631942
2024-02-03 18:29:00,43138.73,43138.73,43130.01,43130.02,3.54791,23.032669499994284,0.9076439138589194,6.176004285858058,-5.2683603719991385,16.032044964592114,43142.43930591564,43146.530563721695,19.916714851889992,11.791908775989477,11.049895044378625,-124.60052574061,43182.19482112,43315.72173644939,43148.63504761904,0.0021226405144346323,43148.892357425946,43138.934,43128.975642574056
2024-02-03 18:30:00,43130.01,43130.02,43130.01,43130.01,2.26903,23.025117663929663,-0.5180194253189256,4.837199543622662,-5.355218968941587,15.786214165374489,43139.331979436734,43145.25975112772,20.755344626973965,12.40876734551558,10.26133111263692,-117.75804445826701,43179.0637318528,43315.721451841935,43145.1040952381,0.001688183751321146,43146.46167231348,43136.083999999995,43125.70632768651
2024-02-03 18:31:00,43130.02,43147.08,43130.01,43147.07,14.07892,53.94106005393704,-0.2681770907729515,3.816124216743539,-4.0843013075164905,15.210858487593473,43141.26648457755,43145.39900104097,25.606010750547284,9.458505245887977,10.747664604591405,-15.337309414970244,43176.12050794163,43315.71984814615,43144.17552380952,0.001335073709601379,43149.71300537527,43136.909999999996,43124.10699462472
2024-02-03 18:32:00,43147.08,43156.75,43143.56,43143.56,12.09254,49.07473867524143,-0.34937552278279327,2.983024268838273,-3.332399791621066,15.330669637749237,43141.83986343316,43145.25753942243,27.778581866718014,8.847496905311985,10.922117132835043,64.59168285621077,43173.35387746513,43315.718442071375,43143.08304761905,0.0010331327648716308,43151.76529093336,43137.876000000004,43123.986709066645
2024-02-03 18:33:00,43143.57,43156.75,43143.56,43156.75,5.111,63.801103773394985,0.6431826917032595,2.51505595341127,-1.8718732617080107,15.441922848608158,43145.56739757487,43146.14157485148,41.24618239798292,8.619065709931071,11.084108766204135,120.20891128349429,43170.75324481722,43315.71789332165,43144.110571428566,0.0008361345827245241,43162.10509119899,43141.481999999996,43120.858908801005
2024-02-03 18:34:00,43156.75,43156.75,43138.84,43138.85,10.49837,43.37481670556917,-0.014421928754018154,2.0091603769782127,-2.023582305732231,15.10112287465662,43143.88804818116,43145.580684478286,35.39925708754163,7.902768104683994,11.571672425761232,38.345061013607086,43168.30865012819,43315.71663924145,43142.96333333334,0.000635239767288832,43160.94762854377,43143.248,43125.54837145623
2024-02-03 18:35:00,43138.85,43138.85,43121.11,43121.12,8.43098,31.418774671791027,-1.9438338458785438,1.2185615324068615,-3.1623953782854053,14.660060810491446,43138.196036135865,43143.69909336457,46.99594478684594,9.985189106946452,12.012267252492427,-127.78207060788534,43166.0107311205,43315.715531176145,43139.652571428574,0.00035886727766469724,43164.96797239342,43141.469999999994,43117.97202760657
2024-02-03 18:36:00,43121.11,43121.12,43090.8,43101.81,55.56087,23.097786176903,-4.973728267039405,-0.019896427482391843,-4.953831839557013,15.849839170291917,43129.0995271019,43140.47685541346,76.35821817396209,15.192823026496713,13.319962448742945,-195.15236427321074,43162.41867263086,43315.70750466677,43134.221619047625,-4.430501093306067e-05,43170.59710908698,43132.418,43094.23889091302
2024-02-03 18:37:00,43101.81,43110.24,43101.81,43110.23,6.66778,32.45771394978985,-6.6192155968092266,-1.3397602613477588,-5.279455335461468,16.954633361535212,43124.382145326425,43138.150174227805,79.35824319451058,16.920270038922794,12.970679416689899,-124.86306814979017,43155.256805367775,43315.70657937381,43130.40180952381,-0.00047689940412539084,43165.431121597256,43125.752,43086.072878402745
2024-02-03 18:38:00,43110.24,43110.24,43102.0,43102.0,4.20317,28.40294577066669,-8.489506631856784,-2.769709535449564,-5.71979709640722,17.980513681975417,43118.78660899482,43135.3693915949,55.76550513783877,19.09917323345784,12.632773744069047,-100.85443673615319,43148.811124831,43315.705972739,43125.93923809524,-0.0009469449865695357,43142.68475256892,43114.802,43086.919247431084
2024-02-03 18:39:00,43102.01,43102.01,43102.0,43102.01,1.86401,28.415984809135026,-9.85729013074888,-4.187225654509428,-5.670064476239451,18.93311683666989,43114.59245674612,43132.80328454914,30.236492050476954,20.773659320009024,11.73114704806426,-84.52538041020729,43143.0100123479,43315.705703723994,43121.95895238095,-0.0014199962768648398,43122.55224602524,43107.434,43092.31575397476
2024-02-03 18:40:00,43102.01,43102.01,43094.15,43094.16,4.87809,24.254947138246138,-11.442792414702126,-5.638339006547968,-5.804453408154158,20.204694803577716,43109.48434255959,43129.83072419921,20.33525912532059,22.866368423700468,11.454636544631141,-81.40941362081948,43137.78901111311,43315.704973857144,43117.33438095239,-0.001907507629064039,43112.20962956266,43102.042,43091.87437043734
2024-02-03 18:41:00,43094.15,43094.16,43092.16,43092.16,4.06656,23.21560043893753,-12.714137025621312,-7.053498610362636,-5.660638415258676,21.480716123982273,43105.15325691969,43126.93297618389,25.811716017284198,22.704505314416323,10.779305362871773,-82.1189018039363,43133.0901100018,43315.70435992355,43112.90771428572,-0.0023891007167418854,43113.01785800865,43100.11200000001,43087.206141991366
2024-02-03 18:42:00,43092.17,43092.17,43081.1,43081.1,5.39032,18.075636379075846,-14.44759349256492,-8.532317586803092,-5.915275905761828,23.16124923133096,43099.13994268977,43123.40736263128,30.85824641722138,22.95136426428903,10.800069265523769,-116.81776097524806,43128.861099001624,43315.70350588327,43107.44990476191,-0.002891454465339185,43109.71512320861,43094.286,43078.85687679139
2024-02-03 18:43:00,43081.1,43102.04,43081.1,43102.03,8.20613,45.484688097035566,-13.971440086410439,-9.620142086724563,-4.351297999685876,23.714821641777217,43099.86245701733,43121.762950121185,30.88227264865418,16.060635155851067,11.524350032272238,-53.337302768743484,43123.12976712143,43315.702321712364,43105.33152380952,-0.00328575106904449,43109.73313632433,43094.292,43078.850863675674
2024-02-03 18:44:00,43102.03,43102.04,43092.81,43092.81,3.43951,38.64926887454574,-14.174665308528347,-10.53104673108532,-3.6436185774430268,24.228853165763024,43098.099342762995,43119.535800111866,26.757378870242974,10.906619878748854,11.360467887110165,-27.244568724539498,43118.086195066855,43315.70180396727,43102.25038095239,-0.003626050117847722,43105.830689435126,43092.452000000005,43079.07331056488
2024-02-03 18:45:00,43092.81,43092.82,43072.53,43085.17,13.20341,33.62466746310808,-14.781811390712392,-11.381199663010735,-3.4006117277016568,25.634364887985726,43094.867007072244,43116.89227702634,28.715593186716433,8.88897672349821,11.998291609459502,-135.65111561865157,43113.64785165883,43315.69974837301,43098.504857142856,-0.003943074100283992,43105.01179659335,43090.653999999995,43076.29620340664
2024-02-03 18:46:00,43085.18,43086.09,43085.17,43086.09,1.78935,34.848606418472826,-15.015651638692361,-12.10809005814706,-2.907561580545302,26.93948291576395,43092.672755304186,43114.52287110124,29.332629409997026,9.200280459269202,11.206985065926556,-85.46654977806571,43107.891352426595,43315.69947090971,43095.47152380952,-0.004219033374666295,43104.10631470499,43089.439999999995,43074.773685295
2024-02-03 18:47:00,43086.08,43086.09,43085.13,43085.14,5.95018,34.07013280224875,-15.103524748774362,-12.707176996272521,-2.396347752501841,28.153101379521807,43090.78956647814,43112.2626502473,26.202049615982105,7.837814426328994,10.475057561217454,-68.38159403677608,43102.94076308687,43315.698544439976,43092.858857142855,-0.004451700431621176,43103.34902480799,43090.248,43077.14697519201
2024-02-03 18:48:00,43085.13,43085.14,43080.32,43080.33,6.9654,29.99856492620887,-15.383954966084275,-13.242532590234873,-2.1414223758494018,29.49131783719393,43088.1746748586,43109.80629253597,15.99192434384895,7.843495570609631,10.071124878273329,-89.41576107836623,43098.68325625471,43315.697437279414,43090.286857142855,-0.004658466086635517,43093.90396217193,43085.908,43077.91203782808
2024-02-03 18:49:00,43080.33,43080.33,43080.32,43080.33,3.23212,29.99856492620887,-15.428349524190708,-13.679695977026041,-1.7486535471646665,30.73394740503233,43086.21350614395,43107.538885417816,10.158057112479582,7.151428489446431,9.35247310125395,-95.23954372621075,43095.02180037905,43315.69692353273,43088.27219047619,-0.0048299116782732476,43088.49102855624,43083.412,43078.33297144376
2024-02-03 18:50:00,43080.33,43080.33,43080.32,43080.33,3.62487,29.99856492620887,-15.287309938394174,-14.001218769299669,-1.2860911690945045,31.88781771802513,43084.742629607965,43105.44589423183,10.425922133406857,7.150461484688891,8.685153594021672,-87.23095666300254,43091.87294832598,43315.69634736095,43086.646,-0.004960908205537829,43087.65696106671,43082.444,43077.2310389333
2024-02-03 18:51:00,43080.32,43080.33,43080.32,43080.33,3.21082,29.99856492620887,-15.002594480130938,-14.201493911465924,-0.8011005686650137,32.959268722947016,43083.63947220598,43103.51390236785,7.6959966456197435,7.097414592101781,8.065499765877414,-73.94457441068691,43089.164935560344,43315.695837004634,43085.22438095238,-0.00504949978309695,43085.13999832281,43081.292,43077.44400167719
2024-02-03 18:52:00,43080.33,43089.36,43080.32,43089.35,7.78057,52.20772039338198,-13.889012916195497,-14.13899771241184,0.24998479621634218,32.72081126439711,43085.067104154485,43102.424371416484,14.431998210289748,7.025563599426642,8.135106925457661,36.437647058828354,43072.53,43315.69464769533,43085.29019047619,-0.005055172143289576,43089.34999910514,43082.134,43074.91800089485
2024-02-03 18:53:00,43089.36,43100.0,43089.35,43099.99,5.5859,67.01929833619332,-12.00949444968137,-13.713097059865746,1.703602610184376,31.297568080511144,43088.797828115865,43102.23711207676,31.157278639409924,6.526435261577019,8.314742145067932,223.39409321646139,43072.8666,43315.69383399983,43086.89514285714,-0.004946987133316386,43101.64463931971,43086.066000000006,43070.4873606803
2024-02-03 18:54:00,43099.99,43110.22,43095.0,43095.0,18.57448,57.06611403625227,-10.7981395890165,-13.130105565695898,2.331965976679397,29.10181435807159,43090.3483710869,43101.680411147776,31.355529466396547,6.811350371955748,8.807974848991734,172.74378317968328,43073.951936,43315.69106571567,43087.854,-0.004780104972217825,43104.6777647332,43089.0,43073.3222352668
2024-02-03 18:55:00,43095.01,43102.51,43095.0,43102.51,4.92678,66.14620446212902,-9.126928349600348,-12.329470122476788,3.2025417728764403,27.062900187234856,43093.38877831517,43101.74422567487,31.80948808096582,8.512931372375236,8.715262359778183,110.65618221263095,43076.12801984,43315.690356441475,43089.80619047619,-0.0045377126313881026,43109.340744040484,43093.436,43077.53125595952
2024-02-03 18:56:00,43102.51,43122.11,43102.5,43122.1,20.73002,79.63083302944008,-6.150829192221863,-11.093741936425804,4.942912744203941,26.65004092894237,43100.56658373638,43103.31005446911,44.43826040363638,13.687143581781823,9.493457905508354,154.9909084468595,43078.1735386496,43315.687646376406,43094.27180952381,-0.004157537998188329,43124.00913020181,43101.78999999999,43079.570869798175
2024-02-03 18:57:00,43122.1,43122.11,43111.38,43111.39,8.89011,63.133077541585976,-4.603391627992096,-9.795671874739064,5.192280246746968,26.266671617670777,43103.27243780228,43103.93158874072,38.25666012025613,14.795437903400417,9.581782340829415,114.66677975446571,43081.68845555763,43315.686419885955,43096.918952380955,-0.0037417708054114157,43125.326330060125,43106.198,43087.06966993987
2024-02-03 18:58:00,43111.38,43111.39,43097.5,43097.5,10.85046,47.74014520683436,-4.44658565455029,-8.72585463070131,4.27926897615102,24.644519985986815,43101.82932835171,43103.43685114528,39.72876775804616,13.985486980484694,9.889512173627272,31.16908228127452,43084.92217911302,43315.68482118823,43097.624952380946,-0.00337563166303646,43125.56438387902,43105.7,43085.835616120974
2024-02-03 18:59:00,43097.5,43097.51,43095.03,43095.04,3.22639,45.38822951534859,-4.469297947100131,-7.874543293981075,3.4052453468809443,22.936695251547906,43100.131996263786,43102.79093951872,39.69433062255848,12.899272351097231,9.360261304082696,-25.866121817399154,43087.89720478398,43315.684340459426,43097.95828571429,-0.0030630250142482823,43125.55516531128,43105.708,43085.86083468872
2024-02-03 19:00:00,43095.04,43103.28,43091.1,43097.69,9.693,48.65789765164114,-4.224764296566718,-7.144587494498204,2.9198231979314855,21.80569195284847,43099.52149719784,43102.39855955575,41.63852460887574,11.439116150010536,9.561671210933952,-36.46245797539458,43090.63422840126,43315.682913570614,43098.55095238095,-0.002781727314669861,43125.56326230444,43104.744,43083.92473769556
2024-02-03 19:01:00,43097.69,43097.69,43097.68,43097.69,0.8102,48.65789765164114,-3.9850326410669368,-6.512676523811951,2.5276438827450143,20.755474604056136,43099.06362289838,43102.036362666855,23.40329301112797,9.413736090249353,8.879408981581673,-52.31680804815432,43091.1,43315.6827943034,43099.033142857144,-0.002528058547335541,43111.563646505565,43099.862,43088.16035349444
2024-02-03 19:02:00,43097.68,43113.43,43097.68,43113.42,10.0185,66.0380976152505,-2.496980402247573,-5.709537299499075,3.2125568972515026,20.89974078160239,43102.65271717378,43102.9120270771,26.60893466019479,9.228817274189502,9.370165482897267,49.549228944167595,43091.1,43315.68142593754,43101.493142857136,-0.002227593470946655,43113.572467330094,43100.268,43086.9635326699
2024-02-03 19:03:00,43113.43,43116.0,43113.42,43115.99,2.01463,68.1518357000652,-1.097657646438165,-4.787161368886894,3.6895037224487286,21.192623536687556,43105.98703788034,43103.91802499425,35.43577869370347,9.961947681485919,8.885153662690444,90.23194227813602,43093.580799999996,43315.68115427006,43103.98066666667,-0.0018926887554721313,43121.68388934685,43103.966,43086.24811065315
2024-02-03 19:04:00,43115.99,43116.03,43110.0,43110.0,4.86528,58.047304568719845,-0.4666479927909677,-3.9230586936677088,3.456410700876741,21.11055434578325,43106.99027841025,43104.385869225465,31.209222411504015,9.432058891741152,8.68121411535533,49.49259002615796,43095.863136,43315.6804785235,43105.3299047619,-0.0015725418398413538,43122.56261120575,43106.958,43091.35338879425
2024-02-03 19:05:00,43110.01,43122.14,43110.0,43122.13,3.13617,69.1590367693727,1.0006860434659757,-2.9383097462409724,3.938995789706948,21.439161527122018,43110.77520880769,43105.750802361974,32.457277941473876,10.525677884634373,8.928270249972764,98.66483599642022,43097.96288512,43315.68006862679,43108.0139047619,-0.0012180050232824396,43128.07463897074,43111.846000000005,43095.61736102927
2024-02-03 19:06:00,43122.13,43136.01,43122.13,43136.0,9.04844,77.37984308814003,3.245341644033033,-1.7015794681861713,4.946921112219204,22.527988015735282,43117.081406605765,43108.077663718745,36.60395884492027,13.143553782665704,9.281965232117898,162.27120107868092,43100.380596608,43315.67897075519,43112.149142857146,-0.0007904369881198486,43137.80997942246,43119.508,43101.20602057754
2024-02-03 19:07:00,43136.01,43144.58,43136.0,43144.57,3.22848,81.11270448891398,5.650637722603278,-0.23113603002828143,5.88177375263156,23.94373016485091,43123.95355495432,43110.88476650961,51.089839722946635,17.187663580624285,9.231824858395315,158.87109463190455,43104.65612501504,43315.678597721664,43116.982761904765,-0.00029193874611793967,43151.28291986147,43125.738,43100.193080138524
2024-02-03 19:08:00,43144.57,43144.58,43122.3,43142.62,12.89188,77.61543281000515,7.315178664808627,1.2781269089391005,6.037051755869527,23.901119661563484,43128.62016621574,43113.325938316564,52.576061575033236,18.535204504217987,10.163837368509851,98.91159971628801,43110.245467512934,43315.67709117481,43121.13180952382,0.00022439059196097702,43157.352030787515,43131.064,43104.77596921248
2024-02-03 19:09:00,43142.63,43143.5,43142.62,43143.49,5.30617,78.12049387580672,8.60534403361089,2.7435703338734587,5.861773699737432,23.861552765653734,43132.337624661806,43115.64625075376,33.477063827667735,18.338844638214475,9.500706127901818,99.14045746962545,43115.05230206112,43315.67647421994,43124.94333333333,0.0007339776940979166,43154.500531913836,43137.762,43121.02346808617
2024-02-03 19:10:00,43143.49,43143.53,43143.49,43143.52,6.99474,78.1409023561477,9.52048392045981,4.09895305119073,5.4215308692690805,23.826667535451513,43135.133218496354,43117.790385311164,12.330357106780866,17.17852927947209,8.824941404480322,82.14800329348857,43119.186179772565,43315.67566108142,43128.368571428575,0.00121584618611497,43148.205178553384,43142.03999999999,43135.8748214466
2024-02-03 19:11:00,43143.52,43143.53,43143.52,43143.53,5.00531,78.14905509190262,10.12977603784384,5.305117648521352,4.8246583893224875,23.79427410740659,43137.23241387226,43119.77035567185,2.4723127494507935,14.395897616726044,8.195302732731873,70.98952132338188,43122.741314604405,43315.67507925265,43131.59114285715,0.0016561014961977807,43144.78215637472,43143.545999999995,43142.30984362527
2024-02-03 19:12:00,43143.52,43143.53,43143.52,43143.52,3.22475,78.11409425795077,10.490904892911203,6.342275097399323,4.14862979551188,23.764194495650592,43138.80431040419,43121.5972513894,1.4329865100589814,13.293876675774236,7.610638251822599,60.6453613041688,43125.79873055979,43315.67470438058,43134.506285714284,0.002046272600378287,43144.052493255025,43143.335999999996,43142.619506744966
2024-02-03 19:13:00,43143.52,43143.53,43143.52,43143.52,1.59899,78.11409425795077,10.654286133867572,7.204677304692973,3.4496088291745988,23.73626342759145,43139.98323280314,43123.28361666714,0.053761808783747256,11.791981284653179,7.067735519549702,53.67534456354465,43128.42810828142,43315.67451850114,43136.98314285715,0.0023821202664779276,43143.54288090439,43143.515999999996,43143.489119095604
2024-02-03 19:14:00,43143.53,43143.53,43135.0,43135.01,9.37701,50.45432697329546,9.982014614557556,7.76014476666589,2.221869847891666,22.700299833727893,43138.739924602356,43124.185646154285,13.620006842436851,7.066051022615616,7.172182982438926,-50.70797700804095,43130.68937312202,43315.67337456649,43137.86361904762,0.002623927374807075,43148.63000342121,43141.81999999999,43135.009996578774
2024-02-03 19:15:00,43135.01,43135.01,43124.28,43130.76,8.69235,41.62187344965545,9.002519667927118,8.008619746918136,0.9938999210089818,21.46820644392728,43136.74494345177,43124.69136568088,21.52879101279541,4.848390838015603,7.426312769407803,-185.40175019906405,43144.58,43315.67228922365,43137.82199999999,0.002767961181912612,43150.032395506394,43139.268,43128.5036044936
2024-02-03 19:16:00,43130.75,43130.76,43123.72,43123.72,6.24229,30.877335661933174,7.570920838894381,7.921079965313385,-0.3501591264190047,20.374809384088532,43133.488707588825,43124.61664524389,30.45934750784363,7.161493043414069,7.3987190001644505,-156.37989032759646,43144.174,43315.67148013367,43136.52676190476,0.002803004776117982,43150.53567375392,43135.306,43120.076326246075
2024-02-03 19:17:00,43123.72,43130.79,43123.72,43125.26,8.67977,35.26406506387649,6.485868527372077,7.634037677725124,-1.1481691503530476,19.356229983703276,43131.43153069162,43124.66613407129,28.660523559854482,8.15482170628755,7.375239071581254,-109.70041207260132,43143.35584,43315.670364148595,43135.33876190476,0.002765033635607107,43145.98426177993,43131.654,43117.323738220075
2024-02-03 19:18:00,43125.26,43125.26,43118.1,43123.47,3.80915,32.39638629585909,5.419051263044821,7.191040394789065,-1.7719891317442436,18.948963356838128,43129.44114801871,43124.57412375812,18.108199547670665,9.020179867669611,7.359864852182843,-108.11084163270458,43142.570406399995,43315.66986979441,43133.82380952381,0.0026662735925534354,43136.698099773836,43127.644,43118.589900226165
2024-02-03 19:19:00,43123.48,43123.48,43119.61,43119.61,4.10709,26.764297480343785,4.213549973188492,6.595542310468951,-2.381992337280459,18.57078720332049,43126.983361014034,43124.19226808442,14.458337766147451,9.819030070189749,7.110588791312828,-94.03897254212255,43141.102182015995,43315.669326071475,43131.6659047619,0.0025083433557000737,43131.79316888307,43124.564,43117.334831116925
2024-02-03 19:20:00,43119.61,43119.62,43114.97,43116.21,12.85891,22.609606006084363,2.9498261708940845,5.866399082553978,-2.9165729116598937,18.66002682965785,43124.29002076053,43123.578247462545,13.19205863600655,10.407568259850086,6.934832449076302,-106.90813540119834,43139.722051095036,43315.667594224746,43129.07866666667,0.002297263448502362,43128.250029318006,43121.654,43115.057970682
2024-02-03 19:21:00,43116.22,43116.22,43107.0,43107.0,5.99793,15.027015253421382,1.1914120674409787,4.931401679531378,-3.7399896120903993,19.411114258615388,43119.967515570395,43122.30299765774,25.857714268000564,11.647760699684815,7.098058702713792,-141.0943795930419,43137.74188700743,43315.666749129625,43125.451904761896,0.0020134452465015796,43131.238857134005,43118.310000000005,43105.381142866005
2024-02-03 19:22:00,43107.01,43107.01,43106.91,43106.91,5.30589,14.968150289408925,-0.20701963260944467,3.9037174171032136,-4.110737049712658,20.115720513911068,43116.703136677796,43121.118920914836,26.72869221055589,11.564520521151856,6.59819736680556,-136.55100414222133,43134.667698306686,43315.66600122469,43122.170952380955,0.0016887596455245192,43128.00434610528,43114.64,43101.27565389472
2024-02-03 19:23:00,43106.92,43106.92,43106.91,43106.92,4.12379,15.012539532960034,-1.299500085566251,2.863073916569321,-4.162574002135572,20.76999775097134,43114.25735250834,43120.026696229084,21.9166554792464,10.09919476471291,6.127611840604788,-104.79268836382617,43131.33677450989,43315.66541997714,43119.231428571424,0.0013473983726440058,43122.288327739625,43111.33,43100.37167226038
2024-02-03 19:24:00,43106.91,43106.92,43106.91,43106.92,2.11665,15.012539532960034,-2.140622946593794,1.8623345439366978,-4.002957490530492,21.377540899670162,43112.42301438126,43119.01848882685,14.836567105638096,9.165180268211744,5.6906395662755,-82.23931719915376,43128.4055615687,43315.665121636914,43116.64019047619,0.0010069039329169852,43116.21028355282,43108.792,43101.37371644718
2024-02-03 19:25:00,43106.91,43106.92,43101.35,43101.35,5.95133,10.581820610059182,-3.219558259967016,0.845955983155955,-4.065514243122971,22.439545617977007,43109.65476078595,43117.659374301715,8.940941090200795,8.857857868844768,5.682022454398658,-92.73956628017515,43125.82609418046,43315.664260423255,43113.654857142865,0.0006544249129943208,43110.29047054509,43105.81999999999,43101.34952945489
2024-02-03 19:26:00,43101.35,43101.36,43101.35,43101.35,2.10772,10.581820610059182,-4.0281878273090115,-0.1288727789370383,-3.899315048371973,23.42569285640479,43107.57857058946,43116.404807047744,10.908401698499802,8.881257445283994,5.276877993370328,-98.26671383089699,43122.3994409952,43315.66395541793,43111.07123809524,0.0003077845916622331,43110.144200849245,43104.689999999995,43099.235799150745
2024-02-03 19:27:00,43101.36,43106.96,43101.35,43106.96,13.72015,37.38423359684608,-4.168302869227773,-0.9367587969951854,-3.2315440722325874,23.336739518811964,43107.423927942094,43115.678283428686,10.941207776821102,7.510552608283297,5.300672422415346,-49.74000815664552,43119.45251925587,43315.66202198568,43109.63723809524,4.758743669504964e-06,43110.17060388841,43104.7,43099.22939611159
2024-02-03 19:28:00,43106.95,43106.96,43106.95,43106.96,1.25378,37.38423359684608,-4.230577584465209,-1.5955225544891902,-2.6350550299760185,23.254139991047197,43107.30794595657,43115.007646241866,10.967335301480489,5.747672904775196,4.922767249385823,-4.672733636723126,43116.91816656005,43315.661845305825,43108.55142857143,-0.00025603949742364584,43110.19166765074,43104.708,43099.22433234926
2024-02-03 19:29:00,43106.95,43106.96,43106.95,43106.95,1.71833,37.355492577298925,-4.231954326205596,-2.1228089088324715,-2.1091454173731243,23.177440429551343,43107.21845946743,43114.38782730018,10.986785317596514,4.056347760925681,4.571855303001267,32.08955223881045,43114.73862324164,43315.6616031515,43107.73142857144,-0.00047688944976878264,43110.20739265879,43104.71399999999,43099.220607341194
2024-02-03 19:30:00,43106.96,43130.79,43095.11,43114.65,19.26758,63.37374680035462,-3.570560556043347,-2.4123592382746466,-1.1582013177687003,23.029518993665754,43109.07634460057,43114.40799443094,16.94709920688183,3.6631803793142983,6.793865638501197,220.7242532578971,43101.35,43315.65898809429,43108.16485714285,-0.0006256799837924043,43115.84754960344,43107.373999999996,43098.900450396555
2024-02-03 19:31:00,43114.65,43114.65,43113.34,43113.35,5.23299,58.45503943671058,-3.115388108693878,-2.5529650123584933,-0.5624230963353849,22.89216337462913,43110.14475845043,43114.326610243945,13.899675228196429,4.2449756497761975,6.402160950037179,153.05701264114245,43095.11,43315.658273274705,43108.511333333336,-0.0007244699806285742,43116.723837614096,43109.774,43102.8241623859
2024-02-03 19:32:00,43113.35,43137.75,43113.34,43126.08,14.6658,78.27177580851662,-1.70776994501648,-2.3839259988900907,0.6761560538736107,24.369801095353626,43114.12856883783,43115.23071714826,28.01299490101519,7.30732428876856,7.688435167891916,195.87983589922464,43095.11,43315.65639602786,43110.66857142857,-0.000726441564729764,43127.604497450506,43113.598,43099.59150254949
2024-02-03 19:33:00,43126.08,43126.08,43096.66,43103.87,16.84718,39.16223797168867,-2.3572113273694413,-2.378583064585961,0.021371737216519637,23.882168561185612,43111.56392662837,43114.35681582917,30.66666117045679,7.472483183576908,9.240689798756653,-7.634832223897139,43137.75,43315.65398696907,43109.83961904762,-0.0007626512597790027,43128.313330585224,43112.979999999996,43097.64666941477
2024-02-03 19:34:00,43103.87,43111.1,43103.86,43111.1,9.39225,49.09765827007295,-2.262417979327438,-2.355350047534256,0.09293206820681821,23.429366922315314,43111.447944971274,43114.10629153461,28.711964532514685,7.469810084956234,9.097783384559603,-18.714222809303777,43137.75,43315.65268979887,43110.12457142857,-0.0007860037615561917,43128.16598226626,43113.810000000005,43099.45401773375
2024-02-03 19:35:00,43111.09,43116.3,43111.09,43116.3,5.19246,55.385928103282154,-1.7475523308166885,-2.2337905041907424,0.48623817337405395,23.371303595674117,43112.66095872846,43114.27503833964,28.986495257384377,7.201589441119417,8.820084571377231,42.14617350921836,43136.9282,43315.65199090199,43111.151523809516,-0.000774649858291672,43128.63324762869,43114.14,43099.64675237131
2024-02-03 19:36:00,43116.3,43135.33,43116.29,43135.32,11.23601,71.07167282189292,0.19301252008153824,-1.7484298993362863,1.9414424194178246,24.396157279487877,43118.32571904635,43115.89388154429,44.32606108330947,9.810534271388654,9.550078530564633,166.46609000883927,43136.122836,43315.65062285995,43114.6259047619,-0.0006528633316695022,43140.697030541654,43118.534,43096.370969458345
2024-02-03 19:37:00,43135.33,43135.33,43134.96,43134.96,6.50595,70.50862052809792,1.6824805654250667,-1.0622478063840157,2.7447283718090825,25.34780712874351,43122.48428928476,43117.36050604089,50.946258224750636,11.39666249455104,8.894358635524489,140.97935867612395,43135.33357928,43315.6498291552,43117.78171428572,-0.0004626816412079737,43145.78312911237,43120.31,43094.83687088762
2024-02-03 19:38:00,43134.97,43135.33,43134.96,43135.33,7.47757,70.79398829629254,2.8597848110293853,-0.2778412829013355,3.137626093930721,26.2314819887666,43125.69571696357,43118.742774806975,42.651362966469605,12.139315805599866,8.285475875844355,102.59488768394445,43096.66,43315.648918792554,43120.71980952381,-0.00023227139310103085,43147.927681483234,43126.602,43105.276318516764
2024-02-03 19:39:00,43135.33,43135.33,43127.53,43127.87,8.93522,57.364201114527525,3.1544843218507594,0.40862383804908353,2.745860483801676,26.19717451590297,43126.23928772268,43119.44486905259,29.585407396007213,11.464346732341523,8.250799027569967,54.454416949065134,43097.4334,43315.64778597515,43122.39266666666,-1.815045979474316e-05,43144.748703698,43129.956,43115.163296301995
2024-02-03 19:40:00,43127.87,43179.0,43127.86,43178.99,51.6479,83.34495677959256,7.427374430648342,1.8123739565689354,5.615000474079407,28.047329087111716,43139.42696579201,43124.025263740856,73.87274903763318,21.023296109618954,11.314313382743498,194.01151121401588,43098.191332,43315.6430207905,43130.628952380954,0.00040745734537097993,43179.430374518815,43142.494,43105.55762548118
2024-02-03 19:41:00,43179.0,43194.51,43172.0,43172.0,20.78001,75.76901558276549,10.132831075090508,3.47646538027325,6.656365694817257,30.17422553599236,43147.570224344,43127.71562806849,84.95500895261648,24.308256401778063,12.114005283976251,178.4584837718595,43101.42367872,43315.64100559643,43137.19380952381,0.0009239934585453441,43192.30750447631,43149.83,43107.35249552369
2024-02-03 19:42:00,43172.01,43180.53,43172.0,43178.72,12.25532,78.06882818782421,12.673085356909723,5.315789375600545,7.3572959813091785,32.14920080995296,43155.357668258,43131.639041293995,89.19104283420893,27.806705912832474,11.858004906549294,113.41493440262073,43107.0088579968,43315.639872732536,43144.03523809523,0.0015078751720434041,43203.17752141711,43158.582,43113.9864785829
2024-02-03 19:43:00,43178.72,43200.0,43178.72,43199.99,13.41696,83.88002140255489,16.215642582188593,7.495760016918155,8.719882565270439,34.4295813808447,43166.5157511935,43136.896807348305,95.0576162620855,30.613966970861554,12.531004556081403,116.4081721423633,43112.258926516995,43315.638825173875,43153.02923809524,0.002205170562258176,43219.042808131046,43171.514,43123.98519186896
2024-02-03 19:44:00,43199.99,43200.0,43196.32,43196.33,13.51898,79.52869011804577,18.514390920150618,9.699486197564648,8.81490472258597,36.54707762524418,43173.96931339512,43141.468591398436,43.7233229407866,30.73606584562482,11.898789944932753,103.02983292752177,43119.278212395635,43315.637736264856,43160.649142857146,0.002927569241493239,43207.06766147039,43185.206,43163.344338529605
2024-02-03 19:45:00,43196.32,43228.0,43196.32,43220.06,35.44835,85.41523974751883,21.99740581831429,12.159070121714578,9.838335696599714,39.02190960204148,43185.49198504634,43147.514084367795,67.7933089966391,32.70277326450955,13.311733520294721,118.50905870037539,43125.73595540399,43315.635448994646,43170.65514285714,0.0037374791146923274,43227.31665449832,43193.42,43159.52334550168
2024-02-03 19:46:00,43220.05,43223.77,43210.07,43223.77,17.54313,86.16177934170231,24.77153537308186,14.681563171988035,10.089972201093826,41.319967866210405,43195.061488784755,43153.37992403181,66.03050210601941,34.78955680223266,13.339466840273461,110.04466158197633,43135.96235986359,43315.63436101982,43180.13952380953,0.0045806682635945945,43236.78925105301,43203.774,43170.75874894699
2024-02-03 19:47:00,43223.77,43266.0,43223.76,43260.22,90.37246,91.36984923297774,29.570394307753304,17.65932939914109,11.911064908612214,43.98354653787971,43211.351116588565,43161.59839141398,91.08249451919983,40.18239299620555,15.40379063739664,149.93737387796543,43145.16612387723,43315.630980437585,43193.553523809525,0.005566002994998143,43265.6152472596,43220.074,43174.5327527404
2024-02-03 19:48:00,43260.23,43260.23,43244.95,43258.05,23.313,88.97752349068018,32.82009410775936,20.691482340864745,12.128611766894615,46.45686959014407,43223.025837441426,43169.0177459206,97.27689637041476,40.59629403142346,15.394948449011602,125.64864967235845,43159.66618901196,43315.63007428057,43205.18914285714,0.006583433537984418,43280.32444818521,43231.686,43183.047551814794
2024-02-03 19:49:00,43258.05,43270.0,43238.01,43261.09,27.71235,89.44223608990724,35.234644160664175,23.60011470482463,11.634529455839544,48.85224020086833,43232.54187808107,43176.10022700364,74.46664245844295,35.214773038535306,16.580309274082058,104.17532303014518,43172.42624633052,43315.62905402918,43215.830571428574,0.007579458688353641,43281.87132122922,43244.638,43207.40467877078
2024-02-03 19:50:00,43261.1,43266.0,43245.59,43248.36,16.09119,73.80597679605474,35.70935267322784,26.021962298505276,9.687390374722565,51.07651291082657,43236.49640856081,43181.65867108029,56.07131065748399,34.16706291023274,16.853858611647876,74.4799398665861,43186.08657184425,43315.62832336658,43223.39571428572,0.008445796161413095,43278.33365532874,43250.297999999995,43222.26234467125
2024-02-03 19:51:00,43248.35,43269.99,43248.35,43269.99,25.83713,80.6892933640179,37.39980119248503,28.29753007730123,9.1022711151838,53.18434422005851,43244.869806420604,43188.4533886895,27.671204501122702,32.27823993710032,17.195725853672986,80.29103975150572,43197.83445178605,43315.627527427605,43232.768285714286,0.0092693889946436,43273.37760225056,43259.542,43245.70639774944
2024-02-03 19:52:00,43269.98,43269.99,43246.0,43250.01,16.00909,62.48767149793217,36.7041719560948,29.978858453059942,6.7253135030348545,54.9031729627783,43246.15485481545,43193.188512636465,31.436558695408166,26.67312549018111,17.681031149839054,49.890376683068666,43207.937628536005,43315.62681836001,43238.19085714286,0.009920292372276407,43273.218279347704,43257.5,43241.781720652296
2024-02-03 19:53:00,43250.01,43263.8,43250.0,43251.1,24.59214,63.03357253200072,35.82783370016841,31.148653502481636,4.679180197686776,56.49922822387525,43247.39114111159,43197.64324243366,32.976470742869424,23.0657999851441,17.403814639136474,41.13358814209415,43216.62636054096,43315.62574725884,43242.66657142857,0.010413036231351853,43272.598235371435,43256.11,43239.621764628566
2024-02-03 19:54:00,43251.1,43258.08,43246.0,43258.06,17.45356,66.74207852605551,35.28816317257588,31.976555436500487,3.3116077360753913,57.535543754779546,43250.058355833695,43202.29068532339,31.84931030140433,16.14196907450554,17.023542164912566,26.176230470722604,43224.09867006523,43315.62506909134,43246.89666666667,0.01078976781524721,43271.4286551507,43255.504,43239.5793448493
2024-02-03 19:55:00,43258.06,43263.8,43245.24,43261.35,46.51764,68.53275890934346,34.725650215950736,32.52637439239054,2.1992758235601997,58.60434174492655,43252.88126687527,43206.83370952928,29.19639769886271,12.477258425302317,17.13328915313345,44.15250447204462,43230.524856256096,43315.6233649986,43250.81238095239,0.01106635605289323,43272.70019884943,43258.102,43243.50380115057
2024-02-03 19:56:00,43261.34,43261.35,43244.0,43254.3,25.94182,60.19822827825537,33.32680786855781,32.686461087624,0.640346780933811,59.450613202152304,43253.23595015645,43210.48496264242,16.99691285773588,6.514554732128365,17.1487684993381,-83.79089883408419,43236.051376380245,43315.622291271335,43252.93714285715,0.011210403438799565,43263.46245642887,43254.964,43246.46554357113
2024-02-03 19:57:00,43254.29,43254.3,43242.95,43244.13,21.88887,49.729177828252155,31.03977403092722,32.357123676284644,-1.3173496453574245,60.10612160110217,43250.959462617335,43213.07304243916,23.745198224743945,7.597339009780523,16.734570749385792,-196.77399148087892,43240.80418368701,43315.62123507732,43252.9860952381,0.011191528012125787,43265.66059911237,43253.788,43241.91540088763
2024-02-03 19:58:00,43244.13,43246.0,43217.22,43217.22,42.12131,32.03783668170463,26.747542117896955,31.235207364607106,-4.487665246710151,58.06195651867661,43242.524596963005,43213.392039174614,63.91546071926132,14.23369277602082,17.59495855300101,-254.14061115471824,43270.0,43315.61843769891,43249.02666666667,0.010920704979814847,43278.96973035963,43247.012,43215.05426964037
2024-02-03 19:59:00,43217.23,43230.01,43213.58,43230.01,21.25267,43.50152339169381,24.10015196246968,29.808196284179623,-5.7080443217099415,55.85888591367991,43239.39594772225,43214.6703438535,64.15655507537303,15.27681326013664,17.511747227786675,-153.22776232255006,43268.9444,43315.61720977165,43246.57361904762,0.010529316815516764,43273.48027753769,43241.402,43209.323722462315
2024-02-03 20:00:00,43230.0,43230.02,43220.39,43228.07,13.04911,42.2057149433307,21.596582445119566,28.16587351636761,-6.5692910712480455,53.81367678880108,43236.56446079169,43215.701086634,51.987004600756336,16.582182005333763,16.94876528294458,-98.24596531979348,43266.729824,43315.61643875821,43243.76714285715,0.010044659065029469,43260.73950230038,43234.746,43208.75249769962
2024-02-03 20:01:00,43228.07,43230.0,43211.51,43211.51,13.32597,32.33847436504544,18.06795581534243,26.146289976162578,-8.078334160820148,51.150102653932905,43230.30084559377,43215.37869535446,45.110838161592255,17.62686976901561,17.058853477019824,-103.07563386820736,43264.60383104,43315.615502466324,43238.71171428572,0.00942384584584133,43248.7434190808,43226.188,43203.632580919206
2024-02-03 20:02:00,43211.52,43211.52,43186.42,43186.43,10.01809,22.69547437774027,13.09677591091895,23.53638716311385,-10.4396112521949,48.01249204469623,43219.33313419532,43213.151872634895,62.70843930463889,24.11755045803163,17.633221085804017,-150.00862002912066,43261.41820117761,43315.61462903128,43230.776190476194,0.008606705517507028,43246.00221965232,43214.648,43183.29378034768
2024-02-03 20:03:00,43186.43,43204.62,43186.42,43204.62,19.12603,38.62405982732457,10.503779964019486,20.929865723294977,-10.426085759275491,45.09899647897646,43215.65485064649,43212.49557473991,64.27571765532775,24.966437028294894,17.673705293961184,-114.58502517458169,43255.418345083395,43315.61319633844,43225.94809523809,0.007758671562829067,43244.26585882767,43212.128000000004,43179.99014117234
2024-02-03 20:04:00,43204.61,43220.0,43204.61,43220.0,6.92385,49.2367723545234,9.579423823699472,18.659777343375875,-9.080353519676404,42.33089418671169,43216.74113798486,43213.07283822145,56.941089629312046,22.96121183671899,17.51058348724963,-36.036428203231274,43249.89847747672,43315.61274956252,43223.708476190484,0.006980800183708602,43238.59654481466,43210.126000000004,43181.65545518535
2024-02-03 20:05:00,43220.0,43227.11,43208.72,43227.1,17.19324,53.674229325670694,9.312427715776721,16.790307417856045,-7.477879702079324,40.156997170759446,43219.330853488646,43214.151850665956,55.97588802494283,19.33066214647701,17.573398952446045,11.45237009014308,43244.82019927858,43315.61172253334,43222.685619047625,0.00630182660760782,43237.919944012465,43209.93199999999,43181.94405598752
2024-02-03 20:06:00,43227.1,43237.48,43227.1,43237.46,8.06134,59.82369733929184,9.823556944997108,15.396957323284258,-5.57340037828715,38.674332505283864,43223.86314011648,43215.94478523012,71.5491766549967,16.805591170261348,17.059584741557376,110.4628268076022,43240.1481833363,43315.61129736329,43223.45257142857,0.005752807416241502,43250.8965883275,43215.122,43179.347411672505
2024-02-03 20:07:00,43237.46,43240.0,43237.46,43239.99,3.59514,61.328061065526434,10.313888313248754,14.380343521277158,-4.066455208028405,37.42308973713933,43227.89485508736,43217.79441713549,51.26334526397113,16.203235929382814,16.02247154573191,121.11358079569452,43186.42,43315.61111388877,43224.676380952376,0.005314626341551027,43251.46567263198,43225.833999999995,43200.20232736801
2024-02-03 20:08:00,43239.99,43243.52,43231.91,43234.21,15.32433,55.61864308374356,10.119431256316602,13.528161068285048,-3.4087298119684455,35.83572461775102,43229.47364131552,43219.05715427891,29.1883956300735,16.73334728154104,15.707295006750583,88.07251014153533,43187.4916,43315.61027206117,43225.235333333345,0.004933003612910007,43246.34619781503,43231.75199999999,43217.15780218496
2024-02-03 20:09:00,43234.22,43238.65,43234.21,43237.48,13.01136,58.256907870049176,10.112612408214773,12.845051336270995,-2.7324389280562222,34.36174272117616,43231.47523098664,43220.47429625746,17.873212339763995,17.291072877134116,14.902488220554279,75.78028000170039,43189.732736,43315.60958602101,43226.45742857142,0.004610811398777694,43244.18460616988,43235.248,43226.31139383012
2024-02-03 20:10:00,43237.48,43237.49,43217.39,43229.02,13.57568,49.180489465743314,9.317154764743464,12.13947202196549,-2.8223172572220268,32.03409749881558,43230.86142323998,43221.13165808381,15.125021630708943,17.326507505933677,15.273739061943155,26.12177841666822,43191.884226559996,43315.6087927332,43226.77885714286,0.0042950237317843495,43243.19451081535,43235.632,43228.06948918464
2024-02-03 20:11:00,43229.02,43229.03,43213.56,43213.56,4.95447,36.656591289323416,7.354478209141234,11.182473259400641,-3.827995050259407,30.117385928650428,43226.53606742998,43220.549222846596,37.56930927616486,17.189912452666125,15.287757700375872,-41.03475665714251,43193.94965749759,43315.60845153467,43225.27971428571,0.003918826732177629,43249.63665463808,43230.852,43212.06734536192
2024-02-03 20:12:00,43213.57,43213.57,43213.56,43213.57,1.8569,36.669109263006206,5.733754660359409,10.092729539592396,-4.358974879232987,28.33758232778278,43223.294550572486,43220.01235955071,40.660162809101166,12.193101378775129,14.196489293206312,-101.1992198071927,43195.93247119769,43315.60832366901,43224.073047619044,0.003510727197010825,43245.89808140455,43225.568,43205.23791859545
2024-02-03 20:13:00,43213.56,43213.57,43194.88,43205.77,19.94862,30.945099833563503,3.7763928525091615,8.82946220217575,-5.053069349666588,27.80056271905217,43218.91341292936,43218.916793431425,46.37758708525507,11.97566718667861,14.51745434369174,-139.615686402726,43243.52,43315.606845029055,43221.861142857146,0.003056687270761525,43243.068793542625,43219.88,43196.69120645737
2024-02-03 20:14:00,43205.78,43230.0,43205.77,43224.01,29.22305,51.97976955210342,3.654854195614462,7.794540600863492,-4.13968640524903,26.136909347900534,43220.18755969702,43219.30857855209,33.137720017213724,11.825477256442426,15.211207604856844,-37.81380373298721,43242.54719999999,43315.60503871535,43222.31209523809,0.002667858495353229,43233.75486000861,43217.186,43200.617139991395
2024-02-03 20:15:00,43224.01,43230.0,43210.56,43210.57,26.04775,40.95031324771035,2.4458440889720805,6.72480129848521,-4.27895720951313,24.592088360402585,43217.78316977277,43218.63638020193,23.92028779220709,12.803220259544087,15.513264204510092,-45.081355181177976,43241.59385599999,43315.603192493436,43221.00971428571,0.0022734677636190976,43225.4561438961,43213.496,43201.535856103896
2024-02-03 20:16:00,43210.56,43210.57,43191.1,43191.1,11.60639,29.91551926903861,-0.08242131182487356,5.363356776423194,-5.445778088248067,24.22456284489025,43211.11237732958,43216.51819710948,43.06247378184344,15.684066795667283,15.795888189902312,-146.11738789406016,43240.65957887999,43315.60221738316,43217.12028571429,0.0017998663604372519,43230.53523689092,43209.004,43187.47276310908
2024-02-03 20:17:00,43191.11,43191.11,43165.55,43181.1,21.25464,25.654732620324893,-2.8600375510650338,3.7186779109255483,-6.578715461990582,24.92541557256082,43203.60928299718,43213.79372040875,60.03778497269377,18.17273932577221,16.493324747766266,-176.9580487804859,43238.67719572479,43315.60028829065,43211.85304761904,0.0012448480105730633,43232.52889248634,43202.509999999995,43172.49110751365
2024-02-03 20:18:00,43181.09,43181.1,43153.06,43164.06,18.8084,19.868363070681085,-6.362955829092243,1.70235116292199,-8.065306992014234,25.986358752739,43193.72196224789,43209.96804960808,84.78202569356654,22.53679717365248,17.318087265783024,-161.49022179638393,43234.28956398131,43315.59836500272,43204.537809523805,0.0005796985729549454,43236.55901284678,43194.168,43151.776987153215
2024-02-03 20:19:00,43164.07,43168.42,43164.06,43168.41,7.05723,25.04714659111572,-8.687886607265682,-0.3756963911155444,-8.312190216150137,26.97152027719017,43187.39397168592,43206.7712765613,66.95443376711046,22.74880121825327,16.392509603941424,-112.9976068437195,43227.791198862804,43315.59766408017,43198.33533333334,-0.00011212305461319854,43216.52521688355,43183.047999999995,43149.57078311644
2024-02-03 20:20:00,43168.42,43193.5,43168.41,43193.49,18.69375,48.20620866507293,-8.409722554759355,-1.9825016238443067,-6.427220930915048,26.203445030588455,43188.91797876444,43205.749639902744,47.129936571014696,20.384817994192513,17.01375891794536,-34.82708635327167,43221.81270295378,43315.59612381266,43196.03580952382,-0.0006785313737797155,43203.196968285505,43179.632,43156.06703171449
2024-02-03 20:21:00,43193.49,43193.5,43193.45,43193.45,6.79519,48.177718646507515,-8.099141344908276,-3.2058295680571005,-4.893311776851175,25.490232301601143,43190.05098407333,43204.803513756386,49.06982006460021,19.494326844162046,15.802061852378042,5.129280223627627,43216.31248671748,43315.59556375068,43194.14971428571,-0.0011354494639974153,43204.6369100323,43180.102,43155.5670899677
2024-02-03 20:22:00,43193.46,43196.16,43193.45,43196.16,6.04679,50.553549003607785,-7.547328244938399,-4.07412930343336,-3.4731989415050384,24.659348492623433,43191.57823805499,43204.13862808282,55.539676710177446,18.35115607018804,14.866914577208638,18.119963697359825,43211.25228778008,43315.59507643365,43193.06819047618,-0.001484926249149322,43210.88383835509,43183.114,43155.34416164491
2024-02-03 20:23:00,43196.16,43196.19,43196.15,43196.19,5.7645,50.58364459078997,-7.026593443028105,-4.664622131352309,-2.361971311675796,23.885807666047207,43192.731178541246,43203.52719515338,42.53617313364521,17.842545415190678,13.807849250265225,40.29222791166996,43206.59690475767,43315.59461198706,43192.35304761905,-0.0017443778806606124,43210.80808656682,43189.54,43168.27191343318
2024-02-03 20:24:00,43196.18,43196.19,43196.18,43196.18,8.45571,50.571332492221615,-6.539332917956926,-5.039564288673233,-1.4997686292836931,23.167519755654997,43193.593383905936,43202.962026295434,5.304338664631359,14.033542722568905,12.822288589532139,62.833176116548756,43202.31395237706,43315.59393065877,43192.0298095238,-0.0019290125215756172,43197.74616933231,43195.094,43192.44183066768
2024-02-03 20:25:00,43196.18,43204.15,43196.18,43204.14,7.02186,59.895488141073464,-5.4480680288761505,-5.121265036713817,-0.32680299216233344,21.926971281201094,43196.23003792945,43203.052639657326,14.462675015252898,13.052016285844122,12.475696547422784,90.31161387854604,43153.06,43315.59340258528,43193.08066666666,-0.0020158501052674567,43204.45533750763,43197.224,43189.992662492376
2024-02-03 20:26:00,43204.14,43204.19,43204.14,43204.19,3.04197,59.952431744300874,-4.527013565595553,-5.002414742490164,0.4754011768946116,20.772149519935148,43198.22002844709,43203.140128914456,15.65404613908322,13.973635541011319,11.58814679403565,88.18979655157939,43154.0818,43315.59317392049,43194.2279047619,-0.0020292751752109452,43207.199023069545,43199.372,43191.54497693046
2024-02-03 20:27:00,43204.18,43206.33,43204.18,43206.32,4.94398,62.66254399276222,-3.583885270258179,-4.718708848043767,1.1348235777855882,19.537295159652377,43200.245021335315,43203.38473438258,17.33348229456169,14.507299664601694,10.913993451604636,98.39772340624101,43156.086128,43315.592809389265,43195.74847619048,-0.0019793501238021456,43210.07074114728,43201.404,43192.73725885272
2024-02-03 20:28:00,43206.33,43210.0,43206.32,43210.0,3.7762,67.25648940623984,-2.5105638392051333,-4.27707984627604,1.7665160070709067,18.175376066332262,43202.683766001486,43203.893600968535,18.106591296047554,11.559828967877099,10.397279633632897,118.1518198556469,43159.100760320005,43315.59254033945,43197.75447619047,-0.0018686288787256194,43213.21929564803,43204.166000000005,43195.11270435198
2024-02-03 20:29:00,43209.99,43210.0,43209.99,43209.99,1.30564,67.22951607912626,-1.6418297967684339,-3.750029836374519,2.108200039606085,16.910736908249298,43204.51032450111,43204.36255474019,10.499868583399802,6.611048763527297,9.655331088373549,110.10819117385068,43163.172699494404,43315.59244730565,43199.89257142857,-0.0017183286372213656,43212.1779342917,43206.928,43201.6780657083
2024-02-03 20:30:00,43209.99,43210.0,43161.34,43161.34,50.61008,20.120527582570332,-4.823399082073593,-3.9647036855143343,-0.8586953965592583,18.32511335064971,43193.71774337583,43201.053127452484,74.58851520548342,14.170447502825144,12.441378867775686,-201.0115197716664,43210.0,43315.58717989427,43195.549523809525,-0.0017645138873785208,43235.662257602744,43198.368,43161.07374239726
2024-02-03 20:31:00,43161.34,43161.35,43091.46,43111.37,56.17896,10.796143048502259,-11.247324885858689,-5.421227925583206,-5.826096960275483,21.284215900355644,43173.130807531874,43194.154425340756,155.43716830019548,30.883414034972255,16.54485180579167,-250.81413591676306,43210.0,43315.57943924021,43184.82723809524,-0.002162780812020424,43257.522584150094,43179.804,43102.0854158499
2024-02-03 20:32:00,43111.36,43118.87,43080.14,43102.66,42.76815,9.842118695209336,-16.846955360219,-7.706373412510365,-9.140581947708634,24.20363326943315,43155.513105648904,43187.11639262224,184.6011247037095,41.1273474336567,18.12950524823535,-168.70732906263814,43210.0,43315.57329547041,43173.60771428572,-0.0028149776064505835,43251.372562351855,43159.072,43066.771437648145
2024-02-03 20:33:00,43102.67,43103.69,43088.0,43103.68,25.53571,10.947972974787149,-20.960774616643903,-10.357253653337073,-10.60352096330683,26.914520826433694,43142.55482923668,43180.69820857439,168.4096554315911,47.10977654209409,17.955254873361564,-113.25189959774039,43202.2084,43315.56964493279,43163.10895238095,-0.003599195150692027,43222.01282771579,43137.808,43053.6031722842
2024-02-03 20:34:00,43103.68,43116.0,43094.0,43116.0,16.67268,24.39001213112826,-22.962191132450243,-12.878241149159706,-10.083949983290537,28.62051835274645,43135.91612192751,43175.72142329944,86.9315129697934,49.12566549488251,18.244165239550025,-72.9907649515288,43194.884296000004,43315.56740008608,43154.86933333333,-0.004375486474276887,43162.47575648489,43119.009999999995,43075.5442435151
2024-02-03 20:35:00,43116.0,43116.0,43108.72,43108.73,8.81483,22.03477364522719,-24.848518133359903,-15.272296545999746,-9.576221587360157,30.204658912894015,43129.11959144563,43170.56823689179,19.74858484978904,49.504758652408555,17.461010579582084,-55.46492570817287,43187.999638240006,43315.56617002346,43146.398380952385,-0.005137478137631937,43118.36229242489,43108.488,43098.6137075751
2024-02-03 20:36:00,43108.72,43108.73,43090.15,43090.16,7.22116,17.002230458208658,-27.524603183839645,-17.722757873567726,-9.801845310271919,32.059287054836815,43119.379693584226,43164.38298790012,33.91820295518846,49.64570615136933,17.540938395326346,-65.77731155401479,43181.5280599456,43315.56507189068,43136.258285714284,-0.005931121277513475,43121.20510147759,43104.246,43087.286898522405
2024-02-03 20:37:00,43090.16,43090.16,43081.4,43082.25,6.52025,15.224859658841183,-29.938577474858903,-20.165921793825962,-9.77265568103294,33.94576139906475,43110.09727018817,43158.065065753966,49.234423850037274,47.237146827652445,16.913728509946036,-82.00457553036323,43175.444776348864,43315.56404556021,43126.073047619044,-0.006736115256903113,43124.78121192502,43100.164000000004,43075.546788074986
2024-02-03 20:38:00,43082.26,43082.26,43082.25,43082.25,5.90806,15.224859658841183,-31.488687503726396,-22.430474935806053,-9.058212567920343,35.69748757584783,43103.13545264113,43152.23313761905,55.83429952984443,39.76680303707622,15.706319330664323,-96.5439790365727,43169.726489767934,43315.563115600286,43116.97295238095,-0.007501045564296829,43123.79514976493,43095.878000000004,43067.96085023508
2024-02-03 20:39:00,43082.26,43082.26,43082.25,43082.26,3.35116,15.240990017583158,-32.34351801062439,-24.413083550769723,-7.93043445985467,37.32409045428926,43097.91658948085,43146.850588571426,41.0691741846822,23.85305152725759,14.585153664188445,-100.58272728669195,43164.35130038186,43315.56258813587,43108.95923809524,-0.008191648090037166,43109.664587092346,43089.130000000005,43068.59541290766
2024-02-03 20:40:00,43082.26,43084.95,43043.1,43043.11,51.41874,8.04741375411686,-35.767746834993886,-26.684016207614558,-9.083730627379328,39.50725527032087,43084.21494211063,43138.8705432967,66.92252485260542,21.49715230438975,16.53264268817488,-174.3039216920489,43159.29862235895,43315.55313720099,43096.88628571429,-0.008963898697301036,43109.467262426304,43076.006,43042.5447375737
2024-02-03 20:41:00,43043.1,43043.11,43032.19,43042.49,12.36488,7.975873398524556,-38.09239623488247,-28.96569221306814,-9.12670402181433,41.680641384109514,43073.78370658297,43131.456655350805,77.31640682912257,25.374467690032066,16.131739639019408,-176.11293954613703,43150.00273257023,43315.550859421055,43086.26476190477,-0.009743081298559863,43105.130203414556,43066.471999999994,43027.81379658543
2024-02-03 20:42:00,43042.48,43042.49,43031.46,43032.51,11.3347,6.806992794314851,-40.27572671929374,-31.22769911431326,-9.048027604980483,43.708601545904365,43063.465279937234,43123.84537416997,85.37408513885748,29.43233755424727,15.767329664803652,-125.20303643052377,43138.22145931321,43315.54869513519,43075.87285714285,-0.010519654601465273,43099.211042569426,43056.524,43013.83695743057
2024-02-03 20:43:00,43032.5,43053.91,43030.0,43053.91,11.53647,32.32661662535388,-39.820208133372944,-32.9462009181252,-6.874007215247744,44.72313160366819,43061.07645995293,43118.46573000305,68.40127026224218,28.87475755607802,16.348948974460786,-70.6690317328828,43125.410084195624,43315.54665890442,43070.024666666664,-0.011143886529051615,43085.05663513112,43050.856,43016.65536486888
2024-02-03 20:44:00,43053.9,43053.91,43043.82,43045.68,11.83931,28.69971456818645,-39.666053023225686,-34.2901713391453,-5.375881684080383,45.6651952287346,43057.2273449647,43112.86682769513,27.426398045165115,25.72994721999319,15.901881190571,-51.184483747668246,43112.05267240824,43315.544503522506,43064.56561904762,-0.011654782177251119,43057.25319902258,43043.54,43029.82680097742
2024-02-03 20:45:00,43045.69,43061.1,43028.88,43044.68,24.73107,28.237772597927275,-39.17301351500646,-35.266739774317536,-3.906273740688924,46.83417903238927,43054.09050872352,43107.621687103194,27.46264396814513,21.65290436168814,17.067461105530295,-50.73312066490703,43100.56529827108,43315.53998458468,43060.07476190476,-0.012049638235869298,43057.58532198408,43043.85400000001,43030.122678015934
2024-02-03 20:46:00,43044.69,43087.62,43044.68,43068.69,18.52235,50.97368911049287,-36.42498525625706,-35.49838887070544,-0.926596385551619,46.0956660026962,43057.740381542644,43104.62694194141,47.77831823690212,19.25392605195198,18.915499597992582,51.43395329892852,43089.09565054771,43315.5369002242,43059.420380952375,-0.012217674676290018,43072.983159118456,43049.094000000005,43025.20484088155
2024-02-03 20:47:00,43068.69,43081.65,43065.79,43081.65,7.17079,59.32154738851631,-32.82302596228692,-34.96331628902174,2.140290326734821,45.40990390369548,43063.71778615698,43102.859484869,56.99911758280359,19.169960921909873,18.69724962670744,102.47039279780803,43028.88,43315.53576884878,43060.81752380952,-0.012144030468344023,43087.42155879141,43058.922000000006,43030.422441208604
2024-02-03 20:48:00,43081.65,43087.78,43081.64,43081.66,9.42474,59.327959750870676,-29.62612878368236,-33.89587878795387,4.269750004271508,44.37791462778123,43068.203339617736,43101.22875526369,65.80370966011833,19.086813498474054,17.800303224799723,135.31604195082465,43029.935399999995,43315.534281935354,43062.42580952381,-0.011887853395405778,43097.37385483006,43064.472,43031.57014516994
2024-02-03 20:49:00,43081.65,43081.66,43081.65,43081.65,4.48082,59.31673925250809,-26.784615281540027,-32.4736260866711,5.689010805131076,43.419638871575145,43071.5650047133,43099.72269716649,57.587257034814684,19.000250921533947,16.529567280171317,92.51705281054481,43032.24918399999,43315.53357498601,43064.359809523805,-0.011497201298947466,43100.459628517405,43071.666,43042.87237148259
2024-02-03 20:50:00,43081.65,43089.09,43074.6,43089.08,10.73673,65.18707923829855,-23.66041393049818,-30.710983655436518,7.050569724938338,42.025513648928964,43075.94375353497,43098.90402815369,26.35587244805356,20.59804792694264,16.383883903016077,81.8072924836291,43034.47041663999,43315.531934857674,43067.542380952385,-0.010977129029447006,43093.72393622403,43080.546,43067.368063775975
2024-02-03 20:51:00,43089.08,43107.47,43071.1,43071.11,13.21697,45.94580358500652,-22.376547755979118,-29.04409647554504,6.6675487195659215,39.619545264064364,43074.73531515123,43096.76602598802,22.934660853876267,19.51497933362794,17.8114636242294,66.1573343848475,43037.74759164159,43315.52975566902,43068.33923809524,-0.010452591665186521,43092.49733042694,43081.03,43069.56266957306
2024-02-03 20:52:00,43071.11,43080.14,43064.68,43080.14,13.20799,54.11315841874474,-20.395324425444414,-27.314342065524915,6.919017640080501,37.68075696508634,43076.08648636342,43095.48710091202,22.931289638669114,16.22193801066742,17.643501936784382,18.818008980249807,43043.325384310265,43315.527658453,43070.446190476185,-0.009886297250517557,43092.19364481934,43080.728,43069.26235518067
2024-02-03 20:53:00,43080.14,43080.14,43066.0,43069.42,13.13195,44.52846884681963,-19.4658152698903,-25.744636706397994,6.278821436507695,35.880453544606745,43074.419864772564,43093.481939303405,28.920026773412246,15.243148717284221,17.3932517984426,-18.196618302304472,43048.456953565445,43315.52547838832,43071.1439047619,-0.009345586043852933,43092.740013386705,43078.28,43063.81998661329
2024-02-03 20:54:00,43069.42,43078.93,43068.23,43078.92,11.76165,53.32087839886251,-17.757899945507233,-24.147289354219843,6.38938940871261,34.208743225589984,43075.54489857942,43092.36179012622,28.223513824341353,12.370754065153161,16.91516238426792,-29.93908176910885,43053.17799728021,43315.523601213885,43073.23057142858,-0.008783971549659575,43091.845756912175,43077.734000000004,43063.62224308783
2024-02-03 20:55:00,43078.93,43081.86,43070.68,43070.68,6.28514,45.769909792267114,-16.874742355801573,-22.692779954536192,5.81803759873462,32.45504390557806,43074.328673934564,43090.69396011651,18.08798973671219,6.869255217542196,16.505507928248804,-62.936088697944946,43057.5213574978,43315.522563175386,43073.877523809526,-0.008252641830235519,43083.09799486835,43074.054,43065.01000513164
2024-02-03 20:56:00,43070.69,43070.69,43070.68,43070.68,1.17425,45.769909792267114,-15.990505015084636,-21.35232496664588,5.361819951561245,30.826608822709847,43073.41650545092,43089.15442472293,18.3234987029864,6.616278705571515,15.327257361945462,-98.42043181708624,43061.51724889797,43315.52236924008,43074.256,-0.007748314947365386,43083.129749351494,43073.968,43064.80625064851
2024-02-03 20:57:00,43070.69,43070.69,43064.64,43064.64,4.91103,39.81799176994864,-15.597321856235794,-20.201324344563865,4.604002488328071,29.679367450480147,43071.22237908819,43087.26869974425,18.39913598030398,7.551051179468936,14.664596121806708,-129.2983728883831,43107.47,43315.52153814504,43073.46561904762,-0.007295978924929162,43080.067567990154,43070.868,43061.66843200985
2024-02-03 20:58:00,43064.64,43064.65,43064.64,43064.64,2.60568,39.81799176994864,-15.111525115185941,-19.18336449868828,4.07183938350234,28.614071890552566,43069.576784316145,43085.528030533154,21.007553995004855,7.988430837996087,13.617839255963517,-126.57478015654418,43106.6134,43315.52109718729,43072.573047619044,-0.006883666974317199,43080.4157769975,43069.912,43059.408223002494
2024-02-03 20:59:00,43064.65,43070.35,43064.64,43070.35,3.73359,48.86945812571836,-14.103205444960622,-18.16733268794275,4.064127242982128,27.147128774677697,43069.77008823711,43084.360489722916,11.630369078819058,7.590460718792807,13.052993594823205,-60.158110482113976,43105.773932000004,43315.520479736995,43072.261238095234,-0.006476574286612907,43074.013184539406,43068.198,43062.38281546059
2024-02-03 21:00:00,43070.35,43088.82,43066.13,43066.14,27.04361,43.130139192377115,-13.488331567205023,-17.231532463795205,3.7432008965901815,25.93577228108705,43068.862566177835,43082.95891359039,10.766345198790077,5.300364404394047,13.741351195193143,52.38513391354159,43104.95125336001,43315.5159306389,43071.14361904762,-0.0060968954739775705,43072.673172599396,43067.29,43061.906827400606
2024-02-03 21:01:00,43066.14,43066.14,43030.0,43034.15,26.14296,20.82707568206692,-15.40478842574521,-16.866183656185207,1.4613952304399973,25.421890861639675,43060.18442463338,43079.204381775744,52.340500696678646,12.692540440375183,15.341254681250733,-256.87166614375013,43104.145028292805,43315.51096909554,43065.78495238095,-0.005884952646389052,43086.15425034834,43059.984000000004,43033.813749651665
2024-02-03 21:02:00,43034.15,43057.12,43034.15,43057.12,9.32962,45.23048707034101,-14.898368147667497,-16.472620554481665,1.5742524068141677,24.944715257867113,43059.418318475036,43077.50558317761,51.57725340912293,12.11410126687916,15.886165061161478,-124.0329314220337,43101.17922716109,43315.50934306359,43063.94133333333,-0.0056789306578532445,43084.26862670456,43058.479999999996,43032.691373295434
2024-02-03 21:03:00,43057.11,43062.95,43057.11,43062.95,2.7568,49.93086471041189,-13.866746925275947,-15.951445828640521,2.0846989033645738,24.104413217281863,43060.30123885628,43076.38592293319,50.99900121806422,12.00474265333664,15.168581842506837,-21.130576124312423,43098.332058074644,43315.50887343375,43063.10876190476,-0.005448219281840803,43083.64150060904,43058.14200000001,43032.642499390975
2024-02-03 21:04:00,43062.94,43062.95,43053.52,43053.53,5.55462,42.80761036022973,-13.651924065277854,-15.491541475967988,1.8396174106901348,23.510927069474057,43058.60842914221,43074.62777501525,44.84403065461083,11.160172069686437,14.758683139470657,-41.41925916775407,43095.598775751656,43315.50789189832,43061.19828571429,-0.005242932498710858,43077.20001532731,43054.778000000006,43032.3559846727
2024-02-03 21:05:00,43053.53,43061.1,43044.0,43061.1,10.05517,49.724235945663025,-12.724163430619228,-14.938065866898237,2.2139024362790085,23.436231149933146,43059.231321856656,43073.58717693716,41.34637238482537,10.684490346349978,14.925920058079793,-39.113487262495795,43092.97482472159,43315.506166448205,43060.635714285716,-0.005018954599803528,43074.44318619241,43053.77,43033.096813807584
2024-02-03 21:06:00,43061.09,43067.6,43061.09,43067.59,7.14588,55.28733329450537,-11.334559931332478,-14.217364679785087,2.8828047484526085,22.885449811399866,43061.320991392495,43073.1258556343,19.318555980338715,10.399205608867774,14.324782911074239,49.33672365294746,43090.455831732725,43315.50497152256,43061.03380952381,-0.004752858083587744,43070.11727799017,43060.458,43050.79872200983
2024-02-03 21:07:00,43067.6,43081.11,43067.59,43081.1,5.81075,64.96991324119516,-9.038949669135036,-13.181681677655078,4.142732008520042,21.46741166836273,43066.26574354437,43073.739251354746,36.51055317315331,12.304485250937192,14.267298417426371,117.03190505977878,43088.037598463416,43315.5040528143,43063.35276190476,-0.004399450318690362,43083.50927658658,43065.254,43046.998723413424
2024-02-03 21:08:00,43081.1,43081.11,43061.51,43061.51,15.00655,47.18877508499346,-8.700121689704247,-12.285369680064914,3.585247990360667,20.50024585287386,43065.076807658275,43072.79853971208,36.872246650003945,12.265857969825104,14.648205673324384,52.95509606171753,43085.716094524876,43315.50148195312,43062.948476190475,-0.004082933009532445,43083.402123325,43064.966,43046.529876675
2024-02-03 21:09:00,43061.52,43073.1,43061.51,43073.1,7.99808,55.780681874951206,-7.410953082573542,-11.31048636056664,3.8995332779930987,19.60216330991991,43067.08260574371,43072.821728965,30.12752543592069,12.513307119559528,14.429762410943821,69.42694091066085,43083.48745074388,43315.50017429899,43064.25533333334,-0.003744216092992711,43083.94376271795,43068.87999999999,43053.81623728203
2024-02-03 21:10:00,43073.09,43073.13,43065.12,43065.13,9.76416,49.178402939049626,-6.952248868081369,-10.438838862069586,3.4865899939882166,18.7660035507659,43066.59445430778,43072.23005750615,27.36024000015459,12.478673209469118,13.971207953018888,44.07156673120096,43081.347952714124,43315.498525428695,43064.47647619048,-0.003433994662667259,43083.36612000008,43069.686,43056.005879999924
2024-02-03 21:11:00,43065.12,43065.13,43062.62,43062.63,5.66082,47.0808298977887,-6.713067516349838,-9.693684592925637,2.9806170765757987,18.15574245592143,43065.603340730835,43071.491591544145,29.632722671041847,7.8924158077407265,13.152550242088594,-18.21142162824091,43079.29403460556,43315.497559952695,43064.41714285714,-0.00316082012227179,43083.510361335524,43068.694,43053.87763866448
2024-02-03 21:12:00,43062.63,43062.63,43061.51,43061.52,3.03692,46.0346844763043,-6.537719534033386,-9.062491581147187,2.5247720471138013,17.6655964960835,43064.582505548125,43070.72454604076,17.4619920119585,7.545589186394562,12.29308236765336,-41.026490066307716,43077.32227322134,43315.49703972297,43064.22895238095,-0.0029230625237051705,43073.50899600598,43064.778,43056.04700399402
2024-02-03 21:13:00,43061.51,43061.52,43061.51,43061.52,1.48162,46.0346844763043,-6.325834709896299,-8.51516020689701,2.189325497000711,17.210460961948275,43063.816879161095,43070.01650403763,17.4560095390043,7.602429549766216,11.415719341392032,-60.32431215051083,43075.42938229249,43315.49678591963,43064.07047619048,-0.0027135401066727856,43073.508004769494,43064.77999999999,43056.05199523049
2024-02-03 21:14:00,43061.51,43061.52,43061.51,43061.51,2.9041,46.02141824820052,-6.088536517643661,-8.02983546904634,1.941298951402679,16.78783510882271,43063.24015937082,43069.3621575732,5.607841394055868,6.637021550117968,10.601025102720799,-81.98972707076804,43073.61220700079,43315.49628842561,43063.99476190475,-0.0025266825651801927,43065.26592069703,43062.462,43059.65807930297
2024-02-03 21:15:00,43061.51,43061.52,43052.53,43052.53,6.4921,35.11633364577587,-6.549587375375268,-7.733785850312126,1.1841984749368581,17.07719353236929,43060.562619528115,43068.06737622142,14.924006338202162,7.752403537929581,10.485951881097739,-133.59561442947458,43071.86771872076,43315.4951369664,43062.76580952381,-0.00239882032670884,43067.4040031691,43059.941999999995,43052.479996830894
2024-02-03 21:16:00,43052.54,43078.0,43052.53,43077.99,11.04541,64.07686700170589,-4.805173233988171,-7.1480633270473355,2.3428900930591645,15.882577582878033,43064.91946464608,43068.830654973615,33.02948520764767,8.793827668095968,11.556241032447984,89.79146356973465,43030.0,43315.493367611736,43064.75647619047,-0.002195851060738567,43079.52874260383,43063.014,43046.49925739618
2024-02-03 21:17:00,43078.0,43078.42,43077.99,43078.42,5.66863,64.39891875212862,-3.349405194618157,-6.3883317005615,3.0389265059433432,14.80738574385484,43068.29459848456,43069.568296898724,40.749447271984536,8.304806142047731,10.761509530130292,166.6176282461592,43030.96,43315.49246121305,43066.60571428571,-0.001945042700126914,43086.76872363599,43066.394,43046.01927636401
2024-02-03 21:18:00,43078.41,43084.0,43078.41,43083.99,7.03076,68.753274921609,-1.7263458453235216,-5.455934529513905,3.729588684190383,14.263330667471587,43072.218448863416,43070.67765867575,47.4567546807084,9.957055820155617,10.392115992263594,151.2292228966574,43032.8584,43315.49136343584,43069.05028571428,-0.0016439025808868113,43094.61637734035,43070.888,43047.159622659645
2024-02-03 21:19:00,43083.99,43084.0,43078.0,43078.01,9.55776,59.394216577318616,-0.9120817301154602,-4.547163969634216,3.6350822395187556,13.71947414773935,43073.66633664756,43071.24168493146,44.258183025493054,10.358550174388057,10.078393421387622,95.39901792488492,43035.926896,43315.48983256278,43070.40742857143,-0.0013458851168315104,43096.31709151275,43074.188,43052.058908487255
2024-02-03 21:20:00,43078.0,43078.01,43069.6,43069.61,6.60736,48.30937414261685,-0.9338168907925137,-3.8244945538658754,2.8906776630733617,13.028211152052958,43072.65225248567,43071.116170705965,18.38823136156134,10.301737800679303,9.959222462717326,26.49729432271574,43038.81128224,43315.48873683551,43070.48352380952,-0.001098225794532804,43086.79811568079,43077.60400000001,43068.409884319226
2024-02-03 21:21:00,43069.61,43069.61,43049.96,43049.97,13.31793,31.706654618772802,-2.506927721624379,-3.5609811874175765,1.0540534657931975,13.767721939695274,43066.98168936426,43069.489542190124,47.73693191638449,11.808288122520851,10.65142085823762,-92.19490144741782,43041.5226053056,43315.486351883796,43067.921714285716,-0.000981860425497849,43095.86846595819,43072.0,43048.13153404181
2024-02-03 21:22:00,43049.96,43061.1,43046.07,43061.1,7.88861,44.64405493899076,-2.8229897375495057,-3.4133828974439626,0.590393159894457,14.679981984327815,43065.51126702319,43068.844192790886,48.32313579334004,11.832670664362476,10.964176511220563,-84.35802566325471,43044.07124898727,43315.48499844172,43067.140380952376,-0.0009060669054350365,43092.69756789667,43068.536,43044.37443210333
2024-02-03 21:23:00,43061.09,43061.1,43061.09,43061.1,1.53189,44.644054938990756,-3.038445849888376,-3.3383954879328455,0.2999496380444695,15.52708059720089,43064.408450267394,43068.24848565313,37.58315640085493,11.856837762154647,10.18173533184781,-48.29407056858154,43046.07,43315.48473561833,43066.36295238096,-0.0008589413887685938,43082.749578200426,43063.958,43045.16642179957
2024-02-03 21:24:00,43061.09,43061.1,43061.09,43061.1,1.5585,44.644054938990756,-3.172624332772102,-3.3052412569006973,0.13261692412859505,16.313672166297316,43063.58133770055,43067.698602141354,24.97513029318361,11.880242073215044,9.45518280814454,-56.78208579977,43046.07,43315.484468230075,43065.699809523816,-0.0008313692021252837,43073.06356514659,43060.576,43048.08843485341
2024-02-03 21:25:00,43061.09,43061.1,43054.19,43054.2,3.13169,37.11247324226869,-3.7920220121523016,-3.402597407951018,-0.38942460420128366,17.483123314623683,43061.23600327541,43066.66024813049,18.458229960146127,11.657928610840823,9.273384036133946,-71.92550009194059,43048.3458,43315.48391636118,43064.15504761904,-0.000847747827559283,43066.72311498007,43057.494,43048.264885019926
2024-02-03 21:26:00,43054.19,43054.2,43054.19,43054.19,2.42771,37.101587771691285,-4.234888889019203,-3.569055704164655,-0.6658331848545478,18.569042238069592,43059.47450245656,43065.7009982743,13.530985375575256,11.718788786128272,8.611713747838289,-74.66828478963822,43050.485052,43315.483488533435,43062.68923809524,-0.0008912572914439608,43065.10349268779,43058.338,43051.572507312216
2024-02-03 21:27:00,43054.2,43054.2,43052.39,43052.39,4.38554,34.8910635884468,-4.677193263902154,-3.7906832161121553,-0.886510047789999,19.696107643384078,43057.703376842415,43064.677075330124,14.944388019968756,11.332979629760825,8.12587705156396,-82.19406468819997,43084.0,43315.48271036298,43061.053238095235,-0.0009574960903148516,43064.06819400999,43056.596000000005,43049.12380599002
2024-02-03 21:28:00,43052.39,43052.4,43052.35,43052.36,2.08339,34.8495366629474,-4.97281984519941,-4.0271105419296065,-0.9457093032698038,20.745437571376332,43056.36753263181,43063.72960799704,12.920961471521878,8.825825839138137,7.54902869073817,-85.7677696415813,43083.3678,43315.482340645605,43059.50019047619,-0.0010343830415197267,43061.30848073576,43054.848,43048.38751926424
2024-02-03 21:29:00,43052.36,43052.36,43052.27,43052.28,2.20404,34.717312250968206,-5.15414756735845,-4.2525179470153756,-0.9016296203430745,21.725768686503898,43055.34564947386,43062.84886892035,3.6313762414065422,6.140667768216232,7.016240927114285,-91.87393740951356,43082.127088,43315.48194939995,43058.02361904762,-0.0011134436985302202,43054.8996881207,43053.083999999995,43051.26831187929
2024-02-03 21:30:00,43052.28,43052.28,43040.0,43040.01,4.35665,20.442227894627607,-6.216280140935851,-4.645270385799471,-1.5710097551363802,23.447836977268306,43051.51173710539,43061.092032849556,20.671426015163888,6.423379223485863,7.392223718034609,-187.64159744127343,43080.33566272,43315.481139988995,43054.91342857143,-0.0012440347880020004,43060.58171300758,43050.246,43039.91028699242
2024-02-03 21:31:00,43040.0,43054.2,43040.0,43046.92,11.75692,37.74206550899441,-6.426369420616538,-5.001490192762884,-1.424879227853654,24.751112572737387,43050.363802829044,43060.00187647651,19.470614924750407,6.695773591078588,7.878493452460501,-103.4140383365339,43077.1088097024,43315.4790105151,43053.08628571428,-0.001369772653527064,43058.52730746238,43048.792,43039.056692537626
2024-02-03 21:32:00,43046.93,43046.93,43046.69,43046.69,6.23488,37.41708271181587,-6.536081882812141,-5.308408530772736,-1.227673352039405,25.961297054244394,43049.44535212178,43058.977885978326,18.194070616169483,6.4396777514846475,7.332886777284606,-86.55853840426656,43074.140104926206,43315.47788026809,43051.52847619048,-0.0014852265502230113,43056.74903530809,43047.652,43038.55496469192
2024-02-03 21:33:00,43046.7,43046.7,43041.16,43041.17,4.61652,29.981972677954573,-6.987895556812873,-5.644305935980763,-1.3435896208321099,27.445845341262675,43047.37651409133,43057.60804859538,17.731590274430346,6.4370981725005505,7.2048234360495345,-110.48703926714744,43071.408896532106,43315.47702621393,43049.5899047619,-0.0016109657927694347,43054.27979513722,43045.414000000004,43036.54820486279
2024-02-03 21:34:00,43041.16,43054.23,43041.16,43054.22,7.017,55.22367357128365,-6.221220850609825,-5.759688918906576,-0.4615319317032487,27.642847861743572,43049.0873855685,43057.34742947266,20.230975400292664,5.422111273507458,7.623764619188833,13.03248167478297,43068.896184809535,43315.475789840086,43049.74219047619,-0.0016758643122803739,43055.91748770015,43045.802,43035.68651229986
2024-02-03 21:35:00,43054.22,43054.23,43054.22,43054.22,1.5079,55.22367357128365,-5.549652680783765,-5.717681671282015,0.16802899049824926,27.825778773618683,43050.37053917637,43057.10685797477,19.98675595370878,5.424064240448954,7.079924289246919,95.46762758264023,43066.584490024776,43315.47552415426,43050.04104761905,-0.0016939421056800044,43058.637377976855,43048.644,43038.650622023146
2024-02-03 21:36:00,43054.23,43054.23,43041.9,43041.91,5.77872,37.07064977127232,-5.942245679565531,-5.7625944729387175,-0.17965120662681322,28.874080437459348,43048.25540438228,43055.9378688998,22.78168135994929,5.617093119264674,7.454929697157978,-47.555958270047306,43064.457730822796,43315.47445799709,43048.65809523809,-0.0017323988613110511,43059.032840679974,43047.642,43036.251159320025
2024-02-03 21:37:00,43041.91,43041.91,43035.39,43036.73,5.79113,31.79333787774253,-6.59533426060807,-5.929142430472588,-0.6661918301354817,30.2217765498601,43045.374053286716,43054.46034052289,28.87291792756878,6.4461814367337125,7.388149004504128,-163.30165998853954,43062.50111235697,43315.47336932753,43046.76723809524,-0.001802968563147822,43060.08645896379,43045.65000000001,43031.213541036224
2024-02-03 21:38:00,43036.73,43036.74,43036.73,43036.73,4.73925,31.79333787774253,-7.0318528439238435,-6.149684513162839,-0.8821683307610044,31.473208654232224,43043.21303996504,43053.09646817498,31.80276537789905,6.793650353092375,6.861138361324888,-135.50325488229277,43059.79000112128,43315.472478406315,43045.10847619047,-0.0018885017126414815,43060.66338268895,43044.762,43028.86061731105
2024-02-03 21:39:00,43036.73,43036.74,43034.05,43034.06,9.35419,28.75497556622507,-7.506710960842611,-6.421089802698794,-1.0856211581438169,32.790891168077295,43040.92477997378,43051.632124469215,28.836720163963037,7.087377246680919,6.5631999069441855,-116.05467829366987,43057.35000100915,43315.47070310559,43043.32580952381,-0.0019888094093454354,43055.148360081985,43040.73,43026.31163991802
2024-02-03 21:40:00,43034.05,43034.06,43027.63,43027.63,5.37624,22.532156748859038,-8.306138705316698,-6.798099583222375,-1.5080391220943232,34.36185806904935,43037.601084980335,43049.78580720235,18.597691415634472,8.632205628826268,6.553685627876765,-127.4458456218812,43054.554000888056,43315.469659463284,43040.87761904762,-0.0021199896094496935,43044.710845707814,43035.412,43026.11315429218
2024-02-03 21:41:00,43027.63,43027.64,43024.57,43024.58,3.82857,20.06101747953089,-9.081118975715071,-7.254703461720915,-1.8264155139941565,35.97397199912065,43034.34581373526,43047.84689895601,19.84968347621907,10.006821263665417,6.304850940171261,-125.57888186553501,43050.784640763726,43315.468908386094,43038.27571428571,-0.002275915246975453,43041.87084173811,43031.946,43022.021158261894
2024-02-03 21:42:00,43024.57,43039.78,43016.28,43017.0,17.1236,15.116736754908331,-10.1894810795784,-7.841658985292412,-2.3478220942859878,35.58036777867964,43030.00936030144,43045.47406057479,28.043953184896964,11.949385183200084,7.5330758730161715,-107.78409147456753,43046.59029824153,43315.46546164348,43034.92800000001,-0.0024716628865032743,43042.02197659245,43028.0,43013.97802340755
2024-02-03 21:43:00,43017.01,43017.01,43017.0,43017.0,3.12545,15.116736754908331,-10.94173650477751,-8.461674489189432,-2.480062015588077,35.21487814541298,43026.75702022608,43043.28374822288,26.089219504749053,13.336761919076043,6.995713310658019,-129.42916518449067,43041.134444558054,43315.464832542435,43031.91704761905,-0.0026808593780079425,43037.09860975238,43024.054000000004,43011.00939024763
2024-02-03 21:44:00,43017.01,43026.36,43017.0,43026.35,4.85188,40.962237531214434,-10.660549313630327,-8.90144945407761,-1.759099859552716,33.65541073001502,43026.65526516956,43041.981152205735,18.414347841244307,11.525649157191008,7.164590931325344,-66.83406990757632,43039.78,43315.46388653888,43030.488761904766,-0.0028424365674658697,43031.719173920625,43022.512,43013.30482607938
2024-02-03 21:45:00,43026.35,43033.71,43026.35,43031.87,3.25161,51.43765316416434,-9.878416336941882,-9.096842830650466,-0.7815735062914158,31.39925124038415,43027.95894887717,43041.203371266834,22.89089142846933,8.399472513290158,7.178548721945004,20.249248333155407,43035.549999999996,43315.463264658705,43029.92657142857,-0.0029345819980225625,43034.805445714235,43023.36,43011.914554285766
2024-02-03 21:46:00,43031.88,43031.88,43021.73,43021.74,2.70894,36.98569318006674,-9.961150713184907,-9.269704407157356,-0.6914463060275509,29.746817937483407,43026.40421165787,43039.706188861695,22.85751794069074,7.422848334472607,7.39079524180566,-32.151818272998796,43033.71,43315.46272806159,43028.157047619046,-0.0030164776965057307,43034.22075897035,43022.792,43011.363241029656
2024-02-03 21:47:00,43021.74,43021.74,43016.96,43016.96,4.17272,31.909226109773485,-10.29376424770453,-9.474516375266791,-0.8192478724377388,28.643075673851406,43024.0431587434,43037.95648202618,22.890019100246718,7.284090476463087,7.204309867390887,-108.71936191266491,43033.71,43315.46188806616,43025.98780952382,-0.003103786454421996,43034.22900955012,43022.784,43011.338990449876
2024-02-03 21:48:00,43016.96,43021.73,43016.96,43021.73,8.63989,41.52092265708417,-10.056538222066592,-9.590920744626752,-0.4656174774398405,27.61817214333598,43023.46486905755,43036.708291101095,20.1527752524853,6.145294194791713,7.030430591148972,-67.54413761869635,43031.88,43315.4601766085,43024.68514285714,-0.003163274534637598,43033.80638762624,43023.729999999996,43013.65361237375
2024-02-03 21:49:00,43021.72,43032.6,43021.72,43032.59,4.20889,57.79694731809709,-8.889748165260244,-9.450686228753451,0.5609380634932073,25.832639387590294,43025.74615179316,43036.39149947793,24.70722417300567,5.887205115700157,7.305399834638145,98.12338022959825,43016.28,43315.45937371055,43025.1399047619,-0.0031461235266685146,43037.3316120865,43024.977999999996,43012.62438791349
2024-02-03 21:50:00,43032.6,43032.6,43021.11,43021.11,5.80417,42.71592066698457,-8.790072215735563,-9.318563426149874,0.5284912104143107,24.109665328203896,43024.58711384487,43035.2159995181,20.790067205467494,5.768993910811851,7.6042998464495595,24.401338738491585,43016.6064,43315.45822156552,43024.270000000004,-0.003124304633786403,43033.221033602735,43022.826,43012.43096639727
2024-02-03 21:51:00,43021.11,43021.12,43018.03,43018.04,3.06099,39.41548960560316,-8.856707044848008,-9.226192149889501,0.3694851050414929,22.59942576389728,43022.950335383655,43033.89476878594,22.203373041789746,5.949566713493699,7.281849857417718,-68.6132465996798,43016.926272,43315.45760761623,43023.18885714286,-0.003108126114758562,43033.18768652089,43022.085999999996,43010.9843134791
2024-02-03 21:52:00,43018.03,43041.23,43018.03,43041.23,10.61815,64.36970541813318,-6.958068155465298,-8.77256735100466,1.8144991955393621,22.57037830033004,43027.520251537746,43034.459017340865,34.70882697915658,8.051126675042568,8.418860581888193,138.30053667282218,43017.23974655999,43315.455643984955,43025.377714285714,-0.0029851347532491674,43044.29441348958,43026.94,43009.585586510424
2024-02-03 21:53:00,43041.22,43041.23,43041.22,43041.22,4.1746,64.3559886502959,-5.392034060874721,-8.096460692978672,2.704426632103951,22.54340565558903,43030.945188653306,43034.979092930036,39.08030151031562,9.009242455338526,7.818227683182039,160.80222949359836,43018.03,43315.45487194913,43027.52238095239,-0.0027900787944964292,43050.37815075516,43030.838,43011.297849244846
2024-02-03 21:54:00,43041.23,43046.0,43033.14,43033.15,11.13666,53.34726003594373,-4.747397273815295,-7.426648009145998,2.6792507353307027,21.626173886571518,43031.49639148998,43034.83839347388,39.170804818553734,9.185808175616463,8.178354277240507,96.15936041984621,43018.03,43315.45275178853,43028.52285714286,-0.0025862886146906417,43050.535402409274,43030.95,43011.36459759072
2024-02-03 21:55:00,43033.15,43042.38,43033.14,43041.75,5.54897,61.720928417359474,-3.50219868253771,-6.641758143824341,3.1395594612866313,20.774458672483828,43034.05979361748,43035.37005551435,36.40208628629625,10.134907588932704,8.254186114580325,86.16519491703033,43019.7082,43315.45172758719,43030.61742857143,-0.0023413266344549308,43053.27904314315,43035.078,43016.87695685685
2024-02-03 21:56:00,43041.74,43041.75,43041.74,43041.75,0.8364,61.72092841735947,-2.4867046445579035,-5.810747443971054,3.3240427994131503,19.9835802594024,43035.98234521311,43035.86082047479,13.37302171671763,10.52078903077552,7.665315677824732,87.75376982833917,43021.285708,43315.45157320929,43032.54847619047,-0.0020747310034199846,43046.50651085836,43039.82,43033.13348914164
2024-02-03 21:57:00,43041.75,43046.42,43041.74,43046.37,9.55555,66.38794821059554,-1.294204134530446,-4.907438782082933,3.6132346475524866,19.692421356129085,43038.579258909835,43036.669218899806,17.11301393096801,10.28249886614216,7.452078843694415,97.67588747878101,43022.768565520004,43315.449839283916,43034.85980952381,-0.0017800774003398803,43049.40450696548,43040.848,43032.291493034514
2024-02-03 21:58:00,43046.37,43046.38,43046.37,43046.38,2.28998,66.39858902899866,-0.3443623772764113,-3.9948235011216284,3.650461123845217,19.422059517375292,43040.52944418238,43037.416202061366,19.321017306734575,9.993014762111933,6.920501783430154,93.17730644653618,43024.6606802784,43315.449423768834,43036.89276190476,-0.001475762619397014,43051.540508653365,43041.88,43032.21949134663
2024-02-03 21:59:00,43046.38,43061.1,43046.37,43061.09,5.55212,78.44436439141052,1.5771872886907659,-2.8804213431591497,4.457608631849915,20.376982929133128,43045.66958313678,43039.23726344126,28.47254195851565,12.538541011365929,7.478323084613423,158.87700405639166,43026.40142585613,43315.44847142202,43040.696285714286,-0.0011084129835432853,43061.70427097926,43047.468,43033.23172902074
2024-02-03 22:00:00,43061.09,43061.1,43049.44,43049.45,5.26265,58.52278438764585,2.136154265856021,-1.8771062213561156,4.013260487212136,21.263697525765398,43046.61468735259,43040.02285856116,26.089940696125268,11.115173893603071,7.777014292855052,111.65259418021563,43029.87128327051,43315.44752742517,43042.66952380952,-0.0007652745734213851,43062.052970348064,43049.008,43035.96302965194
2024-02-03 22:01:00,43049.45,43049.45,43034.78,43034.79,7.23163,42.29083911460146,1.3802890284205205,-1.2256271714007885,2.605916199821309,20.3015418815153,43043.65851551444,43039.62033097954,33.58564951842709,7.89042715446562,8.269370414793851,-62.07795971599811,43032.99415494346,43315.446158758496,43042.4241904762,-0.0005181349133767465,43064.408824759215,43047.616,43030.82317524079
2024-02-03 22:02:00,43034.78,43034.79,43034.78,43034.79,3.72142,42.29083911460146,0.7723571298192837,-0.826030311156774,1.5983874409760577,19.40811164042592,43041.44138663583,43039.24876705804,39.54271348367911,8.36461625696862,7.679415385165865,-103.59715320825433,43061.1,43315.44545444343,43042.00904761904,-0.00034491646477092727,43065.07135674184,43045.3,43025.52864325816
2024-02-03 22:03:00,43034.78,43034.79,43034.78,43034.79,2.17949,42.29083911460146,0.28725541861058446,-0.6033731652033023,0.8906285838138868,18.578497845128634,43039.778539976876,43038.905784976654,42.748053122108104,8.760733709473413,7.131600000511306,-95.83727141972939,43060.573599999996,43315.44504195531,43041.46952380953,-0.0002279899677906144,43064.35602656106,43042.982,43021.60797343895
2024-02-03 22:04:00,43034.78,43049.45,43034.78,43049.44,8.93458,60.9797219492724,1.0725773779777228,-0.2681830565670973,1.34076043454482,19.061881608507267,43042.19390498266,43039.71610920922,28.717819656259962,8.348032410295588,7.670057143331802,6.264183195243873,43060.057728,43315.443439284,43042.86238095238,-8.687005868333278e-05,43055.01090982813,43040.652,43026.29309017187
2024-02-03 22:05:00,43049.44,43049.45,43037.26,43037.27,6.88857,46.097956505821855,0.7048088005394675,-0.07358468514578434,0.7783934856852518,19.510737960216,43040.962928737,43039.52794696236,22.774406993179582,8.602117091626555,7.992910204522034,-31.44016819490557,43059.55217344,43315.442147103524,43042.36276190476,9.333870252233002e-06,43049.60320349659,43038.216,43026.82879650341
2024-02-03 22:06:00,43037.26,43037.27,43036.98,43036.98,4.08437,45.77849451967572,0.3855051139398711,0.018233274671346743,0.36727183926852436,19.889938854860524,43039.96719655275,43039.33195104218,21.975732385442825,8.845644603956739,7.442702332770003,-64.8638982713853,43059.056729971206,43315.44138015099,43041.641333333326,6.997922543816815e-05,43049.64186619272,43038.653999999995,43027.66613380727
2024-02-03 22:07:00,43036.99,43036.99,43022.01,43022.43,8.37144,32.301206727194,-1.0297385734520503,-0.19136109495333267,-0.8383774784987177,18.50623476444768,43035.58289741456,43038.03180096202,34.34648229381128,10.878767782558247,7.9810807375718555,-131.99788085712004,43058.571195371784,43315.439726059805,43039.02038095239,3.803014931157126e-05,43053.355241146906,43036.182,43019.008758853095
2024-02-03 22:08:00,43022.43,43022.44,43022.43,43022.43,1.37173,32.301206727194,-2.1268128177180188,-0.57845143950627,-1.548361378211749,17.2213666804929,43032.29467306092,43036.831662426484,40.998582780899596,12.070452657751986,7.4117178277454405,-148.27475327128246,43057.108747556915,43315.439455025,43036.57838095237,-5.4651299328104724e-05,43054.20929139045,43033.71,43013.21070860955
2024-02-03 22:09:00,43022.44,43022.44,43007.44,43010.01,28.29252,23.718136661826676,-3.952875968432636,-1.2533363452915434,-2.6995396231410926,17.278268281790808,43026.72350479569,43034.76845762445,41.12763759694644,12.183710283304391,7.953737982906481,-164.76610933680175,43055.70479765464,43315.43362797625,43032.58247619048,-0.00024029369537028206,43046.387818798474,43025.824,43005.26018120153
2024-02-03 22:10:00,43010.0,43022.43,43010.0,43022.43,9.68346,42.160922210199736,-4.347735975759861,-1.8722162713852069,-2.475519704374654,17.33110548299601,43025.65012859677,43033.8193454995,34.17842615459813,11.140322389518362,8.273470984127467,-89.84629460206901,43052.80890979536,43315.431714747814,43030.54485714286,-0.0004234034314323151,43039.945213077306,43022.85600000001,43005.76678692271
2024-02-03 22:11:00,43022.42,43029.92,43022.42,43029.91,4.07679,50.7639221706731,-4.0108572239478235,-2.2999444618977303,-1.7109127620500932,16.566308494873226,43026.71509644757,43033.518626614925,25.632857945471187,11.039700914301052,8.21822305668979,-16.567602136752484,43050.086775207645,43315.43092983837,43029.68857142857,-0.0005621771197996475,43034.25842897274,43021.442,43008.62557102727
2024-02-03 22:12:00,43029.92,43034.16,43029.91,43034.15,3.52509,55.28769818987677,-3.3629794870648766,-2.5125514669311597,-0.8504280201337169,15.432801421531058,43028.57382233568,43033.56719379839,32.90575655375142,11.010973549129808,7.934778552640521,26.482209610921757,43047.52796869518,43315.43026123042,43029.55438095238,-0.0006449468074719516,43040.23887827688,43023.78600000001,43007.33312172313
2024-02-03 22:13:00,43034.15,43040.76,43034.15,43035.17,8.36222,56.44298888768018,-2.7356908956426196,-2.557179352673452,-0.1785115429691677,14.893743760269567,43030.22286675176,43033.69048658313,37.25229461777781,11.030041636345576,7.84015151316624,72.64576932753178,43045.12269057347,43315.428680922545,43029.67266666667,-0.0006807529583614458,43044.960147308884,43026.333999999995,43007.70785269111
2024-02-03 22:14:00,43035.18,43035.18,43029.92,43029.92,3.62074,48.67496929493684,-2.6318529291893356,-2.572114067976629,-0.05973886121270677,13.96501345067142,43030.14715006382,43033.40044915366,17.957416689416277,8.691023507997974,7.655854976511654,44.776119402932515,43042.86172913906,43315.42798385608,43029.33780952381,-0.0007060546874401525,43039.294708344714,43030.316000000006,43021.3372916553
2024-02-03 22:15:00,43029.92,43029.93,43024.31,43024.32,4.58998,41.38460695996886,-2.967229417823546,-2.6511371379460127,-0.3160922798775334,13.367507156592813,43028.690362547866,43032.70195306492,15.369591215930996,8.113481624123056,7.510436763903867,-0.2571621925802231,43040.76,43315.42708286375,43028.44228571428,-0.0007472678199707993,43038.37879560797,43030.694,43023.00920439204
2024-02-03 22:16:00,43024.32,43035.21,43024.31,43034.59,7.38992,55.915517700067916,-2.3769149354848196,-2.5962926974537743,0.21937776196895475,12.535813333924267,43030.1652719109,43032.847187444546,16.395490542025073,7.808956727810224,7.7525484236251225,53.111070744860484,43038.760800000004,43315.4256834433,43029.01580952381,-0.0007493019479454148,43039.827745271,43031.62999999999,43023.43225472898
2024-02-03 22:17:00,43034.59,43034.6,43027.93,43027.94,3.41215,46.884391953438325,-2.417814814732992,-2.560597120909618,0.1427823061766258,11.763526212874904,43029.60895393317,43032.469711487276,16.351798866016907,7.680380608162605,7.675223536223203,31.509349955480644,43036.881552000006,43315.425021992785,43028.70457142858,-0.0007537180330560823,43038.56389943301,43030.388,43022.21210056699
2024-02-03 22:18:00,43027.94,43027.94,43027.93,43027.94,1.56074,46.884391953438325,-2.422305434491136,-2.5329387836259216,0.11063334913478551,11.046402457614784,43029.19171544988,43032.1212721421,13.41369621703052,7.504799697978689,7.127707569350262,-21.856010567982782,43035.21,43315.42471944196,43028.45857142858,-0.0007580682939509405,43035.64884810852,43028.942,43022.23515189149
2024-02-03 22:19:00,43027.94,43027.94,43027.93,43027.94,1.46863,46.884391953438325,-2.398219105984026,-2.5059948480975427,0.10777574211351659,10.380501827730384,43028.87878658741,43031.79963582348,13.32554892738699,4.269979137495655,6.619299885825389,-59.7400096292956,43034.6,43315.42443474731,43028.41733333334,-0.0007607071934651287,43035.20877446369,43028.545999999995,43021.8832255363
2024-02-03 22:20:00,43027.93,43027.94,43021.1,43021.11,4.93036,36.43911132443873,-2.8968612234748434,-2.5841681231730034,-0.31269310030184005,10.298277078141998,43026.93658994055,43030.97735614476,17.051911747301347,4.523338203330719,6.6350641796952745,-140.1919178267413,43032.9704,43315.423456292236,43027.55428571428,-0.000791598545291693,43036.429955873646,43027.903999999995,43019.378044126344
2024-02-03 22:21:00,43021.1,43021.11,43020.73,43020.73,5.69528,35.905049550612645,-3.2848359739437,-2.724301693327143,-0.5605342806165572,10.26239987920586,43025.384942455414,43030.189097979775,13.7647276155476,5.257507822580786,6.188273881145426,-142.40988909434435,43031.438576,43315.422324583684,43026.79171428571,-0.0008402690769987451,43032.01436380777,43025.132,43018.249636192224
2024-02-03 22:22:00,43020.74,43020.74,43020.25,43020.25,2.20049,35.12472453310879,-3.5896613656295813,-2.8973736277876307,-0.6922877378419505,10.284792787495345,43024.10120684156,43029.424551981334,14.235786398421624,5.398387584151593,5.781254318206321,-118.64033029945287,43029.998661440004,43315.42188661464,43025.98133333334,-0.0008992973725077505,43030.711893199215,43023.594000000005,43016.476106800794
2024-02-03 22:23:00,43020.26,43021.11,43020.25,43021.1,9.04798,37.9885769424393,-3.7197705885701,-3.0618530199441247,-0.6579175686259751,10.24930191187597,43023.35090513117,43028.78420182893,11.49688020409667,4.833846485600063,5.429736152620197,-85.07279902032238,43028.6451417536,43315.420090971944,43025.30504761905,-0.0009571150166404966,43027.97444010205,43022.226,43016.477559897954
2024-02-03 22:24:00,43021.1,43021.11,43021.1,43021.11,3.2412,38.027198951721516,-3.7785197451448767,-3.2051863649842756,-0.5733333801606011,10.216346098800836,43022.79067884838,43028.193878611324,1.3524313190282555,4.758020324104013,5.042612141718899,-63.51755041072455,43027.37283324839,43315.41944775754,43024.524476190476,-0.0010097233965589939,43021.536215659515,43020.86,43020.18378434049
2024-02-03 22:25:00,43021.11,43021.11,43021.06,43021.06,2.06601,37.885623207882226,-3.7854768365286873,-3.3212444592931583,-0.464232377235529,10.191496435320827,43022.35800913628,43027.645118718145,1.3249416866456158,4.896833632849158,4.685996988739185,-54.04248930271549,43026.17686325349,43315.419037690765,43023.74980952381,-0.0010548370703456814,43021.51247084332,43020.85,43020.187529156676
2024-02-03 22:26:00,43021.06,43027.97,43016.14,43027.97,6.47848,61.596736191748974,-3.1965631407583714,-3.2963081955862013,0.0997450548278298,9.869378413335905,43023.76100685221,43027.67010958598,11.41859038695111,3.6519805382896493,5.196282918115082,26.227472564452338,43007.44,43315.417782018616,43023.980761904764,-0.0010595691933528509,43028.00729519347,43022.297999999995,43016.58870480652
2024-02-03 22:27:00,43027.97,43028.0,43027.96,43028.0,2.37518,61.67295980699199,-2.696342289193126,-3.1763150143075864,0.47997272511446054,9.574756537074693,43024.82075513916,43027.69548577168,13.511602657454205,3.659734305295735,4.827976995392638,133.38912694135365,43007.850600000005,43315.4173217072,43024.27457142857,-0.0010348392388303672,43030.603801328725,43023.848,43017.09219867127
2024-02-03 22:28:00,43028.0,43040.63,43027.99,43040.63,7.32537,80.86261879982354,-1.2661824506212724,-2.794288501570324,1.5281060509490514,10.862842999592834,43028.77306635437,43028.690448404624,28.55736147199059,6.433882589966726,5.385978638578836,226.94261906366435,43008.65657600001,43315.41596443893,43026.320666666674,-0.0009320873748542714,43042.032680735996,43027.754,43013.475319264006
2024-02-03 22:29:00,43040.62,43040.76,43040.62,43040.76,2.19262,80.9802407130015,-0.12088705059431959,-2.2596082113751232,2.1387211607808037,12.072184458130858,43031.76979976578,43029.618875450426,31.119881974576856,8.138446252190414,5.011265878680306,162.33116354763243,43010.574981440004,43315.415558378,43028.28209523809,-0.000779069045993559,43047.24394098728,43031.683999999994,43016.124059012705
2024-02-03 22:30:00,43040.75,43041.1,43034.41,43034.41,13.08896,59.53286594462497,0.2712490839039674,-1.7534367523193053,2.0246858362232727,12.131215297428557,43032.42984982434,43029.987423492705,22.73724024639523,8.286539061511684,5.131175458774217,86.62055123471939,43012.98978292481,43315.41307835896,43029.24028571429,-0.0006262499164291311,43045.722620123204,43034.35400000001,43022.98537987681
2024-02-03 22:31:00,43034.41,43034.42,43027.86,43027.87,5.05484,44.851732921254566,0.053677689749747515,-1.3920138639054949,1.4456915536552424,11.28619112951949,43031.28988736825,43029.8245447625,22.827471476761275,7.92850025430104,5.233234354575892,13.45000643410249,43015.80080463232,43315.41209831892,43029.3281904762,-0.0005085919407798904,43045.74773573838,43034.334,43022.92026426162
2024-02-03 22:32:00,43027.86,43039.02,43027.86,43039.01,8.50587,63.33399333516352,0.7712650283574476,-0.9593580854529065,1.730623113810354,11.040577551957012,43033.21991552619,43030.53111824231,19.623912299764925,8.026743953742363,5.656574757820201,53.58235799421675,43018.33072416909,43315.41051309335,43030.902095238096,-0.00036798788300501244,43046.34795614988,43036.536,43026.72404385012
2024-02-03 22:33:00,43039.02,43066.32,43039.01,43066.32,20.16694,81.53700236164279,3.503263484199124,-0.06683377152250047,3.5700972557216244,13.06216237453775,43041.494936644645,43033.28410914675,52.41904094675556,13.324749930386501,7.203247989404306,199.26101475807792,43020.60765175219,43315.4071260381,43036.01190476191,-9.337471007431643e-05,43067.88352047338,43041.674,43015.46447952662
2024-02-03 22:34:00,43066.31,43082.67,43066.31,43082.66,6.02397,86.38867568959591,6.907270667732519,1.3279871163285035,5.579283551404015,15.721908161760837,43051.78620248348,43037.08225459701,83.64818715010188,19.243615091756936,7.857301704446897,206.01738912865,43026.09313354192,43315.406180692844,43042.934857142856,0.0003335640343565333,43091.87809357505,43050.054,43008.229906424946
2024-02-03 22:35:00,43082.66,43082.67,43072.0,43080.48,15.16536,82.9010100200162,9.321609393657127,2.9267115717942285,6.394897821862898,18.191672107039416,43058.95965186261,43040.42054270493,88.41875392240763,21.490079613197107,8.058208725557709,130.6649175527038,43034.01389484605,43315.403778526794,43048.98095238095,0.0008336537942998536,43103.4773769612,43059.268,43015.05862303879
2024-02-03 22:36:00,43080.48,43087.52,43080.48,43087.51,6.98344,85.21139943599405,11.667753872447065,4.674920031924796,6.992833840522269,20.692714548285057,43066.09723889696,43044.04280865071,70.27890731075604,23.812545376732235,7.985479530874557,112.26194324131943,43040.8257495676,43315.402705479864,43055.395333333334,0.0013915326062683472,43106.33545365538,43071.196,43036.056546344626
2024-02-03 22:37:00,43087.51,43104.68,43087.51,43104.68,13.1844,89.40655562946081,14.742622009704064,6.68846042748065,8.054161582223415,23.624366992851407,43075.74292917272,43048.70720798527,49.51626428110467,27.07441517919729,8.641516707240536,117.1266477557195,43048.29682963678,43315.40083227757,43063.458476190484,0.0020393547785067224,43109.088132140554,43084.33,43059.57186785945
2024-02-03 22:38:00,43104.67,43104.68,43081.1,43081.11,9.79182,60.932890640735735,15.103471723967232,8.371462686777967,6.732009037189265,25.557371131324455,43077.08469687954,43051.19973044795,36.15371024192427,26.809476134690076,9.70855122815205,69.48069617840589,43058.445800302165,43315.399285496576,43067.58295238095,0.0026086105117687536,43105.36485512096,43087.288,43069.21114487904
2024-02-03 22:39:00,43081.1,43081.11,43081.1,43081.1,1.67914,60.92301245835582,15.21327167988784,9.739824485399943,5.473447194487896,27.35230354562086,43078.08852265965,43053.49975118273,36.87176063422521,25.861824837731838,9.015797568998478,36.868222521693546,43066.76795624777,43315.399020239194,43071.13466666667,0.003095615120771511,43105.411880317115,43086.976,43068.54011968289
2024-02-03 22:40:00,43081.1,43095.45,43081.1,43095.44,9.26589,69.446489145187,16.269858292871504,11.045831246894256,5.224027045977248,29.549376340387937,43082.42639199474,43056.72592416868,36.20090888593404,24.05744136499166,9.396812028355624,66.69096473365249,43073.59212412317,43315.39764608388,43076.02657142857,0.0035656125422450467,43108.06845444297,43089.968,43071.867545557034
2024-02-03 22:41:00,43095.45,43095.45,43093.34,43093.34,2.54235,66.8828217610149,16.744735459251388,12.185612089365682,4.559123369885706,31.589515364100226,43085.15479399606,43059.542391540315,36.13591692665068,18.09035978725211,8.876325454901693,78.54739539640981,43079.187941781,43315.39726545019,43079.9959047619,0.003987504545061867,43109.20195846332,43091.134,43073.06604153667
2024-02-03 22:42:00,43093.34,43093.35,43093.34,43093.34,0.95172,66.8828217610149,16.925967023118574,13.133683076116261,3.7922839470023124,33.483930171833066,43087.20109549705,43062.14220757568,25.53222928388277,10.652916997187502,8.243016493837432,61.5840961771974,43081.1,43315.39712296161,43083.342952380954,0.00435123377311959,43101.632114641936,43088.865999999995,43076.09988535805
2024-02-03 22:43:00,43093.35,43093.35,43092.95,43092.95,3.72984,66.22898805257081,16.84395794041484,13.875738048975979,2.96821989143886,35.185563375144845,43088.638321622784,43064.512037762164,20.56820877289283,8.024938178145788,7.682801029992006,48.11080750027174,43085.3444,43315.39656356248,43086.13599999999,0.004650083552311258,43101.51810438644,43091.234,43080.94989561355
2024-02-03 22:44:00,43092.95,43092.96,43092.92,43092.93,1.83626,66.18916942516084,16.58615643185476,14.417821725551736,2.1683347063030247,36.76091704983499,43089.71124121709,43066.698034857385,3.7489982723927824,7.738344388242692,7.136886670706924,34.07243779448396,43088.824808000005,43315.3962881376,43088.42933333333,0.0048834400437299365,43095.474499136195,43093.6,43091.7255008638
2024-02-03 22:45:00,43092.93,43092.96,43081.15,43092.96,8.76543,66.22572021514723,16.197552327634185,14.773767845968226,1.4237844816659582,36.526444566467255,43090.52343091281,43068.718186022204,0.771707239196985,6.94666542550622,7.4706804799419775,-44.581339145982405,43104.68,43315.39497357718,43090.16933333334,0.005053479759723828,43093.4898536196,43093.104,43092.7181463804
2024-02-03 22:46:00,43092.95,43095.0,43075.81,43075.82,8.60181,38.035410579319695,14.341209484409774,14.687256173656536,-0.3460466892467622,35.65315427256983,43086.84757318461,43069.264479405116,27.56676165567478,8.50766853320034,8.30777473137486,-131.15235679003294,43104.2094,43315.39358416705,43089.004095238095,0.005086145971436717,43103.383380827836,43089.6,43075.81661917216
2024-02-03 22:47:00,43075.81,43075.82,43075.81,43075.82,1.29012,38.035410579319695,12.723377234200598,14.29448038576535,-1.5711031515647527,34.84224185680793,43084.09067988846,43069.76875022011,33.56129694003903,7.992267755748271,7.7150765362768015,-146.82405345205711,43103.073424,43315.393375781394,43087.48828571428,0.005015451543273501,43102.876648470025,43086.096000000005,43069.315351529985
2024-02-03 22:48:00,43075.82,43075.82,43075.81,43075.81,0.7199,38.021813123586504,11.310051371678128,13.697594582947907,-2.3875432112697794,34.0892517564576,43082.02050991634,43070.23346174164,33.56456530945434,8.613301695831522,7.164713926542889,-122.47892600693135,43101.98288704,43315.393259495395,43085.880666666664,0.004868716751054079,43099.450282654725,43082.668,43065.88571734527
2024-02-03 22:49:00,43075.82,43075.83,43075.81,43075.83,2.81987,38.07494402626186,10.075450751515746,12.973165816661474,-2.8977150651457286,33.390916108638756,43080.47288243726,43070.663964684594,27.4240107301448,9.15524042372077,6.654377217504403,-89.26576790789042,43100.9359715584,43315.39280403874,43084.34095238095,0.004667933698929703,43092.96000536507,43079.248,43065.53599463493
2024-02-03 22:50:00,43075.83,43088.17,43075.82,43083.03,8.38332,54.810203763227456,9.567710086121224,12.292074670553426,-2.7243645844322018,33.69430581825226,43081.11216182794,43071.615198170395,11.53602551111544,8.622941074568125,7.061207416253985,-21.170414719683716,43099.930932696065,43315.391490696384,43083.805523809526,0.00446312065755409,43083.03001275556,43077.262,43071.493987244445
2024-02-03 22:51:00,43083.02,43083.03,43079.36,43079.36,4.80283,47.03515006471002,8.76811030456156,11.587281797355052,-2.819171492793492,33.97602483432194,43080.67412137096,43072.21095215729,11.51046604484145,8.279980240299183,6.818978315092862,-28.877419354820724,43098.96609538822,43315.39072640132,43082.823428571435,0.004239042928669079,43083.72523302242,43077.97,43072.21476697758
2024-02-03 22:52:00,43079.37,43079.37,43071.1,43071.11,6.20928,34.017913804319676,7.383602096160757,10.746545857116194,-3.362943760955437,33.05545722826527,43078.28309102822,43072.12626352981,15.940254847431788,8.412708409693371,6.922622721157948,-93.18739937224456,43098.03985157269,43315.38970376192,43080.982476190475,0.0039659883724726735,43084.998127423714,43077.028,43069.05787257628
2024-02-03 22:53:00,43071.1,43071.11,43068.89,43068.9,1.47492,31.23877745998226,6.038433532929048,9.804923392278765,-3.7664898593497167,31.911013932974384,43075.937318271164,43071.87808941214,20.741062958477414,8.231122612410179,6.586721098218177,-125.78299078421959,43096.42346047833,43315.38945865313,43078.9420952381,0.0036540929150236574,43086.01653147923,43075.64599999999,43065.275468520755
2024-02-03 22:54:00,43068.9,43068.9,43068.89,43068.89,1.62403,31.224926095129703,4.914914760789543,8.82692166598092,-3.9120069051913777,30.848316587347135,43074.175488703375,43071.64823638044,23.352044122380903,7.208683153059085,6.116955305488453,-128.76784769963078,43094.22078364006,43315.38918875418,43077.016571428576,0.0033224034519082437,43085.93402206119,43074.258,43062.58197793881
2024-02-03 22:55:00,43068.89,43068.9,43068.89,43068.9,1.71264,31.261500715921613,3.9794523067103,7.857427794126798,-3.8779754874164976,29.861526194978975,43072.85661652753,43071.436833581945,16.2225190642057,4.8166426213577545,5.680744212239424,-99.79366819262736,43092.19432094886,43315.388904141255,43075.34523809524,0.002985267168055779,43079.5432595321,43071.432,43063.3207404679
2024-02-03 22:56:00,43068.9,43068.9,43068.89,43068.9,5.14491,31.261500715921613,3.2011902437516255,6.926180284051764,-3.7249900403001384,28.945220830637112,43071.86746239565,43071.24169253718,3.5400266748620197,5.071837879637604,5.275691054222468,-77.87656903765802,43090.32997527295,43315.38804914479,43073.90666666667,0.002653141217567064,43071.110013337435,43069.340000000004,43067.56998666257
2024-02-03 22:57:00,43068.9,43068.9,43068.89,43068.89,1.14128,31.23757920380227,2.5541622429300332,6.051776675827417,-3.497614432897384,28.094365849462527,43071.123096796735,43071.060793111246,0.018244823746499605,5.21458814092217,4.899570264635295,-62.213195740399264,43088.61477725112,43315.38785947659,43072.699523809526,0.0023334179575860156,43068.905122411874,43068.896,43068.88687758813
2024-02-03 22:58:00,43068.9,43068.9,43065.15,43065.16,5.06047,23.268101862051637,1.7205743534796056,5.185536211357856,-3.46496185787825,26.670135021428255,43069.63232259755,43070.606885948844,5.976022498158272,5.638609120699605,4.817458102875632,-81.95318805485122,43087.03679507103,43315.38700575974,43071.22419047618,0.0020142695232737155,43071.13601124908,43068.148,43065.15998875092
2024-02-03 22:59:00,43065.15,43065.16,43065.15,43065.15,1.75376,23.24901961438883,1.0470730229571927,4.357843573677724,-3.310770550720531,25.347634966825005,43068.51174194816,43070.18712549124,7.332161272322992,5.819435781870059,4.474068238384661,-105.43782173583568,43084.848115563924,43315.386709884566,43070.011999999995,0.001705242197077904,43071.06608063616,43067.4,43063.73391936384
2024-02-03 23:00:00,43065.15,43093.04,43065.15,43093.03,19.5449,79.49883592470928,2.731514168299327,4.032577692602045,-1.3010635243027178,26.718016672639077,43074.64130646112,43071.94426968422,42.14245190733345,8.424913420894583,6.146634792785716,239.12200988906056,43065.15,43315.3837799036,43072.78200000001,0.0015393801489906893,43093.29722595367,43072.226,43051.154774046336
2024-02-03 23:01:00,43093.04,43093.04,43082.11,43082.16,9.54647,59.19979913296214,3.1529821406511473,3.8566585822118657,-0.7036764415607184,27.990513970895,43076.52097984584,43072.73009509314,44.08908305548539,8.74351883993363,6.488303736158186,161.76028837486015,43065.15,43315.38227885777,43073.938761904756,0.0014242471494945045,43096.92254152774,43074.878,43052.833458472254
2024-02-03 23:02:00,43082.15,43093.04,43082.15,43086.27,10.23959,63.43587185713071,3.775123917948804,3.8403516493592535,-0.06522773141044969,29.172118604989794,43078.958234884376,43073.771626239824,45.288794337640866,9.801334689705783,6.8027106121468455,113.55118184388525,43065.15,43315.38069722284,43075.58314285714,0.001363900542313806,43100.99839716883,43078.35400000001,43055.709602831186
2024-02-03 23:03:00,43086.27,43091.71,43086.27,43091.71,7.3307,68.61198009595923,4.653495693128207,4.002980458113044,0.6505152350151624,30.269322908077815,43082.14617616328,43075.15150114445,40.17089509060315,11.14204970787015,6.705374139850809,98.15003334857681,43065.707800000004,43315.37959180186,43077.85323809524,0.0013648527753911453,43103.749447545306,43083.664000000004,43063.5785524547
2024-02-03 23:04:00,43091.71,43091.71,43091.7,43091.71,3.12614,68.61198009595923,5.288647417924949,4.260113850075426,1.0285335678495233,31.288155475230976,43084.53713212246,43076.42523182565,16.508393386466196,11.859240959273158,6.2271331298616115,86.93355209186238,43066.254444000006,43315.37912040398,43079.972095238096,0.0014041607577578096,43097.230196693235,43088.976,43080.72180330677
2024-02-03 23:05:00,43091.71,43091.71,43091.7,43091.71,2.67504,68.61198009595924,5.726003926887643,4.55329186543787,1.172712061449773,32.234214287587484,43086.33034909184,43077.600983223674,15.580096412129933,12.066124735105355,5.783052192014499,73.55250245338375,43066.790155120005,43315.3787170301,43082.0082857143,0.0014647298659056299,43096.502048206065,43088.712,43080.921951793935
2024-02-03 23:06:00,43091.71,43091.71,43082.16,43082.17,5.05536,48.014511315421196,5.242382913369511,4.691110075024198,0.5512728383453132,31.310966212310955,43085.29026181888,43077.95244605262,15.566641648445511,11.361556256230921,6.05211989258458,20.57509981382361,43067.3151520176,43315.37792221363,43082.654857142865,0.001490816180985302,43096.49732082422,43088.714,43080.93067917578
2024-02-03 23:07:00,43082.17,43082.17,43082.16,43082.17,1.08583,48.014511315421196,4.803735305482405,4.713635121115839,0.09010018436656608,30.453664428125613,43084.510196364165,43078.27687327934,18.694504332524957,10.422752062648005,5.620539900256736,-33.31413763314531,43067.829648977255,43315.3777514974,43083.19609523809,0.0014897691530362796,43097.241252166255,43087.89399999999,43078.54674783373
2024-02-03 23:08:00,43082.17,43082.17,43082.16,43082.17,1.62216,48.014511315421196,4.405322104939842,4.65197251788064,-0.2466504129407987,29.657598485667794,43083.92514727313,43078.57634456555,18.69450433421298,8.346487318281882,5.219787050238024,-95.94074388725193,43068.33385599771,43315.37749645883,43083.61095238096,0.0014676803713310914,43095.3332521671,43085.986,43076.63874783289
2024-02-03 23:09:00,43082.16,43082.17,43082.16,43082.17,3.27421,48.014511315421196,4.042971909584594,4.530172396221431,-0.4872004866368371,28.91839439624268,43083.486360454845,43078.852779598965,15.263998308611917,4.9210434185046195,4.847659403792076,-87.78156996584376,43068.82797887776,43315.376981684036,43083.89933333334,0.001429578050007033,43091.7099991543,43084.077999999994,43076.44600084569
2024-02-03 23:10:00,43082.17,43082.17,43082.16,43082.17,1.32013,48.014511315421196,3.7130055524321506,4.366739027463575,-0.6537334750314248,28.231990598919356,43083.15727034114,43079.10795039905,0.0,4.507407421509845,4.50211230352084,-71.74046810544294,43069.312219300205,43315.376774132434,43084.06133333333,0.0013795932106985165,43082.17,43082.17,43082.17
2024-02-03 23:11:00,43082.16,43082.17,43082.16,43082.16,1.6182,47.97694450343377,3.4113737278457847,4.175665967540017,-0.7642922396942327,27.594615644261985,43082.90795275585,43079.34272344528,0.014297858971985988,4.507407421509845,4.181247138983263,-59.505715984756655,43069.7867749142,43315.37651970769,43084.09561904762,0.0013210561663575514,43082.175148929484,43082.168,43082.16085107051
2024-02-03 23:12:00,43082.17,43082.17,43082.16,43082.16,0.78984,47.97694450343377,3.136176443884324,3.967768062808879,-0.8315916189245551,27.00276747208014,43082.72096456689,43079.559437026415,0.0182326311187353,4.6096397181785305,3.8833009147697988,-50.04491690355346,43070.25183941592,43315.37639552371,43084.00352380952,0.0012567250988110784,43082.175116315564,43082.166000000005,43082.156883684445
2024-02-03 23:13:00,43082.16,43082.17,43082.16,43082.16,3.51384,47.97694450343377,2.8848261337261647,3.7511796769923365,-0.8663535432661718,26.453194169339856,43082.58072342517,43079.75948033208,0.018232632937724702,4.024000980354488,3.606636563714439,-42.91488883880772,43070.707602627605,43315.37584305564,43083.74952380953,0.0011888223573619805,43082.17311631647,43082.164000000004,43082.154883683535
2024-02-03 23:14:00,43082.17,43082.17,43082.16,43082.17,1.57728,48.04718452797275,2.655821461856249,3.532108033965119,-0.8762865721088704,25.94287610250959,43082.47804256888,43079.944904921926,0.018232632937724702,3.0178707548232735,3.3497339520201765,-37.36738703327629,43071.154250575055,43315.375595077225,43083.33485714286,0.0011191681498407251,43082.17311631647,43082.164000000004,43082.154883683535
2024-02-03 23:15:00,43082.16,43082.17,43082.16,43082.17,1.53672,48.04718452797275,2.446136075493996,3.314913642270895,-0.8687775667768989,25.4690093261672,43082.40103192666,43080.11606608178,0.018232632937724702,0.004888326043541006,3.1111815268755043,50.00000008185453,43071.59196556355,43315.37535347613,43083.02361904761,0.0010491478065094094,43082.17311631647,43082.164000000004,43082.154883683535
2024-02-03 23:16:00,43082.17,43082.17,43074.78,43074.8,5.79641,19.74885767399884,1.6660562306205975,2.985142159940836,-1.3190859293202384,24.151781051084022,43080.500773944994,43079.70713792164,11.784011391617241,2.3295494338247,3.4168114178129265,-300.0000000012489,43072.020926252284,43315.37441337681,43081.72961904762,0.0009464261715709565,43086.584005695804,43080.691999999995,43074.79999430419
2024-02-03 23:17:00,43074.8,43074.8,43074.79,43074.79,2.6609,19.729937188529817,1.0350984463948407,2.595133417231637,-1.5600349708367962,22.92864050993536,43079.073080458744,43079.328896543055,14.445468650286784,3.107996230190794,3.1734677451121485,-188.5594698286761,43072.44130772724,43315.373981799334,43080.54352380952,0.0008243184408433029,43086.440734325144,43079.218,43071.99526567486
2024-02-03 23:18:00,43074.79,43074.8,43074.79,43074.79,1.42737,19.729937188529817,0.5289623083663173,2.181899195458573,-1.6529368870922556,21.792867150297315,43078.00231034406,43078.97975065513,14.455261069073458,3.561202124161144,2.9475057633185693,-118.74523103011562,43072.853281572694,43315.37375029156,43079.51857142858,0.0006928611964976838,43084.971630534536,43077.744,43070.51636946546
2024-02-03 23:19:00,43074.79,43074.8,43074.79,43074.79,1.8226,19.729937188529817,0.12638884058833355,1.7707971244845253,-1.6444082838961918,20.738220459204847,43077.199232758045,43078.6574621432,11.804007989820093,3.8071459876629334,2.7376839230816743,-87.27030560143325,43073.25701594124,43315.37345468134,43078.65476190476,0.0005594363215426755,43082.170003994914,43076.268000000004,43070.36599600509
2024-02-03 23:20:00,43074.8,43085.04,43074.79,43085.03,15.07145,70.21796299538057,0.6264080457112868,1.5419193087298777,-0.9155112630185909,20.98547825705052,43079.15692456853,43079.147657362955,16.380005757164326,4.146052542071799,3.2742779285758408,51.14687523499881,43073.65267562242,43315.37111429111,43079.31742857143,0.0004757608901545117,43085.030002878586,43076.840000000004,43068.64999712142
2024-02-03 23:21:00,43085.03,43085.04,43061.09,43061.1,13.69162,25.405958953949124,-0.8979234379730769,1.0539507593892867,-1.9518741973623637,20.383592436755205,43074.6426934264,43077.759376027345,30.457481653866125,7.0073298543756986,4.7511152193921635,-146.6815982420164,43093.04,43315.368767333646,43076.76219047619,0.00031958407525525774,43089.32874082693,43074.1,43058.871259173065
2024-02-03 23:22:00,43061.1,43061.1,43061.09,43061.1,3.49943,25.405958953949124,-2.0819674956946983,0.4267671083724897,-2.508734604067188,19.824698460766694,43071.2570200698,43076.477885563705,36.70134009522735,8.435609740524704,4.412464132292869,-193.96033096853628,43092.401,43315.36816748365,43074.40761904762,0.00012092446521582071,43089.712670047615,43071.362,43053.01132995239
2024-02-03 23:23:00,43061.1,43061.1,43061.09,43061.09,1.61408,25.39620603140365,-2.986708936979994,-0.2559281006980071,-2.730780836281987,19.305725483063075,43068.71526505235,43075.29420205881,39.07566665939521,9.131655656789302,4.09800240855781,-128.908103760356,43091.77478,43315.367890798414,43072.25238095237,-9.794073307916747e-05,43088.15983332969,43068.621999999996,43049.0841666703
2024-02-03 23:24:00,43061.1,43061.1,43051.68,43051.68,12.57839,17.716458244296092,-4.412170648116444,-1.0871766101816944,-3.3249940379347493,20.08852364599961,43064.456448789264,43073.47772497737,44.518091030811775,10.745195543388517,4.478145093660698,-134.8033491242229,43091.1610844,43315.36565484157,43069.043238095226,-0.00036341080165350697,43086.259045515406,43064.0,43041.740954484594
2024-02-03 23:25:00,43051.69,43051.69,43048.55,43048.56,4.02076,15.813800832826459,-5.7275931209660484,-2.0152599123385655,-3.712333208627483,21.152270539526334,43060.482336591944,43071.56097690219,21.868838406910072,11.769744712999948,4.382563301256321,-126.84861631735889,43089.581841024,43315.364931655284,43065.708476190484,-0.0006621335749989633,43067.640419203446,43056.70599999999,43045.771580796536
2024-02-03 23:26:00,43048.55,43048.56,43037.31,43037.32,6.17988,10.799737186287658,-7.5895612336316844,-3.1301201765971896,-4.4594410570344944,23.10286223438232,43054.691752443956,43068.92705560203,35.456519138562726,14.565230499701288,4.873094494023727,-138.17686527314726,43087.11993056256,43315.36377330419,43061.195047619054,-0.0010199686625531827,43069.67825956928,43051.95,43034.221740430716
2024-02-03 23:27:00,43037.32,43037.32,43033.34,43033.34,4.10407,9.51748412227758,-9.279370310701779,-4.359970203418108,-4.919400107283671,25.18321259089307,43049.353814332964,43066.18958978649,40.05396616572398,16.600827307690153,4.809302030165118,-132.148907075931,43083.135136117555,43315.362993034985,43056.577999999994,-0.0014180882902312991,43066.42498308286,43046.398,43026.37101691714
2024-02-03 23:28:00,43033.34,43040.81,43033.34,43040.81,6.15177,28.608389097451294,-9.901649555577023,-5.468306073849892,-4.433343481727132,26.411234468083418,43047.21786074972,43064.23731364907,27.39140094514005,16.45944499465984,4.999351885153407,-89.2104782334582,43078.1556225058,43315.36185444212,43053.421904761904,-0.001789459468023528,43056.03770047257,43042.342,43028.64629952743
2024-02-03 23:29:00,43040.8,43047.16,43040.8,43047.15,7.02356,41.23604568901201,-9.770595977563062,-6.3287640545925266,-3.441831922970535,26.40700652270747,43047.20089556229,43062.92290490684,23.06718564903713,15.123368106142962,5.09654103621392,-37.48673192586783,43073.67406025522,43315.36058452495,43051.50504761905,-0.002094721290824191,43052.96959282452,43041.436,43029.90240717548
2024-02-03 23:30:00,43047.15,43047.16,43044.98,43044.98,7.27808,38.44320063805116,-9.729678262861853,-7.0089468962463926,-2.7207313666154604,26.403080573429804,43046.645671671715,43061.54268145247,20.041954739761422,10.076691564498525,4.888216676484375,-19.157206121255303,43069.640654229705,43315.359257954464,43049.632380952375,-0.0023483321022032522,43050.74097736988,43040.72,43030.69902263012
2024-02-03 23:31:00,43044.99,43044.99,43044.98,43044.98,4.35186,38.44320063805116,-9.58674069990957,-7.524505656979028,-2.062235042930541,26.399435049100543,43046.22925375379,43060.26862903305,19.626713574616588,9.118780961524358,4.539772628163688,-12.849230769192888,43066.010588806734,43315.35846475025,43048.04371428571,-0.002551862550769089,43052.06535678731,43042.252,43032.43864321269
2024-02-03 23:32:00,43044.98,43044.99,43044.98,43044.99,3.83206,38.47085435237648,-9.364704253719538,-7.89254537632713,-1.472158877392408,26.396049919366227,43045.91944031534,43059.09334987666,8.257043397185043,7.680426825974534,4.216217440437336,9.988310929256421,43062.74352992606,43315.35776631856,43046.74028571429,-0.002708072960364074,43048.710521698595,43044.582,43040.45347830141
2024-02-03 23:33:00,43044.98,43044.99,43033.34,43033.35,10.31276,23.638049021469996,-10.012570807237353,-8.316550462509175,-1.6960203447281774,27.535564615501205,43042.777080236505,43057.113092193846,19.76707438424637,6.306693500102729,4.74720190897763,-84.70309941163374,43059.803176933456,43315.35580581081,43044.168666666665,-0.002873366964733297,43052.97353719213,43043.090000000004,43033.20646280788
2024-02-03 23:34:00,43033.35,43033.35,43033.33,43033.33,2.5148,23.619272452232238,-10.407650633416779,-8.734770496690697,-1.6728801367260822,28.594512784595274,43040.415310177385,43055.28362356355,22.816198057611473,6.07399645289567,4.409544629764713,-115.66713248173856,43057.15685924011,43315.355327704856,43041.989047619056,-0.0030321310361749406,43051.73409902881,43040.326,43028.917900971195
2024-02-03 23:35:00,43033.34,43033.34,43033.33,43033.33,4.74692,23.619272452232238,-10.598580404534005,-9.107532478259358,-1.4910479262746463,29.577821798754055,43038.64398263304,43053.59488328943,22.825999515480362,5.8394840547364275,4.095291441924002,-88.14317292976168,43054.2976361313,43315.35442523962,43040.301809523815,-0.0031737843930150795,43049.40899975774,43037.996,43026.58300024226
2024-02-03 23:36:00,43033.34,43033.34,43033.33,43033.33,2.40241,23.619272452232238,-10.627387713480857,-9.411503525303658,-1.2158841881771991,30.49089445475864,43037.31548697478,43052.03604611332,18.648024398251437,6.123610919498414,3.8034849103576276,-83.82221486511268,43051.78151979554,43315.35396850533,43038.87904761905,-0.0032916964187629724,43044.99001219912,43035.666,43026.34198780087
2024-02-03 23:37:00,43033.33,43033.34,43033.33,43033.33,1.11063,23.619272452232238,-10.528847710935224,-9.634972362429972,-0.8938753485052526,31.338747635334325,43036.31911523109,43050.59711948922,0.031209527092869394,6.124631201963543,3.5325217024745657,-69.5077868481286,43049.56733742008,43315.35375735837,43037.72076190476,-0.0033822140094040064,43033.34960476355,43033.334,43033.318395236456
2024-02-03 23:38:00,43033.34,43033.34,43033.33,43033.33,1.15343,23.619272452232238,-10.331657136739523,-9.774309317291882,-0.5573478194476404,32.126039874440316,43035.57183642332,43049.268879528514,0.0,6.326745751710793,3.280913009440294,-58.66482186095919,43047.61885692967,43315.35353807483,43036.82685714286,-0.0034438892282200122,43033.33,43033.33,43033.33
2024-02-03 23:39:00,43033.33,43033.34,43030.98,43030.98,8.89118,19.16765617709244,-10.246887802117271,-9.868825014256961,-0.3780627878603102,33.12065568807986,43034.42387731749,43047.862042641704,3.7599933577148477,5.835255076834691,3.215133508765509,-71.0073270983672,43045.90419409811,43315.351833660905,43035.794380952386,-0.003487528183980397,43034.73999667886,43032.86,43030.98000332114
2024-02-03 23:40:00,43030.99,43030.99,43027.91,43027.92,2.31874,14.806990328096816,-10.307801995200862,-9.95662041044574,-0.3511815847551212,34.36261044031046,43032.79790798812,43046.32803936157,8.531741093451274,5.5998672241447975,3.2054811152818634,-122.072221302298,43043.814806924376,43315.351384385416,43034.52133333334,-0.0035242810114125196,43036.04387054673,43031.778000000006,43027.51212945328
2024-02-03 23:41:00,43027.91,43027.92,43027.91,43027.92,4.21266,14.806990328096816,-10.238058961345814,-10.012908120625756,-0.2251508407200582,35.515854138810305,43031.57843099109,43044.91203633376,9.694353723738459,4.711601478142005,2.9772324641899277,-154.8592870543762,43041.27003781647,43315.35056815049,43033.33780952381,-0.003547963676989615,43035.54317686187,43030.696,43025.848823138134
2024-02-03 23:42:00,43027.92,43027.92,43027.91,43027.92,2.93573,14.806990328096816,-10.06674394665606,-10.023675285831818,-0.04306866082424321,36.58672328741731,43030.66382324332,43043.604956615774,8.815169547800906,2.557773477213187,2.7652872881759873,-110.62651436506927,43039.13243176584,43315.34999933321,43032.205904761904,-0.003554947788153561,43034.0215847739,43029.614,43025.2064152261
2024-02-03 23:43:00,43027.92,43037.18,43027.91,43037.18,7.76588,61.092761484092975,-9.079112593870377,-9.83476274743953,0.7556501535691531,35.02920960706267,43032.29286743249,43043.11072918379,14.394966277526692,3.099319216216074,3.2299096247346166,77.0718542671349,43037.336842683304,43315.348543128566,43032.431428571435,-0.0035015019970618755,43037.58148313877,43030.384000000005,43023.18651686124
2024-02-03 23:44:00,43037.18,43044.0,43037.17,43044.0,6.23211,73.71440655068577,-7.657816091341374,-9.399373416219898,1.7415573248785243,32.77032123080117,43035.21965057436,43043.179134631195,26.28404013933323,4.948061869803207,3.487058937253697,206.9374550681984,43027.91,43315.34740318797,43033.661238095236,-0.003372091427970765,43046.130020069664,43032.988,43019.84597993033
2024-02-03 23:45:00,43043.99,43044.0,43043.99,43043.99,9.91593,73.67235451956316,-6.457793861816754,-8.811057505339269,2.3532636435225154,30.672782024272635,43037.412237930774,43043.241508890336,28.822283843241166,6.067012869033104,3.238697584592864,164.7441200803295,43027.91,43315.34558937775,43034.89904761905,-0.00319080428771591,43050.613141921625,43036.202000000005,43021.790858078384
2024-02-03 23:46:00,43044.0,43044.0,43043.99,43044.0,5.81422,73.6903652227445,-5.443214692117181,-8.137488942694851,2.6942742505776707,28.72506704678185,43039.05917844808,43043.29985436031,25.30487790594634,6.828513880516343,3.008076328550662,109.05075312513073,43028.2318,43315.344525897955,43036.14761904762,-0.0029762712013284014,43052.07043895297,43039.418,43026.765561047025
2024-02-03 23:47:00,43044.0,43044.0,43042.26,43042.27,5.77164,64.5263999903237,-4.724291243575863,-7.454849402871054,2.7305581592951915,26.783123048092897,43039.861883836056,43043.22063479413,10.56040367319656,7.154717917592449,2.917499447939755,71.93099296867574,43028.547164,43315.343463484045,43037.174952380956,-0.002750715514522634,43047.56820183659,43042.28799999999,43037.007798163395
2024-02-03 23:48:00,43042.27,43042.27,43033.33,43033.33,4.91859,36.43168452137625,-4.820356447788072,-6.927950811854458,2.1075943640663866,26.456324002659528,43038.22891287704,43042.45981673305,16.59303606233152,7.154717917592449,3.347678058800848,-1.1648560451582477,43028.85622072,43315.342528460926,43036.92533333333,-0.0025626511484497937,43049.81451803116,43041.518,43033.22148196883
2024-02-03 23:49:00,43033.33,43033.34,43033.33,43033.34,2.02615,36.46881391807228,-4.839890651113819,-6.510338779706331,1.6704481285925112,26.152867746185684,43037.00668465778,43041.75829236897,19.922449995821808,7.009988241521161,3.109272483171842,-42.890231770875275,43029.1590963056,43315.342143305614,43036.67704761904,-0.0024027353543730626,43049.34722499791,43039.386,43029.42477500209
2024-02-03 23:50:00,43033.33,43033.34,43033.33,43033.34,3.59667,36.46881391807228,-4.800039777350321,-6.1682789792351285,1.3682392018848075,25.871086936602833,43036.09001349333,43041.11073141751,19.325034900510218,6.490025648822818,2.887895877230622,-55.49164297338007,43029.45591437949,43315.34145960929,43036.42866666665,-0.0022638569111873633,43046.918517450256,43037.256,43027.593482549746
2024-02-03 23:51:00,43033.33,43033.34,43027.42,43027.42,5.46481,24.346268948484507,-5.18636698705086,-5.971896580798275,0.7855295937474152,26.431066183563022,43033.92251012,43040.05759823155,19.01505798085418,6.566902671755894,3.1044747431425956,-113.47439695303044,43044.0,43315.34039899435,43035.390857142855,-0.0021674782665152634,43043.44752899042,43033.939999999995,43024.43247100957
2024-02-03 23:52:00,43027.42,43027.43,43027.18,43027.19,6.45001,23.97472248739166,-5.4482886814148515,-5.867175000921591,0.4188863195067398,26.981469375407844,43032.23938259,43039.06778298297,11.823191367599065,6.678203736407765,2.9005836900609814,-116.14111770216707,43043.6684,43315.33914618102,43034.37866666667,-0.0021005255354641225,43036.8355956838,43030.924,43025.0124043162
2024-02-03 23:53:00,43027.19,43027.19,43027.18,43027.19,5.00267,23.97472248739166,-5.591409226210089,-5.812021845979292,0.2206126197692022,27.492558053549462,43030.9770369425,43038.1541073689,11.905992363317637,7.300968096632231,2.6941134264853424,-93.71388623356381,43043.008864,43315.3381744983,43033.424952380956,-0.002052062557481984,43035.648996181655,43029.695999999996,43023.74300381834
2024-02-03 23:54:00,43027.18,43041.1,43027.18,43041.09,11.00659,67.34447056250207,-4.530989035076345,-5.555815283798703,1.0248262487223574,25.980330831181856,43033.50527770688,43038.3799452636,21.823268639331218,6.980220040628937,3.4959624674505503,27.532065457809292,43042.375709440006,43315.33613980667,43034.36066666666,-0.0019509933785374876,43042.157634319665,43031.246,43020.33436568033
2024-02-03 23:55:00,43041.09,43041.1,43041.09,43041.09,1.45032,67.34447056250207,-3.648540292335383,-5.174360285506039,1.5258199931706562,24.576119838983367,43035.40145828016,43038.588411012555,27.090172647163854,6.631331744482532,3.2469651483470847,103.53475041780415,43041.767881062406,43315.335871701,43035.17095238095,-0.001815211565851558,43046.34108632358,43032.795999999995,43019.25091367641
2024-02-03 23:56:00,43041.1,43045.02,43041.09,43045.02,3.22952,73.49942019678818,-2.602079991986102,-4.659904226802053,2.057824234815951,23.872646056703918,43037.80609371012,43039.083148626974,30.353095623620902,6.7906337974984,3.2957533520365994,137.75098239750594,43027.18,43315.33528325011,43036.37980952381,-0.0016406292498238858,43051.49254781182,43036.316000000006,43021.139452188196
2024-02-03 23:57:00,43045.01,43045.02,43045.01,43045.02,3.75369,73.49942019678818,-1.7525503550496069,-4.078433452451564,2.325883097401957,23.21942040173014,43039.609570282584,43039.539829501824,26.33953465455852,7.1577589318467245,3.0610566840336113,115.59360962918142,43027.5368,43315.33459929343,43037.42580952381,-0.0014443480971031509,43053.05176732728,43039.882,43026.71223267272
2024-02-03 23:58:00,43045.01,43045.02,43045.01,43045.01,1.31347,73.44869522655117,-1.0677900941445841,-3.4763047807901684,2.408514686645584,22.612853722111634,43040.95967771194,43039.96061184784,7.694674372687587,7.713310978832057,2.843124063745122,88.57245576656554,43027.886464,43315.33435995913,43038.395809523805,-0.0012391868572830494,43047.29333718634,43043.445999999996,43039.59866281365
2024-02-03 23:59:00,43045.01,43045.02,43045.01,43045.02,1.62953,73.47066600684208,-0.5183307433617301,-2.884709973304481,2.366379229942751,22.04961323389445,43041.97475828395,43040.349795551854,6.284015091951005,8.04681093679712,2.640758059191525,70.1697355005062,43028.22913472,43315.33406304545,43039.35752380952,-0.0010344253206290193,43047.37400754598,43044.232,43041.08999245403
