time,open,high,low,close,volume,rsi,macd,macd_signal,macd_diff,adx,ema_short,ema_long,bb_width,volatility,atr,cci,parabolic_sar,vwap,wma,trix,bb_upper,bb_middle,bb_lower
2024-09-08 00:00:00,54166.01,54166.01,54150.01,54153.13,8.59336,24.922471883947168,-32.27684712158225,-28.465643495687026,-3.8112036258952244,42.31709789324134,54177.43876199839,54222.4452173319,51.70989076924161,19.944819683005374,18.15005921537965,-136.91416379839052,54200.72610463019,59337.90111885795,54184.60209523809,-0.007511333252157047,54199.81294538462,54173.958,54148.10305461538
2024-09-08 00:01:00,54153.13,54172.0,54153.13,54161.1,4.82942,32.39865530680218,-32.35857799522637,-29.244230395594897,-3.114347599631472,43.07094762769624,54173.3540714988,54217.72635446022,53.06341778853675,20.69325042851705,18.201483557138435,-95.99222401130896,54192.611527889356,59337.89842510579,54179.51323809524,-0.0077455261414284046,54196.58170889427,54170.05,54143.518291105735
2024-09-08 00:02:00,54161.1,54161.11,54136.0,54136.01,16.00096,23.542486312301747,-34.05533491337701,-30.206451299151322,-3.848883614225688,44.14150898251414,54164.0180536241,54211.440481040205,70.47801293649536,22.866283985259358,18.694949017342875,-155.30348464483026,54185.79528342706,59337.889456859986,54171.992380952375,-0.008017177446756906,54196.48900646825,54161.25,54126.01099353175
2024-09-08 00:03:00,54136.0,54150.0,54136.0,54149.99,2.40128,35.35728335449856,-33.88139420920925,-30.94143988116291,-2.939954328046337,45.13560166913076,54160.51104021807,54206.71352096019,41.27176472535939,16.88151023268219,18.359595516104097,-109.17286426475,54176.83213241019,59337.88811460608,54167.57857142858,-0.008236320284917933,54173.88388236268,54153.248,54132.61211763732
2024-09-08 00:04:00,54150.0,54157.49,54148.0,54157.48,9.72369,41.19907599783748,-32.76151024772116,-31.305453954474565,-1.456056293246597,45.46180284219475,54159.75328016356,54202.92632704018,34.53872266833787,16.3621001423574,17.726052979239373,-50.911012652808644,54169.482348576355,59337.882687167184,54164.763523809524,-0.008367851696414642,54168.81136133417,54151.542,54134.27263866583
2024-09-08 00:05:00,54157.48,54157.49,54138.0,54146.0,5.63284,35.32719773101772,-32.42654121524538,-31.52967140662873,-0.8968698086166498,46.01851075204393,54156.31496012267,54198.54737880632,35.363854591560084,17.1513306565336,17.852049195007844,-72.10240703557358,54163.455525832615,59337.87953614192,54160.88628571429,-0.00846004734512013,54167.79792729578,54150.116,54132.43407270422
2024-09-08 00:06:00,54146.0,54150.0,54138.0,54138.0,5.62266,31.565130893224506,-32.43274449503224,-31.710286024309433,-0.7224584707228061,46.5354538111896,54151.736220092,54193.88988812891,31.50824101109174,17.312173268774966,17.43404568107871,-86.14519645986731,54158.51353118275,59337.87638596865,54156.42800000001,-0.00853423936795334,54161.25012050555,54145.49600000001,54129.74187949446
2024-09-08 00:07:00,54138.01,54138.01,54100.0,54106.99,14.23776,21.108887425256526,-34.5417328823969,-32.276575395926926,-2.265157486469974,47.80819605175855,54140.549665069004,54187.205281349765,70.07507177065418,21.727194863089224,18.90375670385895,-200.0058164897084,54157.49,59337.86836151217,54148.49238095238,-0.008688213754754114,54174.72953588533,54139.692,54104.654464114676
2024-09-08 00:08:00,54107.0,54140.36,54100.0,54100.0,15.79205,19.372999745805856,-36.358043067572,-33.092868930255946,-3.265174137316052,48.807290192079286,54130.41224880175,54180.4971827844,89.51678620095481,22.169596221295677,20.436345510726206,-153.50137289380035,54150.0,59337.85944918704,54140.710476190485,-0.00889728541744274,54174.45239310048,54129.694,54084.935606899526
2024-09-08 00:09:00,54100.0,54100.0,54066.26,54066.26,25.94872,13.122429173957514,-40.05825141130481,-34.48594542646572,-5.57230598483909,50.26439807667442,54114.374186601315,54171.7097071856,114.42706073258887,30.700967627718075,21.38660654567419,-177.75634087803317,54140.36,59337.84471062678,54129.197904761895,-0.009238489540161772,54168.66353036629,54111.45,54054.2364696337
2024-09-08 00:10:00,54066.26,54066.27,53952.27,53952.27,142.24674,5.685494583876846,-51.59399012607173,-37.907554366386925,-13.686435759684805,52.52751325550455,54073.848139950984,54154.82972970979,257.5580238552793,63.33543845574777,28.001848935268892,-229.9610894941854,54140.36,59337.76217063174,54103.48514285715,-0.010046195840808068,54201.483011927645,54072.704000000005,53943.924988072366
2024-09-08 00:11:00,53952.27,54014.89,53920.0,54012.99,54.2923,30.76638659596958,-55.20023567038879,-41.366090627187305,-13.834145043201488,54.773413256880254,54058.63360496324,54143.91898127058,232.59741392468277,67.59860531877065,32.779574011321074,-142.92892402028846,54102.742,59337.731022873755,54088.043333333335,-0.010893595352772945,54164.000706962346,54047.702000000005,53931.40329303766
2024-09-08 00:12:00,54013.0,54021.0,53996.0,54020.99,10.99052,33.55979799482148,-56.75840257068921,-44.44455301588769,-12.313849554801521,56.565453797059384,54049.22270372242,54134.462905788234,201.00547695174464,69.89410791360373,32.22389015336957,-78.5318267652824,54066.27,59337.7247270762,54075.258857142864,-0.01168122681632948,54131.00473847587,54030.502,53929.99926152413
2024-09-08 00:13:00,54020.99,54092.0,54013.0,54066.01,15.84621,47.7863255423845,-53.74103016983281,-46.30384844667672,-7.437181723156094,55.423488499621875,54053.41952779182,54129.19729765068,168.05506327585317,66.17705625342236,35.565040856700314,-17.252111707923284,53920.0,59337.71572663968,54070.08666666666,-0.012210073169045285,54107.73153163793,54023.704000000005,53939.67646836208
2024-09-08 00:14:00,54066.0,54066.0,53992.0,53992.01,14.40521,33.59667411980102,-56.66769247491902,-48.37661725232518,-8.29107522259384,54.63917081673112,54038.06714584387,54118.64442860063,148.77275655434642,64.39742027205328,38.31110936693615,-53.34237177879589,53923.44,59337.70742984711,54056.00019047619,-0.012785692318352679,54083.24037827718,54008.85400000001,53934.46762172283
2024-09-08 00:15:00,53992.01,54042.0,53980.43,54041.99,17.29939,46.47765655730812,-54.32786730113003,-49.56686726208615,-4.7610000390438785,54.05833671068864,54039.047859382896,54112.74793409289,101.23993443608924,56.961410689092226,39.972458697869264,-33.733655554928184,53926.811200000004,59337.697559319335,54050.11219047619,-0.013162958805532874,54077.41796721804,54026.797999999995,53976.17803278195
2024-09-08 00:16:00,54041.99,54074.56,54031.25,54074.55,5.69379,53.525317157715335,-49.2781710276322,-49.509128015195365,0.23095698756316807,52.45976526759939,54047.92339453717,54109.809631470365,120.46101140418614,49.019196828272754,40.21085450516415,43.4337681383266,53930.114976000004,59337.694330590995,54049.69990476191,-0.013248109386640694,54099.340505702094,54039.11,53978.87949429791
2024-09-08 00:17:00,54074.55,54090.94,54069.0,54090.94,8.9713,56.949550520489765,-43.45281729736598,-48.29786587162949,4.845048574263508,50.48641911696277,54058.67754590287,54108.35812135726,137.56809247932688,46.923970146984,38.90579346908117,104.2862542133666,53933.352676480004,59337.689259163686,54052.058285714294,-0.013048923935499519,54121.88404623966,54053.1,53984.315953760335
2024-09-08 00:18:00,54090.94,54124.63,54090.94,54124.63,10.26406,63.57028275067635,-35.70608355089644,-45.779509407482884,10.073425856586447,47.733309872180826,54075.165659427155,54109.60980432978,180.45868838130264,50.804184778644974,38.53323679271788,138.77560238582234,53936.5256229504,59337.68349421483,54059.471047619045,-0.012520805755668584,54155.05334419065,54064.824,53974.59465580935
2024-09-08 00:19:00,54124.62,54153.13,54112.0,54112.0,15.24802,59.45676660205811,-30.237319691972516,-42.671071464380816,12.4337517724083,44.489345279740725,54084.37424457037,54109.79366553519,116.21834005051642,54.89860718656319,38.71871987895213,123.99190256279378,53944.049798032385,59337.674909231486,54065.51266666667,-0.01181600615446496,54146.93117002526,54088.822,54030.71282997474
2024-09-08 00:20:00,54112.01,54118.0,54112.0,54118.0,2.18119,60.89912979807422,-25.12945832452533,-39.16274883640972,14.033290511884388,41.47709244390349,54092.78068342777,54110.424922032485,74.26353056494554,46.94686591040071,36.381668459026976,86.20444206933897,53956.594610150445,59337.67368258405,54072.678095238094,-0.010978345853273386,54141.15576528247,54104.024,54066.892234717525
2024-09-08 00:21:00,54118.0,54184.7,54117.99,54184.69,12.99947,73.48215745826533,-15.521197044334258,-34.434438477994625,18.913241433660367,39.7317690809222,54115.758012570834,54116.13762033768,125.67364657632424,56.14218414916416,38.5479778548107,129.6979882903705,53968.38673354142,59337.66646541954,54088.92600000001,-0.009825633572736086,54188.888823288165,54126.052,54063.21517671184
2024-09-08 00:22:00,54184.69,54184.7,54156.0,54169.79,6.31399,67.64574458216543,-9.005081260213046,-29.34856703443831,20.343485774225265,38.11111167243957,54129.266009428124,54120.26472646555,118.28478923201328,57.701644468579445,37.844550865181155,107.82286019422322,53985.6917948581,59337.662949832054,54102.44723809523,-0.008545817830729486,54200.96439461601,54141.822,54082.67960538399
2024-09-08 00:23:00,54169.79,54174.0,54169.79,54173.99,2.05162,68.49224245476711,-3.4621975973204826,-24.171293147014744,20.70909554969426,36.60621550741998,54140.44700707109,54124.39743981436,121.6448863355181,61.16178215687687,35.44208294623958,99.29596013226607,54001.61245126945,59337.66180843316,54115.86380952381,-0.007203931988902903,54212.516443167755,54151.693999999996,54090.87155683224
2024-09-08 00:24:00,54173.99,54186.96,54173.99,54186.95,2.6904,71.27509397494542,1.9538189203012735,-18.946270733551543,20.900089653852817,35.46896248089321,54152.07275530332,54129.20917521326,100.68697458688985,50.0501476183032,33.83693416436541,94.95483057714571,54016.25945516789,59337.66031541263,54129.98238095239,-0.005817251444174763,54217.02748729344,54166.683999999994,54116.34051270655
2024-09-08 00:25:00,54186.95,54188.0,54170.0,54170.01,10.521,62.60241487877168,4.823531930749596,-14.192310200691317,19.015842131440913,34.28926223356408,54156.55706647749,54132.347700196864,29.285124745816574,41.28034954844561,32.705724581196456,66.91764482099265,54033.3295096511,59337.65445765604,54139.607238095225,-0.00450987065786781,54191.728562372904,54177.085999999996,54162.44343762709
2024-09-08 00:26:00,54170.02,54170.02,54099.01,54103.95,17.1265,39.8892464977894,1.747169965361536,-11.004414167480748,12.751584132842284,32.31834806931879,54143.40529985812,54130.16326172018,116.69131862957147,36.86828707950227,35.44174425396776,-63.6014854993838,54051.889968492964,59337.644800301096,54138.92866666667,-0.003541332523887208,54219.28365931479,54160.938,54102.592340685216
2024-09-08 00:27:00,54103.95,54150.0,54103.95,54149.99,10.69831,53.88278873904235,2.989710648143955,-8.205589204355809,11.195299852499764,30.488213488233875,54145.05147489358,54131.688395434016,116.18416761133994,31.911165025589142,36.199476807255984,-48.12516850550344,54068.22317227381,59337.63882078378,54143.59866666666,-0.002668406539640636,54215.07008380567,54156.978,54098.88591619433
2024-09-08 00:28:00,54149.99,54150.0,54129.71,54129.72,2.76954,47.98147425949352,2.3121603494873852,-6.10203929358717,8.414199643074555,28.788802805797882,54141.21860617019,54131.53698040063,117.02972738415701,31.5102466043727,35.063085606737765,-49.10465431308142,54082.59639160095,59337.63726678168,54144.76619047619,-0.0019649760237038984,54206.638863692075,54148.123999999996,54089.60913630792
2024-09-08 00:29:00,54129.72,54129.72,54103.0,54103.01,12.63459,40.89861405117788,-0.375745557998016,-4.956780546469339,4.581034988471323,27.823959438809915,54131.666454627644,54129.342597292896,104.28601580148097,32.81328098264113,34.467150920542295,-118.88244600555699,54095.24482460884,59337.63014110562,54141.06085714285,-0.0014978729074171854,54183.479007900736,54131.335999999996,54079.192992099255
2024-09-08 00:30:00,54103.0,54120.0,54083.99,54120.0,9.16295,46.883616312837454,-1.1220451087938272,-4.1898334589342365,3.0677883501404093,27.326663014598857,54128.74984097073,54128.62393596268,69.99984437001694,32.60872868763228,34.57735442621799,-98.92878321248686,54188.0,59337.624990155586,54139.03971428571,-0.0011449410046853235,54156.333922185004,54121.333999999995,54086.33407781499
2024-09-08 00:31:00,54120.0,54148.0,54120.0,54124.01,6.06407,48.36458728409102,-1.3740798553189961,-3.626682738211189,2.2526028828921927,26.04816188625139,54127.56488072805,54128.269017811705,60.813682439009426,30.87243653701549,34.107543395773845,-31.989887285343478,54185.9198,59337.621583865664,54137.12038095238,-0.0008669579054163705,54155.7528412195,54125.346,54094.93915878049
2024-09-08 00:32:00,54124.01,54124.01,54084.0,54084.0,5.75123,36.25997315433069,-4.747564857811085,-3.850859162131168,-0.8967056956799171,25.610276750304852,54116.67366054604,54124.86370874927,66.62009189352102,34.36670528538833,34.529147438933,-113.73162448827132,54183.881204000005,59337.61832851557,54129.55142857142,-0.0007938141189560527,54145.45804594676,54112.148,54078.83795405324
2024-09-08 00:33:00,54084.0,54084.01,53993.0,54005.4,166.04629,22.804884157812424,-13.606590830044297,-5.802005495713795,-7.804585334330502,26.574852401644893,54088.855245409526,54115.67419269164,173.27173379436135,50.46006927318255,38.56349405043794,-221.10434499414563,54181.88337992001,59337.5229374922,54111.88942857143,-0.0011431245593334013,54173.91986689718,54087.284,54000.64813310282
2024-09-08 00:34:00,54005.39,54024.98,54005.39,54007.0,7.98167,23.49832390206234,-20.264726952678757,-8.694549787106787,-11.57017716557197,27.470529792174933,54068.39143405714,54107.31463940767,209.66141353204148,54.91218663508946,37.208244475406936,-163.55885471898767,54174.32804472321,59337.5183536082,54095.456,-0.0017524457868328142,54172.912706766016,54068.081999999995,53963.251293233974
2024-09-08 00:35:00,54007.0,54024.26,54007.0,54019.34,4.24512,29.37028017434048,-24.265890844173555,-11.80881799852014,-12.457072845653414,28.302230226238542,54056.128575542854,54100.54735945323,190.91914997824642,54.14480054997243,35.78336987002087,-103.06879180775327,54167.074922934284,59337.515921277016,54081.725047619046,-0.0024618430765562392,54143.40957498912,54047.95,53952.490425010874
2024-09-08 00:36:00,54019.35,54068.45,54019.35,54068.44,7.53884,48.312949912458826,-23.20736237346864,-14.08852687350984,-9.1188354999588,27.81323090712421,54059.20643165714,54098.077562572216,131.54800907846948,53.90170556913319,36.735272022162285,-37.5659438097476,54160.111926016914,59337.51164162493,54076.11552380952,-0.003025835503863123,54102.61000453923,54036.835999999996,53971.06199546076
2024-09-08 00:37:00,54068.45,54068.45,54028.0,54028.01,6.17449,38.19184662670397,-25.338744769651385,-16.33857045273815,-9.000174316913235,27.35916011080376,54051.40732374286,54092.68775006667,91.81292199139716,50.25618048150883,37.000609734864774,-41.18607026725726,54153.42744897624,59337.508109597686,54066.08057142856,-0.003608194259482608,54071.5444609957,54025.638,53979.7315390043
2024-09-08 00:38:00,54028.0,54032.66,54017.0,54032.66,5.02376,39.92869468645837,-26.348930467298487,-18.34064245565022,-8.008288011648268,27.13584170427711,54046.720492807144,54088.070230830774,82.46918011327216,46.430348180275566,35.476280468088966,-53.9942803955071,54147.01035101719,59337.50523834908,54058.0559047619,-0.004154035562613409,54072.32459005664,54031.090000000004,53989.85540994337
2024-09-08 00:39:00,54032.65,54038.28,54032.65,54038.28,2.70961,42.28103006371779,-26.391794698014564,-19.950872904123088,-6.4409217938914765,26.75917707499803,54044.610369605354,54084.24021307456,66.95776797732105,44.09540807442473,33.34440329179671,-28.78532847634137,54140.849936976505,59337.50369135732,54052.25,-0.004623590694831114,54070.82488398866,54037.346,54003.86711601134
2024-09-08 00:40:00,54038.28,54063.36,54038.28,54063.36,9.49464,52.28666031068033,-24.12393283093843,-20.785484889486156,-3.338447941452273,25.678342334764874,54049.29777720402,54082.63404283806,66.11516428500181,37.66042378829973,32.75408877095421,51.59243343108135,54134.935939497445,59337.498296265396,54051.04266666666,-0.0049223357342924505,54079.2075821425,54046.15,54013.0924178575
2024-09-08 00:41:00,54063.36,54076.0,54024.45,54027.31,13.16517,40.251178921392516,-24.947984840138815,-21.617984879616692,-3.329999960522123,24.97459160673481,54043.80083290301,54078.378347235135,53.23970823078707,26.450172608536867,34.09665385874341,43.85351490616885,54129.258501917546,59337.49076437199,54045.415238095244,-0.0052143251429942255,54064.54385411539,54037.924,54011.304145884606
2024-09-08 00:42:00,54027.3,54027.3,54024.0,54024.01,1.63829,39.25852813151553,-25.572549977376184,-22.408897899168593,-3.1636520782075905,24.331101054449526,54038.85312467726,54074.19616667859,55.93947561879759,20.92833583969155,31.897607154547284,-50.00665477682811,54123.80816184085,59337.489826512916,54040.51619047619,-0.005490994838519228,54065.093737809395,54037.123999999996,54009.1542621906
2024-09-08 00:43:00,54024.0,54056.0,54024.0,54056.0,4.26021,52.79940786188303,-23.218547734730237,-22.570827866280926,-0.6477198684493111,22.884929008062205,54043.139843507946,54072.796461549464,62.10462788287259,20.04717760458912,31.904920929222477,47.27979274613313,54118.57583536721,59337.487402388244,54040.88923809524,-0.00561933454365953,54072.84431394144,54041.792,54010.739686058565
2024-09-08 00:44:00,54055.99,54056.0,54045.0,54045.0,1.86066,48.35173043605262,-21.987138026277535,-22.454089898280248,0.4669518720027135,21.542054964988264,54043.604882630956,54070.65827219951,61.818655860988656,17.253302322240994,30.411712291420873,59.44186046510611,54113.55280195252,59337.48634143985,54040.24333333333,-0.005671523278697851,54074.04532793049,54043.136,54012.226672069504
2024-09-08 00:45:00,54045.0,54045.0,54024.0,54024.01,5.14236,40.533335978226646,-22.446208619068784,-22.452513642437957,0.006305023369172602,20.843105664463994,54038.70616197322,54067.06994356878,51.887336147847236,16.67833138205048,29.739447127747955,-66.7522027204948,54108.73068987442,59337.483397639204,54037.513047619046,-0.005735160680324575,54061.20966807393,54035.266,54009.32233192608
2024-09-08 00:46:00,54024.0,54024.01,54020.0,54020.01,6.99993,39.08797114348275,-22.869170381301956,-22.535844990210755,-0.33332539109120063,20.295831578412702,54034.03212147992,54063.44994790965,56.57227565275389,14.637461563427271,27.901629475766104,-107.55567248280803,54104.10146227945,59337.479387440755,54035.2018095238,-0.00580699215560055,54062.09213782638,54033.806000000004,54005.51986217363
2024-09-08 00:47:00,54020.0,54021.74,54020.0,54021.73,1.98068,40.188495264745285,-22.802725375855516,-22.589221067339707,-0.21350430851580882,19.787648498507934,54030.95659110994,54060.24072114737,57.93680616443453,15.138071538655229,26.032941656068378,-97.5191553352185,54099.65740378827,59337.478253094705,54033.72933333332,-0.005863693144961837,54062.318403082216,54033.35,54004.38159691778
2024-09-08 00:48:00,54021.74,54021.74,54021.73,54021.74,5.05012,40.19603366665061,-22.490009484114125,-22.56937875069459,0.07936926658046417,19.31576421002493,54028.65244333245,54057.27912721296,37.351543001437676,15.727026734542658,24.174160109205978,-73.20804073529668,54095.39110763674,59337.47536087156,54032.102666666666,-0.005896347554270233,54045.17377150072,54026.498,54007.82222849928
2024-09-08 00:49:00,54021.74,54021.74,53977.0,53979.98,10.95068,24.63608874222082,-25.31998980273056,-23.119500961101785,-2.2004888416287756,20.01851947526369,54016.48433249934,54051.33304050428,67.22049191051337,23.10102049010897,25.643148672833977,-184.88470329353814,54091.29546333127,59337.46904011751,54024.76761904761,-0.006050784581788305,54047.10424595525,54013.49399999999,53979.883754044735
2024-09-08 00:50:00,53979.99,54031.0,53979.98,54030.99,15.60741,51.91834731617622,-23.17949016856437,-23.1314988025943,-0.04799136597006992,20.307586194700132,54020.11074937451,54049.768191234725,71.5058704490657,19.65574905762857,27.455780910488464,-61.36734285146304,54084.43773553139,59337.46011728867,54024.60876190477,-0.00608418227390541,54050.64293522453,54014.89,53979.13706477547
2024-09-08 00:51:00,54031.0,54045.0,54030.99,54036.68,4.54693,54.14055124071645,-20.78440367263829,-22.6620797766031,1.8776761039648093,20.041768029148336,54024.25306203088,54048.7614072936,79.81683815244469,19.994391238966195,26.495367988310864,59.24131142573582,54077.99147139951,59337.45752058067,54025.56523809525,-0.006002622677022753,54058.132419076224,54018.224,53978.31558092378
2024-09-08 00:52:00,54036.68,54036.69,54015.0,54015.85,3.80882,45.003447477397934,-20.33270452429133,-22.19620472614075,1.8635002018494191,20.20623940675377,54022.15229652316,54046.22976057871,79.54432930549956,20.25018455100736,26.1521274177174,-5.85895888074651,54071.93198311554,59337.45533685455,54023.66180952381,-0.005911055966082114,54056.820164652745,54017.047999999995,53977.275835347245
2024-09-08 00:53:00,54015.85,54015.86,54015.01,54015.01,1.03548,44.63888623473357,-19.814105994679267,-21.719784979848452,1.9056789851691853,20.358962828815955,54020.36672239238,54043.828240534196,79.00098939046438,17.248915840758013,24.344832602166054,-35.93064487051717,54066.23606412861,59337.454743085225,54021.806476190475,-0.005808216987345261,54055.20249469524,54015.702000000005,53976.20150530477
2024-09-08 00:54:00,54015.02,54021.83,54015.01,54021.82,2.57142,48.68310081085862,-18.638746964417805,-21.103577376762324,2.4648304123445186,20.24714143278643,54020.73004179428,54042.13529895464,34.01707201698446,15.104462324925363,23.09305884486846,9.98559126098596,54060.88190028089,59337.453270457874,54021.08076190476,-0.005666309354572022,54041.078536008485,54024.06999999999,54007.0614639915
2024-09-08 00:55:00,54021.82,54021.83,53958.03,53976.0,13.73665,30.621792671136646,-21.160630949663755,-21.11498809134261,-0.045642858321144786,21.47611568241366,54009.547531345714,54037.047968265826,80.39246435266978,20.071468332239927,26.000697498806634,-171.0164447244843,54055.848986264034,59337.44533581427,54014.64133333333,-0.005658778869875661,54053.268232176335,54013.072,53972.875767823665
2024-09-08 00:56:00,53976.0,53980.45,53975.99,53978.99,7.5466,32.58043118458802,-22.65680067087669,-21.423350607249425,-1.2334500636272665,22.617306057067516,54001.90814850928,54032.581970706924,79.16138839603809,22.719379317360104,24.46207624889181,-129.32306606742327,54048.02346736291,59337.440979144325,54009.08923809524,-0.0057197735339164085,54041.114694198026,54001.53400000001,53961.95330580199
2024-09-08 00:57:00,53978.99,53979.0,53885.0,53885.01,23.77216,15.778814263810744,-31.067796313749568,-23.352239748549454,-7.715556565200114,25.01064071137793,53972.683611381966,54021.23028065255,195.20133435248863,45.00384784665721,29.429070802542395,-205.92786554493784,54040.82398997388,59337.42701477191,53991.43523809524,-0.006152438931498945,54072.966667176246,53975.366,53877.76533282376
2024-09-08 00:58:00,53885.0,53938.0,53867.0,53928.0,20.70712,34.360088338114664,-33.87415704461455,-25.456623207762476,-8.417533836852073,27.420414646284765,53961.51270853647,54014.058720602356,188.17103701985616,48.705074899863384,32.39842288807508,-142.08378562195992,54025.24159097649,59337.41494684702,53981.14171428571,-0.006648262364286764,54052.04951850993,53957.964,53863.87848149007
2024-09-08 00:59:00,53928.0,53928.0,53868.0,53926.99,15.89329,34.14769022928081,-35.76741223780846,-27.518781013771676,-8.248631224036782,29.658061871555393,53952.882031402354,54007.361126709875,140.26671909358993,52.28456955184212,34.36996411035543,-106.12047292246787,54006.25260005931,59337.40568268645,53971.827809523806,-0.007155817303978352,54009.131359546795,53938.998,53868.864640453205
2024-09-08 01:00:00,53927.0,53966.0,53915.44,53945.0,12.82785,41.840588074475505,-35.40643083944451,-29.096310978906242,-6.3101198605382685,30.28785351167249,53950.91152355177,54002.56411696296,121.62941948939988,50.27976744505788,35.52639524532988,-38.66643904965766,53989.542288052195,59337.398230276805,53965.83923809524,-0.007570425723617262,53993.612709744695,53932.797999999995,53871.983290255295
2024-09-08 01:01:00,53945.0,53989.0,53942.0,53976.01,5.08202,53.14911531524642,-32.24638637247699,-29.726326057620394,-2.5200603148565968,30.112604423746227,53957.18614266383,54000.521492581196,118.04861577051634,45.12998613750247,36.34593844209203,15.410986583328562,53867.0,59337.39529483364,53964.699714285714,-0.0077781386739230384,53991.22630788526,53932.202000000005,53873.17769211475
2024-09-08 01:02:00,53976.01,54025.0,53976.0,54015.01,12.99745,63.778281172938385,-26.291976760207035,-29.039456198137724,2.7474794379306893,28.90278357925384,53971.642106997875,54001.635993151875,133.9243506055791,45.02935600366189,37.2497999819426,85.7973368276386,53869.44,59337.38784195741,53969.19561904761,-0.007682180614552665,54025.164175302794,53958.202000000005,53891.239824697215
2024-09-08 01:03:00,54015.01,54047.0,54004.0,54044.48,16.28049,69.95845188777648,-18.976334166429297,-27.02683179179604,8.050497625366745,27.212102955405292,53989.85158024841,54004.931685986354,173.64912255735544,49.29825258222907,37.660528554660985,128.38735731689175,53875.6624,59337.37855827051,53977.68495238094,-0.007265346171743355,54068.32256127868,53981.498,53894.67343872132
2024-09-08 01:04:00,54044.48,54054.0,54031.1,54044.01,6.81455,69.73075622400549,-13.065943710724241,-24.234654175581685,11.168710464857444,25.46568837190358,54003.39118518631,54007.93771014125,156.1642473959655,52.3107442532492,36.606205086471014,118.69714934995814,53885.942656,59337.374672047874,53985.49733333333,-0.006638901490727892,54082.984123697985,54004.902,53926.81987630202
2024-09-08 01:05:00,54044.0,54063.0,54044.0,54057.01,5.74421,72.68190878327171,-7.249359237328463,-20.837595187931043,13.58823595060258,23.68053123280825,54016.795888889734,54011.712501668844,116.4648423025792,58.86921924343865,35.348619008865946,102.07106113171893,53899.38724352,59337.37140427157,53994.91904761904,-0.005838939932896269,54085.53642115129,54027.304000000004,53969.071578848714
2024-09-08 01:06:00,54057.0,54082.89,54057.0,54082.89,5.81482,77.84263064079227,-0.5450909548962954,-16.779094341324097,16.2340033864278,22.51850548175948,54033.319416667306,54017.18769384817,87.8695518845343,67.23547176323662,34.67300336537548,100.03367690891314,53915.748519168,59337.368112543445,54007.5978095238,-0.004852100389147954,54092.614775942275,54048.68000000001,54004.74522405774
2024-09-08 01:07:00,54082.88,54082.88,54043.62,54043.62,4.97258,57.9193225469854,1.5811031803968945,-13.107054836979898,14.688158017376793,21.070613474084542,54035.89456250048,54019.220948167545,60.426721277442994,57.62144184154011,35.00136026784843,66.47391021469349,53935.80549686784,59337.36527656687,54014.402095238096,-0.0039149186860104,54084.61536063872,54054.402,54024.18863936128
2024-09-08 01:08:00,54043.62,54054.07,54036.0,54054.07,13.01899,61.09871764121474,4.062524760127417,-9.673138917558436,13.735663677685853,19.614184235099888,54040.43842187536,54021.90164446235,57.25254848762415,52.114499122527555,33.791977391573525,43.60771559942247,53953.4556372437,59337.357866209415,54022.32723809525,-0.003005843043682979,54084.94627424382,54056.32000000001,54027.693725756195
2024-09-08 01:09:00,54054.06,54061.1,54050.2,54061.1,5.36824,63.33503450204476,6.521159618772799,-6.43427921029219,12.955438829064988,18.363543588372462,54045.603816406525,54024.91690258063,51.76031379637425,42.131695483957195,32.15683614931838,54.946352375830855,53968.98776077446,59337.354814700346,54030.88257142858,-0.0021233680415052485,54085.618156898185,54059.738,54033.85784310181
2024-09-08 01:10:00,54061.1,54061.1,54042.0,54055.01,9.64017,59.76354805140275,7.8873133157831035,-3.569960705077132,11.457274020860236,17.146469930611463,54047.9553623049,54027.23175622828,52.194717015256174,29.16533629197592,31.224204995795535,27.405698088543037,53982.65602948152,59337.34932854984,54037.81542857142,-0.0013145052022445558,54085.43535850763,54059.338,54033.240641492375
2024-09-08 01:11:00,54055.0,54055.01,54008.0,54008.01,3.80358,39.260369635234234,5.118489992186369,-1.8322705656244318,6.950760557810801,16.935612070915578,54037.96902172868,54025.75315959533,76.10107282047102,21.77982646912903,32.35176178181028,-152.78141724586789,53994.684105943736,59337.347144703745,54037.75761904762,-0.0007570859967677975,54082.41253641024,54044.362,54006.311463589765
2024-09-08 01:12:00,54008.01,54021.1,54008.0,54018.67,4.0339,44.44752027388605,3.7412239695113385,-0.7175716585972779,4.458795628108616,16.739815486912256,54033.14426629651,54025.20830116493,86.62252734981303,21.214887564135093,30.9766359402523,-158.56540241901152,54005.26881323049,59337.34483325288,54037.949714285714,-0.0003520568545877631,54082.6832636749,54039.371999999996,53996.06073632509
2024-09-08 01:13:00,54018.68,54021.0,54016.6,54020.99,1.95475,45.65949185726861,2.8046055874219746,-0.0131362093934273,2.817741796815402,16.558004373194887,54030.10569972238,54024.88381645994,84.81210086141073,22.75552689695227,29.078304801662956,-100.71365248231822,54008.0,59337.34371365774,54037.58761904762,-5.745015099049657e-05,54075.162050430714,54032.75600000001,53990.3499495693
2024-09-08 01:14:00,54020.99,54021.0,54000.01,54000.01,4.12292,36.91897088404265,0.3652082158441772,0.0625326756540936,0.3026755401900836,16.8404736152961,54022.58177479179,54022.97044596302,75.26724549649225,26.768949755690794,28.50056874440117,-106.13792268579022,54082.89,59337.34134291247,54033.53295238095,7.477653610013384e-05,54058.17162274825,54020.538,53982.904377251754
2024-09-08 01:15:00,54000.0,54034.0,54000.0,54023.26,10.61411,49.71895098628847,0.30453838665562216,0.11093381785439932,0.19360456880122284,16.599176186698735,54022.751331093845,54022.992719350485,35.22907669360575,26.531922678563415,28.89338526265823,-52.48340685349498,54081.2324,59337.33526622484,54032.05438095238,0.00017645637084335886,54031.802538346805,54014.188,53996.5734616532
2024-09-08 01:16:00,54023.26,54023.26,53996.42,54000.68,5.52263,40.21010243244157,-1.5477190394885838,-0.22079675361419732,-1.3269222858743865,16.48052974561336,54017.233498320384,54021.27635632353,40.846739951870404,23.175467486978054,28.746714886754344,-84.27845769963533,54077.983104,59337.33209103301,54027.11514285714,0.00017131712245697375,54033.14536997593,54012.721999999994,53992.29863002406
2024-09-08 01:17:00,54000.68,54000.69,53963.05,53975.99,6.3784,32.143694759960454,-4.950852703397686,-1.1668079435708951,-3.784044759826791,17.258461381546443,54006.92262374028,54017.79279045249,68.60757256140641,27.710618841346697,29.38194953770042,-165.3714702352793,54073.08931776,59337.32840686147,54019.02038095238,5.2341739102956215e-06,54038.489786280705,54004.186,53969.8822137193
2024-09-08 01:18:00,53976.0,53977.0,53912.27,53912.28,9.95523,19.827427235132234,-12.642984745449212,-3.4620433039465586,-9.180941441502654,18.983353003959458,53983.261967805214,54009.676421956145,152.54326905161724,41.96266525678653,31.90681028500776,-219.6237823312056,54064.2861723392,59337.32258838847,54003.08323809524,-0.0004918938397047745,54058.71563452581,53982.444,53906.172365474195
2024-09-08 01:19:00,53912.28,53923.64,53904.81,53904.81,3.71753,18.813188997768847,-19.121401761360175,-6.593914995429282,-12.527486765930893,20.709199636170656,53963.64897585391,54001.60977411337,189.1248763465992,48.42940471451046,30.972752407507333,-162.11885993339183,54049.08455510528,59337.32041263765,53987.40466666666,-0.001215489421861148,54057.9664381733,53963.404,53868.8415618267
2024-09-08 01:20:00,53904.81,53918.36,53904.81,53915.41,6.28976,25.31829460017829,-23.13359285061597,-9.90185056646662,-13.231742284149348,22.311771508938197,53951.58923189043,53994.9790222585,155.6604221158923,48.35921188697128,29.728270092685587,-110.82324227917299,54031.77160849264,59337.31673863006,53974.58895238096,-0.0020190276812018034,54019.66421105794,53941.833999999995,53864.00378894205
2024-09-08 01:21:00,53915.41,53960.59,53912.0,53960.58,11.21833,47.02398578051775,-22.410111876662995,-12.403502828505896,-10.006609048157099,22.133066864175753,53953.83692391783,53992.33294362324,115.08446973143145,47.40658608597408,31.075536514636365,-43.56235993938485,54016.53621547353,59337.310240324965,53969.39095238095,-0.002674355730760169,53991.356234865714,53933.814,53876.27176513428
2024-09-08 01:22:00,53960.58,53960.59,53943.0,53944.0,6.82564,41.68722145971541,-22.910517246062227,-14.504905712017163,-8.405611534045065,21.967126836896334,53951.377692938375,53988.615024882994,85.02524033143709,45.294312825381816,30.112283906447804,-24.972972972984365,54003.129069616705,59337.306274335315,53962.77314285715,-0.003256981729268079,53969.92862016572,53927.416000000005,53884.903379834286
2024-09-08 01:23:00,53944.0,53988.55,53944.0,53988.54,6.23932,57.30666612775506,-19.488435786232003,-15.501611726860132,-3.9868240593718713,20.860975656330094,53960.66826970378,53988.609253738156,121.36663069100177,41.93925384661709,31.14354934170174,30.747755186285158,53991.3307812627,59337.30267896702,53963.14228571428,-0.003598472964860876,54003.351315345506,53942.668000000005,53881.984684654504
2024-09-08 01:24:00,53988.54,53989.0,53976.0,53988.99,5.43178,57.444862739777946,-16.549329961162584,-15.711155373720622,-0.8381745874419622,19.81919770404004,53967.74870227784,53988.63854191214,111.68994213060068,40.97956037790084,29.847581531580186,71.13998660414028,53904.81,59337.299549205774,53964.26247619047,-0.0037550915764959255,54015.3489710653,53959.504,53903.6590289347
2024-09-08 01:25:00,53988.99,54000.0,53988.99,53993.01,4.07149,58.87201256933151,-13.737331608630484,-15.316390620702595,1.5790590120721113,18.485787992984346,53974.06402670838,53988.97480791891,77.40481001205626,36.81517285166547,28.502039993610317,102.95726846517141,53906.4938,59337.297205001734,53966.54742857143,-0.0037592526629986523,54013.726405006026,53975.024,53936.32159499397
2024-09-08 01:26:00,53993.01,53997.0,53991.89,53997.0,3.68776,60.45170811576543,-11.059357610400184,-14.464984018642113,3.405626408241929,17.247621832718345,53979.79802003129,53989.592130386685,77.5912851094763,36.361507988654175,26.831179994066765,94.98035753697579,53910.234048,59337.29508332134,53969.50723809523,-0.0036393194182625147,54021.103642554735,53982.308,53943.51235744526
2024-09-08 01:27:00,53997.0,54000.0,53996.99,53998.0,2.64783,60.903339330654944,-8.755425188872323,-13.323072252688155,4.567647063815832,16.041942769349635,53984.34851502346,53990.23888958771,15.688298978682724,38.18764203667285,25.12966713734786,80.61239843515112,53913.82468608,59337.29356023057,53972.806761904765,-0.003430670911005645,54000.952149489334,53993.10799999999,53985.26385051065
2024-09-08 01:28:00,53998.0,53998.0,53971.63,53971.63,6.04078,44.73692444511713,-8.954162748195813,-12.449290351789687,3.4951276035938736,15.732300748558751,53981.168886267595,53988.807436542505,38.37339042716485,34.31776489891229,25.2182623418232,29.002487932481475,53917.271698636796,59337.29006828121,53972.809238095244,-0.003260216345687345,54008.912695213585,53989.726,53970.53930478642
2024-09-08 01:29:00,53971.62,53981.1,53968.3,53981.1,5.04835,50.40963957004171,-8.252385477033386,-11.609909376838427,3.3575238998050416,15.550274352744841,53981.1516647007,53988.214556808474,40.8539780791325,26.814382788476912,24.33124360312123,-2.707296825674909,53920.580830691324,59337.287155172584,53974.344666666664,-0.003082058317973096,54008.57498903957,53988.148,53967.721010960435
2024-09-08 01:30:00,53982.0,54000.0,53972.0,53972.0,3.70454,45.07434934116936,-8.334441626670014,-10.954815826804746,2.620374200134732,14.631308440182979,53978.863748525524,53986.96728320782,46.31758859146794,17.453947433063707,24.593297631469714,-1.2778860731845363,53923.75759746367,59337.28501386858,53975.06828571428,-0.002933287668615856,54007.10479429573,53983.945999999996,53960.78720570426
2024-09-08 01:31:00,53972.0,53991.0,53972.0,53990.99,3.18708,56.58184123701982,-6.788879446161445,-10.121628550676087,3.332749104514642,13.777982949946963,53981.89531139414,53987.27672296107,41.66146196353657,16.41223026004084,24.193776372079018,-7.759940198653523,53926.80729356512,59337.283178189304,53978.59704761905,-0.0027361839880630733,54003.57473098176,53982.74399999999,53961.91326901822
2024-09-08 01:32:00,53990.99,53991.0,53972.5,53974.75,2.77979,46.569239929266004,-6.796101333835395,-9.456523107307948,2.660421773472553,12.985609280442093,53980.10898354561,53986.313128887145,29.144889997769496,10.032773899074709,23.78707805978766,-68.47632407024768,53929.73500182252,59337.281572236534,53979.81761904762,-0.0025685626264812856,53992.66644499888,53978.094,53963.52155500111
2024-09-08 01:33:00,53974.75,53980.44,53942.0,53942.01,9.45324,32.60926240022006,-9.336048951437988,-9.432428276133956,0.09637932469596855,13.344740779313097,53970.584237659205,53982.90519589583,65.73274548530753,16.9343255581043,24.833715341231564,-204.03598346706514,53932.54560174962,59337.27607753203,53976.0779047619,-0.0025413055091904765,54005.03637274265,53972.17,53939.303627257344
2024-09-08 01:34:00,53942.0,53942.01,53918.66,53918.66,4.55829,25.951387777558637,-13.082320743560558,-10.162406769619277,-2.9199139739412807,14.35107121875649,53957.603178244404,53977.96325775,103.60034828682547,25.606927727867316,24.727735674000634,-211.40757761982076,54000.0,59337.27341655904,53968.870571428575,-0.0026887640006336014,54011.48217414342,53959.68200000001,53907.881825856595
2024-09-08 01:35:00,53918.66,53929.04,53916.0,53916.0,6.3785,25.24673391367662,-16.080541426912532,-11.34603370107793,-4.734507725834602,15.357598022924387,53947.2023836833,53973.1968533077,119.7765459731454,30.364282597432535,23.89289741157208,-140.86864051044847,53998.3732,59337.26969118652,53961.277619047614,-0.002951321545720674,54008.370272986576,53948.482,53888.59372701343
2024-09-08 01:36:00,53916.0,53916.0,53868.0,53873.99,11.23485,16.668941082967777,-21.597545763710514,-13.396336113604448,-8.201209650106065,17.379601632869345,53928.89928776248,53965.56555689942,132.51517107666587,39.91971009811962,25.614833310745503,-157.255492332408,53995.078272,59337.26307862045,53948.50790476191,-0.0034259295084299105,53991.33958553834,53925.08200000001,53858.82441446168
2024-09-08 01:37:00,53874.0,53891.0,53873.99,53889.18,5.06597,27.375283703602662,-24.4621212895363,-15.60949314879082,-8.852628140745479,19.257176413532523,53918.96946582186,53959.68974483023,95.41795138042653,41.371981620438575,25.000202359978115,-112.35209790455356,53987.453575679996,59337.26010520627,53938.43028571428,-0.003960598099437637,53955.67697569022,53907.96800000001,53860.259024309795
2024-09-08 01:38:00,53889.19,53921.1,53880.0,53921.1,15.66544,45.1467405304325,-23.88135144464468,-17.263864807961593,-6.617486636683086,19.62566769773539,53919.50209936639,53956.721302920225,75.2877996336465,40.56887920397019,26.15018790569386,-55.341738553421585,53980.286361139195,59337.25096444362,53933.55495238096,-0.004389350097165416,53941.42989981682,53903.786,53866.14210018318
2024-09-08 01:39:00,53921.09,53921.1,53914.0,53919.99,2.10894,44.69039467123833,-23.242727190729056,-18.459637284515086,-4.78308990621397,19.967838175923767,53919.62407452479,53953.895818080215,76.15371721507108,37.86397245223494,24.78946019814419,-24.561492446509543,53973.54917947084,59337.2497336302,53929.17819047619,-0.0047241826317432935,53942.12885860754,53904.052,53865.97514139247
2024-09-08 01:40:00,53919.99,53956.28,53919.99,53956.28,4.91006,60.39593062384295,-19.582577394183318,-18.684225306448734,-0.8983520877345832,18.919609933709612,53928.788055893594,53954.07921668943,114.16230623809679,36.306945660523695,25.61092732684824,55.161027398651015,53967.21622870259,59337.24688723393,53930.335523809525,-0.004841196845462717,53969.18915311904,53912.10799999999,53855.026846880945
2024-09-08 01:41:00,53956.27,53956.28,53942.0,53942.01,8.81447,53.25969577200972,-17.630122967901116,-18.473404838739214,0.8432818708380978,17.9462551373679,53932.0935419202,53953.150815405636,91.01430483983131,29.957753381027583,24.801575374930426,87.62609506372293,53961.26325498044,59337.24176388043,53929.978,-0.004849426194015363,53971.219152419915,53925.712,53880.204847580084
2024-09-08 01:42:00,53942.0,53946.0,53942.0,53945.99,5.69248,55.03776904394931,-15.582016246815328,-17.895127120354438,2.3131108735391095,17.04242568362202,53935.56765644015,53952.599983451364,57.124739066144684,25.782944769178485,23.315748562435395,89.57105574266987,53956.28,59337.23845760934,53930.684380952385,-0.004760547737401621,53965.63636953307,53937.074,53908.51163046693
2024-09-08 01:43:00,53946.0,53946.0,53942.0,53945.99,1.29378,55.03776904394931,-13.799801394154201,-17.076061975114392,3.276260580960191,16.203155476572277,53938.173242330115,53952.09152318588,48.00617132546904,26.145386184725506,21.93605223654715,73.68892228251808,53956.28,59337.23770616458,53931.634952380955,-0.004601128858862713,53966.05508566274,53942.052,53918.04891433727
2024-09-08 01:44:00,53946.0,53967.06,53945.99,53964.0,5.90127,63.969267756217086,-10.809521365496039,-15.822753853190722,5.013232487694683,15.496037275054842,53944.629931747586,53953.007559863894,32.38725634026923,29.090221512379205,21.874191362508046,90.90905982087965,53868.0,59337.234290080625,53935.32123809524,-0.004327136994513002,53967.04762817014,53950.85400000001,53934.66037182987
2024-09-08 01:45:00,53964.0,53964.01,53952.01,53953.36,7.73364,56.072719898570085,-9.19229887732945,-14.496662858018468,5.304363980689018,14.839427516502937,53946.812448810684,53953.034670643596,31.13456068834057,29.845143600421448,21.16889197947176,73.47906784902139,53869.9812,59337.229804429444,53937.66504761905,-0.004018201468149612,53965.83728034417,53950.27,53934.70271965583
2024-09-08 01:46:00,53953.35,53953.36,53940.0,53940.0,2.50708,47.27886986030385,-8.886243664361245,-13.374579019287022,4.488335354925777,13.844748617231577,53945.10933660802,53952.03200367102,32.95390971128654,22.07756397288862,20.611113980938104,20.46540771502493,53871.922776,59337.22834667082,53938.5859047619,-0.0037396268875312766,53966.344954855645,53949.868,53933.39104514436
2024-09-08 01:47:00,53940.0,53942.76,53940.0,53942.75,1.63481,49.24500647500145,-8.325815863150638,-12.364826388059747,4.039010524909109,12.921118210765316,53944.51950245601,53951.31800338863,34.543425268275314,13.989934829540799,19.336034410871243,-27.32718600950273,53873.82552048,59337.22739658423,53940.20438095238,-0.0034761064878677966,53966.491712634146,53949.22000000001,53931.94828736587
2024-09-08 01:48:00,53942.76,53973.97,53942.75,53973.96,3.89768,66.34042998936113,-5.302166550369293,-10.952294420521657,5.650127870152364,13.15731024866968,53951.879626842005,53953.05969543566,51.16438109872979,14.702294941166155,20.184889095809094,138.17069172765565,53875.6902100704,59337.22514451421,53945.97714285714,-0.0031142462301022265,53980.39619054936,53954.814,53929.23180945063
2024-09-08 01:49:00,53973.97,53989.64,53969.0,53972.68,9.57583,65.25865569371771,-2.974895247767563,-9.356814585970838,6.381919338203275,13.879985579555726,53957.0797201315,53954.56894963292,57.62786747052451,12.678531455677765,20.217397017536975,165.213575439474,53879.62140166759,59337.21961031049,53951.05257142857,-0.002700592174665225,53985.363933735265,53956.55,53927.73606626474
2024-09-08 01:50:00,53972.68,53982.48,53972.68,53979.01,2.7838,68.3238998268609,-0.6126753354910761,-7.607986735874886,6.99531140038381,14.551041243949912,53962.56229009863,53956.44903043039,66.94462121154356,15.014400231711818,19.473297230570257,125.56220043731643,53886.222517567534,59337.21800335662,53956.43219047619,-0.002241820232018435,53995.15231060578,53961.68000000001,53928.207689394236
2024-09-08 01:51:00,53979.01,53979.01,53942.01,53942.01,4.03957,42.204749774755044,-1.7065181354410015,-6.427693015788109,4.721174880347108,13.762377403467482,53957.42421757397,53955.338335781904,64.90788430655084,15.01440023171182,20.725204571243808,-21.632859559534342,53892.427566513485,59337.21565540674,53955.87828571428,-0.0019020758170048854,53994.535942153285,53962.08200000001,53929.628057846734
2024-09-08 01:52:00,53942.01,53951.0,53942.01,53944.0,15.31089,43.596386619529824,-2.385323541268008,-5.61921912088409,3.2338955796160818,13.030046694448085,53954.06816318048,53954.46615610638,63.736782513326034,15.173787042357857,19.886975673297677,-78.63584848434873,53898.260312522674,59337.206759443114,53955.08657142857,-0.0016457562273188386,53994.20039125667,53962.33200000001,53930.46360874335
2024-09-08 01:53:00,53944.01,53944.01,53933.06,53933.06,4.40913,37.62048247290435,-3.762674516867264,-5.247910200080725,1.4852356832134612,12.22917781069047,53948.81612238535,53952.81952871358,72.80814353642927,16.58555827237341,19.24862026806244,-104.04177488131606,53903.743093771314,59337.20419245057,53952.61809523809,-0.0014927270121190793,53990.55607176822,53954.152,53917.74792823179
2024-09-08 01:54:00,53933.07,53939.0,53933.07,53939.0,0.66124,42.73487124533156,-4.325070016078826,-5.063342163280345,0.7382721472015197,11.485513847201258,53946.362091789015,53951.756488043306,64.89371967517945,16.873307944295448,18.298004534629573,-80.47957829546591,53908.896908145034,59337.20380790044,53950.817142857144,-0.0013910568372959824,53979.862859837594,53947.416000000005,53914.969140162415
2024-09-08 01:55:00,53938.99,53949.25,53938.99,53946.26,3.82231,48.88180659160503,-4.137259424111107,-4.878125615446498,0.7408661913353907,11.000643052647083,53946.33656884176,53951.33368127075,18.29897410614649,16.958093082145886,17.72386135358475,-41.94144610380703,53913.74149365633,59337.201587991956,53950.148761904755,-0.001299166804904204,53950.01548705307,53940.865999999995,53931.71651294692
2024-09-08 01:56:00,53946.26,53972.0,53946.26,53972.0,3.34496,64.90798258841394,-1.8896327845432097,-4.280427049265841,2.390794264722631,11.453458945289624,53952.75242663132,53952.92339809608,53.44989703716419,17.601515998018975,18.29644268547141,39.18182439615204,53918.29540403695,59337.199654594355,53952.8719047619,-0.0011220641099055266,53973.58894851858,53946.864,53920.13905148142
2024-09-08 01:57:00,53971.99,53972.0,53970.31,53970.31,0.98385,63.34334129683073,-0.24195228021562798,-3.472732095455798,3.23077981524017,11.873930845600555,53957.14181997349,53954.260829011764,64.39497599375318,17.719251203350893,17.110268207937903,67.97468133503052,53922.57607979474,59337.19908574703,53955.121999999996,-0.0008994079318775768,53984.32348799688,53952.126000000004,53919.92851200313
2024-09-08 01:58:00,53970.31,53970.32,53961.1,53961.1,4.79173,54.71757495832217,0.31702193007367896,-2.7147812903499027,3.0318032204235816,11.772939767546672,53958.13136498012,53954.78691908779,52.32574254786596,16.813576157585114,16.546677621656706,48.66646118736251,53926.59991500705,59337.19631048793,53955.91247619048,-0.0006873828966708938,53983.89687127393,53957.734,53931.571128726064
2024-09-08 01:59:00,53961.1,53961.11,53954.0,53954.0,1.99432,48.595824270295275,0.18497013550950214,-2.134831005178022,2.3198011406875243,11.312925940391114,53957.09852373509,53954.72638685027,38.92967162921559,15.751616949997963,15.87262922010984,24.484000609612746,53930.382320106626,59337.19515389935,53955.7839047619,-0.0005159496395940129,53980.198835814605,53960.734,53941.26916418539
2024-09-08 02:00:00,53954.0,53967.68,53948.0,53967.68,5.55963,59.16015283830432,1.1706848818139406,-1.4737278277796297,2.6444127095935706,11.184727718991255,53959.743892801314,53955.722818631024,26.568357215306605,14.077270248527986,16.1445842758163,47.36544847992656,53933.937780900225,59337.191937836404,53957.473238095234,-0.00032854734999369846,53978.30217860765,53965.018,53951.73382139234
2024-09-08 02:01:00,53967.67,53967.68,53942.0,53942.01,4.33355,40.443940002982984,-0.11812191105127567,-1.202606644433959,1.0844847333826833,10.739713688646992,53955.31041960099,53954.66798642864,40.84415146839456,14.077270248527986,16.8256853989723,-21.533960925600056,53937.27991404621,59337.18941903873,53955.476285714285,-0.0002307833336531163,53979.442075734194,53959.02,53938.5979242658
2024-09-08 02:02:00,53942.0,53942.01,53928.0,53928.01,4.18297,33.50647451559168,-2.2433338209957583,-1.4107520797463189,-0.8325817412494394,10.329271296755802,53948.485314700745,53952.61737208798,56.501312455991865,15.984725656579254,16.62456501333157,-127.97016151110817,53989.64,59337.18698145627,53951.619714285705,-0.0002475011532805361,53978.81065622799,53950.56,53922.309343772
2024-09-08 02:03:00,53928.01,53928.01,53849.0,53857.15,90.00451,16.409927617510235,-9.535470402057399,-3.0356957442085353,-6.499774657848864,12.428366459571375,53925.651486025556,53945.273728081214,154.41078171369736,33.76622809655454,21.08066751237946,-242.59984338293737,53988.4072,59337.13384571657,53938.752761904754,-0.0005962270790217978,54006.975390856845,53929.77,53852.56460914315
2024-09-08 02:04:00,53857.14,53877.29,53831.1,53831.11,35.28876,13.39575601371918,-17.21728145101224,-5.872012885569276,-11.345268565442964,14.730095986179501,53902.01611451917,53936.4919028442,208.4391729154013,49.17433486956478,22.87419126149538,-178.12564518509146,53982.830912000005,59337.11291366458,53923.51409523809,-0.0012454959370867909,54009.4115864577,53905.192,53800.9724135423
2024-09-08 02:05:00,53831.11,53858.0,53831.1,53833.01,22.92905,14.766528419995225,-22.88801909390895,-9.275214127237213,-13.612804966671739,16.867416260887047,53884.76458588938,53928.53175647157,189.78254462909536,58.017499887471544,23.161749028531528,-121.38585070879176,53973.727057280004,59337.09931773668,53909.937333333335,-0.002058914984555478,53973.14927231456,53878.25800000001,53783.36672768546
2024-09-08 02:06:00,53833.0,53855.99,53814.01,53855.99,24.35538,30.688866745654778,-25.236910191975767,-12.467553340184924,-12.769356851790842,19.180704587371974,53877.57093941703,53922.95162135838,140.93516457594524,58.42542206255887,24.505909812207555,-88.09967051070494,53965.169433843206,59337.084936425614,53900.462666666666,-0.002860169777137083,53931.521582287976,53861.054000000004,53790.58641771203
2024-09-08 02:07:00,53855.98,53855.99,53834.99,53849.3,20.29745,28.808775981304848,-27.32328458286065,-15.43869958872007,-11.884584994140582,21.32875803339369,53870.503204562774,53917.286112023125,44.6532579571649,57.07069311987821,24.25548768276416,-65.49170347860029,53953.07667913575,59337.072936661185,53890.93419047619,-0.003637513450631094,53867.63862897858,53845.312,53822.985371021416
2024-09-08 02:08:00,53849.3,53849.31,53843.01,53845.01,2.40777,27.511807251750753,-28.988754153113405,-18.14871050159874,-10.840043651514666,23.32337909041386,53864.12990342209,53911.72641109827,38.09776862508443,54.545962156910186,22.972952848280695,-56.40066335742206,53941.95134480489,59337.07151208871,53881.631428571425,-0.004373902554417301,53861.93288431254,53842.884,53823.835115687456
2024-09-08 02:09:00,53845.01,53845.01,53825.8,53825.8,2.41297,22.152797026062757,-31.495674709265586,-20.81810334313211,-10.677571366133478,25.51863272822002,53854.54742756656,53905.11668716764,43.860570062635816,51.87347501218766,22.70417050197487,-69.43496073744718,53931.716037220496,59337.07007944677,53870.66247619048,-0.005112262940077771,53863.75228503132,53841.822,53819.89171496868
2024-09-08 02:10:00,53825.81,53891.99,53825.8,53885.0,9.4337,54.74909690452761,-28.378354065687745,-22.330153487643237,-6.048200578044508,25.161579427400767,53862.160570674925,53903.56924969321,76.8847047866293,40.54853548325364,25.81030118040488,25.14205171124118,53922.299554242854,59337.06453858928,53868.7340952381,-0.005595937240120361,53890.66235239331,53852.219999999994,53813.77764760668
2024-09-08 02:11:00,53885.0,53886.99,53879.0,53879.01,6.75362,52.10028132862662,-26.090443543616857,-23.08221149883796,-3.0082320447788966,24.83002993378289,53866.372928006196,53901.68007663989,88.44931098706729,31.085201138711025,24.53742252466153,126.4333643369712,53913.636389903426,59337.06056751815,53866.83561904761,-0.0058989753488832095,53901.048655493534,53856.824,53812.59934450647
2024-09-08 02:12:00,53879.0,53909.38,53878.0,53909.38,8.18353,62.99341798848076,-21.57791600019118,-22.781352399108606,1.2034363989174253,23.597590334648036,53877.12469600465,53902.27237843682,119.04118913208367,26.740296928667078,25.02617805861409,160.1130238697483,53814.01,59337.05578245417,53869.856,-0.005946488730334021,53928.360594566046,53868.840000000004,53809.31940543396
2024-09-08 02:13:00,53909.38,53940.88,53908.0,53940.87,10.53558,71.15537058121019,-15.284534978985903,-21.281988915084067,5.9974539360981645,22.44629322684076,53893.06102200349,53905.24142624938,151.90523942845175,37.6473644326604,25.587165340141468,165.08569489222546,53815.9174,59337.04965785544,53877.567619047615,-0.005695104562547508,53963.96461971423,53888.012,53812.05938028578
2024-09-08 02:14:00,53940.87,53940.88,53928.0,53928.0,5.28926,64.20986330250363,-11.20630728454853,-19.26685258897696,8.06054530442843,21.377231626733998,53901.79576650262,53906.99208576866,95.51108420304081,40.208904056142686,24.67951067298832,120.66972153684804,53820.915904,59337.04657574685,53883.688285714285,-0.005289725114407028,53956.207542101525,53908.452000000005,53860.696457898484
2024-09-08 02:15:00,53928.0,53928.0,53911.1,53920.0,4.03769,59.85205578120803,-8.521584079113381,-17.117798887004245,8.596214807890863,19.931014237696907,53906.346824876964,53907.99269455569,83.69659016697551,39.48569687395423,24.123831339203544,73.9525177033043,53825.71446784,59337.04421946409,53889.12019047619,-0.004817214297558888,53957.30029508349,53915.452000000005,53873.60370491652
2024-09-08 02:16:00,53920.0,53943.57,53918.0,53943.56,5.8811,67.61860931928686,-4.441626193613047,-14.582564348326006,10.14093815471296,18.958486656594136,53915.65011865772,53910.72864112833,51.15621727090911,42.238460999723756,24.227129100688984,84.14372286109658,53830.3210891264,59337.04080234934,53897.90304761904,-0.00422527618433642,53953.940108635456,53928.362,53902.78389136455
2024-09-08 02:17:00,53943.57,53957.0,53943.56,53957.0,2.54684,71.40526897583226,-0.12232441786909476,-11.690516362234623,11.568191944365529,18.483788557500873,53925.98758899329,53914.28797642615,51.352441552327946,43.679180253633525,23.456619879211367,99.4122072792182,53837.11602377882,59337.03932623941,53908.32980952382,-0.00352180840666962,53963.56222077616,53937.886,53912.209779223835
2024-09-08 02:18:00,53957.0,53980.03,53956.99,53969.0,13.72503,74.58906114871091,4.220402892678976,-8.508332511251904,12.72873540393088,18.70515089365122,53936.74069174497,53918.49659362414,72.11108656327997,42.86494065823904,23.42686131641062,125.21534847299817,53846.706741876515,59337.03138917661,53919.40561904762,-0.00272348549318645,53979.56754328164,53943.512,53907.45645671836
2024-09-08 02:19:00,53969.0,53973.99,53964.99,53973.99,2.6055,75.92657160223908,7.972791493331897,-5.212107710335144,13.18489920366704,18.91070163436225,53946.05301880873,53922.76531719152,77.7745062938775,32.72433543805709,22.396371222381287,118.09303356766772,53860.039067688864,59337.02988384241,53929.83352380953,-0.0018725111495730478,53991.59725314694,53952.71,53913.82274685306
2024-09-08 02:20:00,53973.99,54011.0,53973.98,54006.01,10.6936,82.86956660339142,13.37614106372348,-1.4944579555234192,14.8705990192469,20.023547979031154,53961.04226410655,53929.16875433064,83.55453216374735,36.18701983186301,23.440916135068107,142.88889190492904,53872.038160919976,59337.02374248405,53943.188095238096,-0.0009031794008140297,54011.68926608187,53969.912,53928.13473391812
2024-09-08 02:21:00,54006.01,54030.0,53995.0,53995.0,14.95581,74.05664006618613,16.578809347491188,2.1201955050795025,14.458613842411685,21.447212526588935,53969.53169807991,53934.23269630521,71.27277340619185,31.838455379977816,24.266564982563242,129.15647804067737,53888.713581609576,59337.015135613794,53953.64590476191,6.567028214795862e-05,54015.83638670309,53980.2,53944.5636132969
2024-09-08 02:22:00,53995.01,54007.97,53995.0,54006.01,3.201,76.99274237169747,19.777380688363337,5.651632541736269,14.125748146627068,22.76918674932116,53978.65127355994,53939.754027358664,62.86392037507903,31.35679816222526,23.459667483808808,94.08672517004194,53908.493680184234,59337.01329728103,53964.184095238095,0.001032304696679513,54021.43396018754,53990.002,53958.57003981246
2024-09-08 02:23:00,54006.01,54007.0,54006.0,54006.99,2.10987,77.26753901298194,22.136177258129464,8.948541485014909,13.187635773114556,23.996734241858228,53985.73595516995,53944.92602525416,50.40064353613707,32.88465079114736,21.855405520679607,83.34188118686667,53925.50456495844,59337.012085807146,53973.31961904762,0.001957428566480839,54022.80032176807,53997.6,53972.39967823193
2024-09-08 02:24:00,54006.99,54024.0,54006.99,54010.35,4.53447,78.33230396368641,24.000007308422937,11.958834649696515,12.041172658726422,25.502299673177962,53991.88946637746,53949.95863869615,20.749226607076707,31.31737070155851,21.50930512634549,83.21585298957777,53940.13392586426,59337.009483786605,53981.17752380953,0.0028233090579046927,54015.246613303534,54004.871999999996,53994.49738669646
2024-09-08 02:25:00,54010.35,54010.36,53993.0,53999.99,8.68604,66.76214562781671,24.36032991411048,14.439133702579309,9.921196211531171,26.17228558073324,53993.91459978309,53953.8072049503,21.89659710554406,23.991144845446144,21.212926188749428,36.76440434692347,53952.71517624326,59337.004489778425,53986.46028571429,0.0035692203594790166,54014.61629855276,54003.66799999999,53992.71970144722
2024-09-08 02:26:00,53999.99,54000.0,53992.0,53992.0,8.74922,58.733333066797115,23.72764443521737,16.296835849106923,7.430808586110448,26.742590026788008,53993.43594983732,53956.74511226182,25.86361468951509,18.57071505525867,20.269145746695898,-6.609981824648693,53963.535051569204,59336.999451923715,53989.52552380953,0.004166769817768771,54015.99980734475,54003.06799999999,53990.136192655234
2024-09-08 02:27:00,53992.0,54021.1,53992.0,54021.1,6.75206,72.95038558640863,25.282917698925303,18.094052219070598,7.188865479854705,27.784412035460473,54000.351962377994,53961.69548824168,39.19165590761986,16.199085430268898,20.89992105050323,82.96300505764727,53972.84014434952,59336.99558521941,53995.68390476191,0.00473649136469305,54025.681827953806,54006.085999999996,53986.490172046186
2024-09-08 02:28:00,54021.09,54058.61,54021.09,54058.6,27.85033,82.35232145091307,29.20476521096134,20.316194817448746,8.888570393512595,29.47491706351327,54014.9139717835,53969.14968145387,93.0235265117808,22.066446421422096,22.08706954689615,250.65564352978691,53980.842524140586,59336.97974873096,54006.07819047619,0.005389620382121558,54062.919763255886,54016.407999999996,53969.896236744105
2024-09-08 02:29:00,54058.61,54058.61,54050.5,54052.0,8.41431,76.72034697681319,31.41812419945927,22.53658069385085,8.88154350560842,31.044671732419438,54024.18547883762,53975.5227828805,107.1421747241111,22.872866819911266,21.08870743640361,166.44820126593157,53992.0,59336.97495815148,54014.34866666666,0.006036072926698827,54078.30908736205,54024.738,53971.16691263794
2024-09-08 02:30:00,54052.0,54059.01,54050.92,54056.9,14.64889,78.05727719334931,33.18507925656013,24.66628040639271,8.518798850167421,32.5096852096077,54032.36410912821,53981.78256881278,103.71511552570155,26.12825231020272,20.160228333803623,112.2231210297149,54002.6576,59336.96662574717,54022.01533333333,0.0066561760938443956,54087.977557762846,54036.119999999995,53984.262442237145
2024-09-08 02:31:00,54056.89,54056.9,54052.0,54056.9,4.45293,78.0572771933493,34.191268212904106,26.57127796769499,7.619990245209117,33.8700548669968,54038.498081846155,53987.560832750256,56.69115970232815,26.896389512126145,19.070212024246327,82.43562368310744,54012.801031999996,59336.96409289063,54028.60257142858,0.0072189256238519165,54077.44557985116,54049.1,54020.754420148834
2024-09-08 02:32:00,54056.89,54056.9,54032.0,54032.0,4.96698,54.96060165010867,32.60362402527244,27.777747179210483,4.825876846061956,33.9434701932026,54036.873561384615,53990.97923023101,39.55706243358145,25.98124855673403,19.48662545108598,30.28239245767566,54021.11864624,59336.96125431842,54030.91838095239,0.007614761585973924,54071.0585312168,54051.280000000006,54031.501468783215
2024-09-08 02:33:00,54032.0,54032.0,54000.0,54007.99,9.47301,40.94261331801642,29.072864345216658,28.03677061241172,1.0360937328049395,32.4774195487456,54029.65267103846,53992.287750982476,75.83466545364354,25.89024159601763,20.380437918865557,-50.43194307818133,54059.01,59336.95581610787,54029.432857142856,0.007779946551261699,54079.07533272683,54041.15800000001,54003.24066727319
2024-09-08 02:34:00,54008.0,54024.0,54003.0,54024.0,13.53484,50.952544957553734,27.25243594238418,27.879903678406215,-0.6274677360220338,31.116086807464104,54028.23950327884,53994.727154753054,76.25647568906425,25.159956807739942,20.424692353232302,-49.04635799187237,54057.8298,59336.94806946843,54029.75819047619,0.007826291316101353,54073.68623784454,54035.558000000005,53997.42976215547
2024-09-08 02:35:00,54024.0,54035.0,54024.0,54025.01,2.28435,51.57391107712241,25.5961751032155,27.423157963368073,-1.8269828601525724,30.221131585519316,54027.432127459135,53997.05660438744,63.7391702846362,22.977053478814256,19.75150004228714,-31.44585300339789,54056.673204,59336.94676227591,54030.04685714286,0.007779397881760122,54061.04958514231,54029.17999999999,53997.310414857675
2024-09-08 02:36:00,54025.0,54026.0,54025.0,54026.0,0.71549,52.28493091083961,24.08581490040524,26.75568935077551,-2.669874450370269,29.390101736570582,54027.07409559435,53999.283019434566,32.01699905721762,18.34152810526605,18.412107182123773,-53.42170160298107,54055.53973992,59336.94635292158,54030.1817142857,0.007660444276475412,54039.00849952861,54023.0,54006.99150047139
2024-09-08 02:37:00,54026.0,54040.0,54025.99,54040.0,3.08439,61.802242265823715,23.744811152901093,26.153513711200628,-2.4087025582995345,29.0892956877645,54030.30557169576,54002.41509486268,40.61684661092295,17.58813956156203,18.09767095482936,-3.4218030269944326,54054.4289451216,59336.944592897584,54031.99285714285,0.007534036340689686,54044.90842330546,54024.6,54004.29157669454
2024-09-08 02:38:00,54039.99,54045.0,54039.99,54045.0,2.2473,64.8103723082506,23.605907235018094,25.643992415964124,-2.0380851809460303,28.971386798621634,54033.97917877182,54005.690856796326,34.95642780016351,16.291087812830654,17.16283731519884,45.73976662840584,54053.34036621917,59336.94331174764,54034.156285714285,0.007411433323635617,54049.48021390008,54032.002,54014.52378609992
2024-09-08 02:39:00,54044.99,54044.99,54031.25,54031.25,2.81402,51.441707054326734,22.131200094394444,24.94143395165019,-2.8102338572557457,28.372210789272177,54033.29688407887,54007.65694473507,31.388199128574342,15.406247394846748,16.919063221256064,20.284291017516445,54052.27355889478,59336.94170335226,54034.15638095238,0.007232396202173608,54049.14609956429,54033.452000000005,54017.75790043572
2024-09-08 02:40:00,54031.26,54031.26,54024.01,54024.01,1.48916,45.51014756607981,20.14604549597425,23.982356260515004,-3.8363107645407553,27.42141236347874,54030.97516305915,54008.91487206314,32.27704826244735,13.484995443945616,16.2284158483092,-24.71983385669671,54051.22808771689,59336.94085103946,54032.89342857143,0.006982921250147296,54049.390524131224,54033.252,54017.11347586878
2024-09-08 02:41:00,54024.01,54048.0,54024.01,54047.99,3.51544,62.63455455667336,20.27407485053118,23.24069997851824,-2.9666251279870615,27.159521756210435,54035.22887229436,54011.92065113521,35.48385870360653,11.786839785237172,16.78281471628697,86.24512461831971,54050.20352596255,59336.93884807853,54034.522952380954,0.0067701163362172455,54055.391929351805,54037.65,54019.9080706482
2024-09-08 02:42:00,54048.0,54054.0,54047.99,54052.0,1.59161,64.85115496141603,20.463225201245223,22.685205023063638,-2.2219798218184152,27.123325242371372,54039.42165422077,54015.00367797097,42.52321987427422,13.65188765585472,16.013327950838047,141.25657446786033,54000.0,59336.937941929136,54036.431047619044,0.006592293245333649,54061.31160993714,54040.05,54018.788390062866
2024-09-08 02:43:00,54052.01,54052.01,54051.0,54051.01,0.29524,63.731096470504895,20.299246413895162,22.208013301229943,-1.9087668873347816,27.089714193806525,54042.31874066558,54017.77339505013,45.728420970612206,11.781488724679795,14.941661668635476,115.21253025896156,54001.08,59336.93777380904,54038.27,0.006429074101128563,54064.11621048531,54041.252,54018.387789514694
2024-09-08 02:44:00,54051.0,54051.01,54051.0,54051.01,0.67772,63.731096470504895,19.939442561546457,21.754299153293246,-1.8148565917467891,27.058503934424884,54044.49155549919,54020.33005696935,42.728994985023746,11.6605071318017,13.87511440659023,89.27173061868837,54002.1384,59336.937387891376,54040.11838095238,0.006270084022395539,54066.56849749252,54045.204000000005,54023.83950250749
2024-09-08 02:45:00,54051.01,54051.01,54040.0,54045.99,2.0923,56.59395876312775,19.02985900130443,21.20941112289548,-2.179552121591051,26.30524987520997,54044.866166624386,54022.303898740945,9.008488685256452,10.640947739456358,13.670463377548216,32.61423115008326,54003.175632000006,59336.93619533084,54041.35352380953,0.006090344113097379,54054.10424434263,54049.6,54045.09575565737
2024-09-08 02:46:00,54046.0,54057.61,54044.0,54057.6,4.0877,66.88586551632565,19.026511664917052,20.772831231299797,-1.7463195663827449,25.899117204853013,54048.04962496829,54025.018983453185,14.783531525841681,10.23528059190761,13.666144564866244,84.79696152208132,54004.19211936001,59336.933870554465,54044.24057142858,0.00593452465846389,54058.91376576292,54051.522,54044.13023423708
2024-09-08 02:47:00,54057.61,54196.64,54057.6,54135.98,93.89932,88.66295473131623,25.059598376697977,21.630184660379435,3.4294137163185425,28.51221148286287,54070.03221872622,54033.55444626448,136.12576480676944,30.465763150698127,22.621419953090147,300.00000000010033,54006.328834585605,59336.88126108731,54057.33447619047,0.0060733255098590995,54136.38088240338,54068.31799999999,54000.25511759661
2024-09-08 02:48:00,54135.98,54135.99,54096.2,54106.92,9.02048,68.59330661661218,27.18261960813834,22.740671649931215,4.441947958207123,30.938656169586306,54079.25416404466,54039.19795039799,142.616205208702,34.426726889973054,23.847747099298058,128.38575684385842,54017.747504510466,59336.87617895285,54065.33476190476,0.006286498869471459,54150.80810260435,54079.5,54008.19189739565
2024-09-08 02:49:00,54106.92,54110.79,54104.0,54110.79,2.13341,69.68974382633894,28.844899836665718,23.961517287278117,4.883382549387601,33.19178337868664,54087.138123033496,54044.70503113661,136.33736029431748,36.097679333286045,22.6293365922054,80.97405442245844,54028.48105423984,59336.87497788145,54073.06133333333,0.0065420134392222065,54159.624680147164,54091.456000000006,54023.28731985285
2024-09-08 02:50:00,54110.79,54138.0,54101.1,54137.99,9.91092,76.58431921951228,31.98833990361163,25.56688181054482,6.421458093066811,35.589984103904506,54099.851092275116,54051.88079797226,116.12637517748226,38.46570079561192,23.64866969276226,87.47700336961633,54038.57059098545,59336.86942725951,54083.59761904763,0.0069004609169998074,54167.91918758875,54109.85600000001,54051.792812411266
2024-09-08 02:51:00,54138.0,54169.99,54137.99,54160.0,8.93125,80.82060465033612,35.84239306257223,27.621984060950304,8.220409001621924,38.116733812120984,54114.88831920634,54060.1976596667,77.9896688778681,44.09353765867904,24.245193286136384,111.8267676337956,54048.054755526326,59336.86444648927,54096.002,0.007378514983953696,54169.33083443893,54130.335999999996,54091.34116556106
2024-09-08 02:52:00,54160.01,54160.01,54137.36,54148.98,4.92679,72.89686701995538,37.574401741956535,29.612467597151554,7.961934144804982,40.43037397521365,54123.411239404755,54067.027070461576,83.57397472691082,45.23039795111966,24.13125090855532,84.37152506785438,54056.96987019475,59336.861693077495,54105.79419047619,0.007861818779182772,54174.72298736346,54132.936,54091.149012636546
2024-09-08 02:53:00,54148.98,54148.99,54114.01,54114.01,4.79171,53.080026762514215,35.71356065894361,30.832686209509966,4.880874449433641,41.405089532696074,54121.06092955357,54070.64114196453,77.02462964299775,41.80969862148185,24.906161557943935,32.364102653000224,54065.350077983065,59336.85899710897,54109.93342857143,0.008186019078194032,54172.866314821506,54134.35400000001,54095.84168517851
2024-09-08 02:54:00,54114.0,54188.31,54112.0,54180.64,13.6836,71.06486369918548,39.16385826445185,32.498920620498346,6.6649376439535,42.798158677037954,54135.95569716518,54079.10259258265,88.82027139968704,42.63404987594142,28.577864303804915,108.21372505047955,54073.22747330408,59336.85139651241,54122.16847619047,0.008614577735304559,54192.734135699844,54148.324,54103.91386430016
2024-09-08 02:55:00,54180.64,54194.0,54172.0,54182.96,7.44125,71.5209775332261,41.60584233413829,34.320304963226334,7.285537370911953,44.154990262161995,54147.706772873884,54087.091623922446,100.4585638132994,38.00511177528287,28.108016853533137,143.33765230408255,54080.632224905836,59336.84726511696,54133.221142857146,0.009086106906998489,54207.547281906656,54157.31800000001,54107.08871809336
2024-09-08 02:56:00,54182.88,54182.88,54153.12,54153.13,5.18114,57.52894939970151,40.66533592338965,35.589311155259,5.076024768130651,44.54930496224573,54149.062579655416,54092.17149900534,100.4730059839203,27.273925846043117,28.231729935423377,62.512265441223335,54087.59269141148,59336.84437189336,54139.011047619046,0.009440507796309682,54206.18050299196,54155.944,54105.70749700804
2024-09-08 02:57:00,54153.12,54169.0,54153.12,54153.13,6.59235,57.52894939970151,39.46504929475486,36.36445878315817,3.1005905115966925,44.9154543266092,54150.079434741565,54096.860614466466,99.76948777775397,27.312849091600896,27.349463511464375,38.564717187607506,54094.135529926796,59336.84069063434,54143.837809523815,0.009682735811706403,54206.658743888875,54156.774,54106.88925611112
2024-09-08 02:58:00,54153.12,54176.49,54148.5,54176.48,8.39117,65.20242810824524,39.93758769916167,37.07908456635887,2.858503132802795,45.375198867673696,54156.67957605617,54102.98518258443,53.356945970721426,25.36651898671189,27.395216117788202,62.01407149455277,54100.28579813119,59336.8360260039,54150.80533333333,0.009904850054330304,54195.94647298536,54169.268,54142.589527014636
2024-09-08 02:59:00,54176.49,54176.49,54153.12,54160.86,6.775,56.943580540732384,38.60664100518625,37.38459585412435,1.2220451510618986,45.80210451294787,54157.72468204213,54107.437091616404,49.08111004611419,20.92208837979168,27.107700680802996,33.855504265137384,54106.06705024332,59336.83224840448,54154.49523809524,0.010028101755017168,54189.852555023055,54165.312,54140.77144497694
2024-09-08 03:00:00,54160.86,54185.0,54160.86,54185.0,4.12675,65.1338342362244,39.04961278619885,37.71759924053925,1.3320135456595992,46.3446390163082,54164.54351153159,54113.40346918438,51.47835804836359,21.495068089532193,26.895722060745594,97.48172036618554,54111.50142722872,59336.82995814849,54160.3098095238,0.010147437379819765,54191.459179024176,54165.719999999994,54139.98082097581
2024-09-08 03:01:00,54185.0,54190.17,54169.0,54169.0,28.19208,56.57442904784045,37.675307340716245,37.70914086057465,-0.03383351985840477,46.93754963865444,54165.65763364869,54117.68012540097,44.9002660496044,21.61249527874978,26.486741913549356,76.67700569414193,54116.609741595,59336.81426362372,54162.777714285716,0.010181345626523836,54191.344133024795,54168.89399999999,54146.44386697519
2024-09-08 03:02:00,54169.01,54169.01,54135.0,54135.0,10.84795,42.37460937313437,33.45697336102603,36.85870736066492,-3.4017339996388927,45.727324607638344,54157.99322523652,54119.01242344706,68.45893954305211,22.98683287246779,27.024117491153117,-152.61912485931015,54121.4115570993,59336.808184865855,54160.397809523805,0.01001383603762514,54199.49746977153,54165.268000000004,54131.03853022848
2024-09-08 03:03:00,54135.01,54141.0,54127.46,54133.82,7.04097,41.93624372548877,29.67660373749095,35.42228663603013,-5.7456828985391795,44.26302255281616,54151.94991892739,54120.15146779729,79.27397335467685,18.99171468347963,26.0609662417851,-171.74358488227995,54125.92526367334,59336.804238500124,54157.593142857135,0.009694797080564825,54196.372986677336,54156.736,54117.09901332266
2024-09-08 03:04:00,54133.82,54139.6,54126.0,54126.01,6.91743,38.75221071709267,25.753560827455658,33.48854147431524,-7.734980646859583,42.83542815815379,54145.464939195546,54120.602124120574,92.0528298940335,21.09510835754356,25.17089722451463,-131.70048221272168,54196.64,59336.800355562875,54153.52780952381,0.009240838297701167,54195.79241494702,54149.766,54103.73958505299
2024-09-08 03:05:00,54126.0,54131.0,54095.59,54095.59,9.12683,28.602020705839465,19.959797170566162,30.782792613565427,-10.822995442999265,40.21846109909419,54132.99620439666,54118.678114572846,93.68565638168366,26.735602645822432,25.902261708478118,-152.18160276116552,54195.2272,59336.79520253134,54145.52057142856,0.008588125215266015,54178.72682819085,54131.884000000005,54085.041171809164
2024-09-08 03:06:00,54095.59,54099.0,54090.01,54090.02,3.2633,27.045516831845447,14.748731089865032,27.57598030882535,-12.827249218960318,37.576456226695925,54122.25215329749,54116.473644221085,77.36132679713774,32.44043562095423,24.69424301501525,-138.09818993306197,54191.241712,59336.79335810824,54137.38409523809,0.007793481561013811,54154.76866339857,54116.088,54077.407336601435
2024-09-08 03:07:00,54090.01,54091.0,54064.17,54090.99,31.88811,27.865853588583164,10.575289219348633,24.17584209093001,-13.600552871581378,35.563539864767144,54114.43661497312,54114.51336389639,74.9423670022079,35.93893507584707,24.846797085371428,-125.62479459720788,54185.16780928,59336.77533829068,54129.93847619047,0.006926232037009693,54144.757183501104,54107.286,54069.814816498896
2024-09-08 03:08:00,54091.0,54091.0,54068.0,54068.01,5.39001,21.115799510473565,5.351820070427493,20.41103768682951,-15.059217616402016,33.69440324297613,54102.82996122984,54110.936182058205,74.34991413587704,38.71834402943334,24.714883007844897,-104.57977459414197,54175.4879845376,59336.77227909134,54119.648095238095,0.005951142976825505,54131.298957067935,54094.123999999996,54056.94904293206
2024-09-08 03:09:00,54068.01,54070.0,54064.0,54068.0,4.49079,21.11312884973937,1.1975713632054976,16.56834442210471,-15.37077305889921,32.09783046578859,54094.12247092238,54107.63339882296,48.006204641846125,40.37685464525982,23.37810565014169,-98.87886740742604,54166.58254577459,59336.76973025872,54110.42904761904,0.0049340885055584646,54106.52510232092,54082.522,54058.518897679074
2024-09-08 03:10:00,54067.99,54118.12,54067.99,54118.11,5.27981,55.19142945887626,1.9265494830397074,13.639985434291708,-11.713435951252,30.726730799540906,54100.11935319178,54108.4392912212,74.07000345669803,32.46862199686119,25.288955246560477,-8.263425878650416,54156.32429119713,59336.766762106505,54108.986190476186,0.004103913230829651,54124.06100172835,54087.026,54049.99099827165
2024-09-08 03:11:00,54118.12,54118.12,54096.64,54096.65,5.39776,45.164707705153795,0.7638223748435848,11.064752822402083,-10.300930447558498,29.453566823739486,54099.252014893835,54107.532422665725,75.66991795993818,24.906071279796176,25.016887014663528,16.2524352908566,54147.09186207742,59336.7637151716,54105.01552380951,0.0033491020515442624,54126.18695897997,54088.352,54050.51704102003
2024-09-08 03:12:00,54096.65,54115.0,54096.64,54114.99,4.08854,53.7766247067963,1.3071692573066684,9.113236109383001,-7.8060668520763326,28.271343131923878,54103.186511170374,54108.10608246067,87.21062598114077,22.68459087707143,24.541395085044744,53.32721778546358,54138.782675869676,59336.76141534682,54104.02809523811,0.0027368752689011246,54136.75731299057,54093.152,54049.54668700943
2024-09-08 03:13:00,54115.0,54115.0,54110.0,54110.01,1.67772,51.15862385264617,1.3207069087293348,7.554730269252269,-6.234023360522934,27.17356398952367,54104.89238337778,54108.25253765601,73.23498947870394,19.836724750186622,23.14558115039869,85.09466437178803,54131.30440828271,59336.760470721245,54102.96228571429,0.002223144620623194,54138.169494739355,54101.552,54064.93450526065
2024-09-08 03:14:00,54110.0,54121.99,54110.0,54117.02,4.42449,54.869814646234886,1.8754648190006264,6.418877179201941,-4.543412360201314,26.40807962942023,54107.92428753334,54108.92695783632,31.44424354088551,18.58214904844675,22.348753925370065,96.98463774131316,54124.57396745444,59336.75798289359,54103.315428571426,0.0018184307688609096,54127.07812177045,54111.35600000001,54095.633878229564
2024-09-08 03:15:00,54117.02,54117.02,54101.11,54114.99,9.41282,53.458254366223755,2.1267940670004464,5.560460556761642,-3.4336664897611957,25.256941262227354,54109.69071565,54109.39334569506,29.644504446259816,19.41948954969237,21.888842930700502,59.68377499753727,54121.99,59336.75268814858,54104.04533333333,0.0014932557670420052,54125.554252223126,54110.731999999996,54095.90974777687
2024-09-08 03:16:00,54115.0,54143.0,54112.0,54143.0,6.53077,67.36101168296844,4.533883431489812,5.3551451317072765,-0.8212617002174643,25.10308150364855,54118.0180367375,54111.97847294929,46.917137207856285,23.526679629153207,22.539639864221893,135.5996045814114,54064.0,59336.74903427873,54109.02428571429,0.0013335237818106532,54143.46056860393,54120.002,54096.54343139607
2024-09-08 03:17:00,54143.0,54157.0,54142.99,54145.01,6.04777,68.17953120479153,6.528453350307245,5.58980677542727,0.938646574879975,25.380572371166856,54124.76602755312,54114.5193596455,59.54280184645904,26.21102984405994,21.930379873920476,173.9589007754096,54065.58,59336.745651954356,54114.19504761904,0.0012961335296415365,54155.77740092324,54126.00600000001,54096.23459907678
2024-09-08 03:18:00,54145.0,54145.0,54124.0,54124.01,4.14128,51.870811209351345,6.341538576169114,5.740153135575639,0.6013854405934751,24.71180048773225,54124.577020664845,54115.249408903546,51.12595868734934,21.98442572316755,21.86463845435487,66.65366158167862,54069.2368,59336.743326503114,54116.45923809522,0.0012639733011261271,54154.36897934368,54128.806000000004,54103.24302065633
2024-09-08 03:19:00,54124.0,54124.0,54111.17,54111.18,6.0481,44.13148708594534,5.0993513476933,5.611992777999172,-0.5126414303058713,23.525841796715376,54121.22776549863,54114.93637744943,56.05075845794636,14.732871370635822,21.22002142190122,-25.588216540173086,54072.747328,59336.73992196079,54117.03180952381,0.0011879200494984048,54155.66337922897,54127.638,54099.612620771026
2024-09-08 03:20:00,54111.18,54120.0,54106.0,54120.0,3.96965,50.25439700006805,4.771605213150906,5.443915265029519,-0.6723100518786129,22.20270524602335,54120.920824123976,54115.325886876395,52.91878974146675,14.725222199470494,20.70430560605113,-36.27666896077222,54076.11743488,59336.73769117497,54118.6319047619,0.0011152463403676862,54155.09939487073,54128.64,54102.180605129266
2024-09-08 03:21:00,54120.0,54137.0,54117.74,54117.75,5.6098,48.623116195143695,4.280959606745455,5.211324133372706,-0.9303645266272511,21.600764948179744,54120.12811809298,54115.51235711667,45.956308682783856,12.38304988200501,20.601140919904765,8.572567121072487,54079.3527374848,59336.734537333476,54119.64647619047,0.0010376600263928997,54146.568154341396,54123.590000000004,54100.61184565861
2024-09-08 03:22:00,54117.74,54117.75,54116.85,54117.75,2.4432,48.623116195143695,3.847764791396912,4.938612264977548,-1.0908474735806362,20.9997230394323,54119.533588569735,54115.68448349231,16.652894156752154,12.24448192916594,19.1939165684831,-43.38871368413019,54082.458627985405,59336.73316376244,54120.40619047619,0.0009580900554813569,54126.464447078375,54118.138,54109.81155292162
2024-09-08 03:23:00,54117.74,54125.0,54117.74,54125.0,4.48844,55.3483872094017,4.042865550974966,4.759462922177033,-0.7165973712020666,20.71115505895305,54120.9001914273,54116.40106168521,17.805418607662432,11.498586238841058,18.341493956448737,-12.543435884437052,54085.44028286599,59336.73064386141,54121.65885714285,0.0009049066516307155,54127.23870930383,54118.335999999996,54109.433290696164
2024-09-08 03:24:00,54125.0,54143.0,54124.99,54134.01,6.9129,62.64131119109775,4.868396168298204,4.7812495714012675,0.08714659689693693,21.060782466028517,54124.17764357048,54117.75559540174,24.611993900383823,11.676893039174395,18.31781581670254,55.71391848270478,54088.30267155135,59336.72676953376,54123.57,0.0009024369233655948,54135.207996950194,54122.902,54110.59600304981
2024-09-08 03:25:00,54134.01,54138.02,54134.0,54138.01,1.73427,65.63177205530927,5.7787874363639276,4.9807571443938,0.7980302919701279,21.38543648688431,54127.63573267787,54119.31362652469,33.19060065319354,11.694184877029635,17.296543258366416,68.97017505943919,54091.05056468929,59336.72579831211,54125.86304761904,0.0009467203528217133,54143.0993003266,54126.504,54109.908699673404
2024-09-08 03:26:00,54138.02,54138.02,54106.94,54106.94,6.59451,37.58719395387415,3.947683302380028,4.774142375991046,-0.8264590736110176,20.308437025039467,54122.4617995084,54118.36180909972,44.79290483702789,11.96480728093972,18.28107588276842,-63.14781582341817,54093.68854210172,59336.72208320272,54123.619523809524,0.0009064328759006952,54146.73845241852,54124.342000000004,54101.94554758149
2024-09-08 03:27:00,54106.51,54106.51,54092.18,54092.18,4.8536,30.224724829364362,1.2906338150423835,4.077440663801314,-2.78680684875893,19.035889507157414,54114.891349631296,54116.34782378436,68.98524250726041,13.236349317990728,18.02957046257082,-184.46342765620284,54157.0,59336.71934114557,54119.484666666656,0.0007561808596750168,54153.72062125363,54119.228,54084.73537874637
2024-09-08 03:28:00,54092.19,54092.19,54087.0,54087.0,3.30291,27.921447862142458,-1.2190275646717055,3.01814701810671,-4.237174582778415,18.06553223394419,54107.91851222347,54114.09029887787,83.97531353829254,16.38179897663272,17.11245828667307,-169.59968027707995,54155.7036,59336.7174733144,54114.82895238095,0.0005185480851922185,54153.61565676915,54111.628000000004,54069.64034323086
2024-09-08 03:29:00,54087.0,54087.01,54068.36,54068.37,2.28785,21.011135562440018,-4.657548274524743,1.4830079595804193,-6.140556234105162,17.87493978507006,54098.0313841676,54110.573352810345,93.1627886442584,22.086254572524997,17.222282694767955,-147.306845490826,54152.955456,59336.71617491997,54107.97514285714,0.00016433877209281867,54145.08139432213,54098.5,54051.91860567787
2024-09-08 03:30:00,54068.37,54075.0,54068.36,54070.01,2.9789,23.02360614641394,-7.16764229763794,-0.24712209186325262,-6.920520205774688,17.697961082544087,54091.0260381257,54107.45309490186,57.63673471058428,25.187320088936836,16.466405359427345,-112.02036464567401,54147.87972864,59336.714484869946,54101.78399999999,-0.00024714965945056854,54113.71836735529,54084.9,54056.08163264471
2024-09-08 03:31:00,54070.01,54070.01,54039.0,54059.17,7.59099,19.15308765123173,-9.917286990421417,-2.1811550715748855,-7.736131918846532,18.507724933341287,54083.06202859427,54103.73901067864,49.250367431974155,28.648290465462747,17.505233548039822,-117.68889479719853,54143.1085449216,59336.71016933625,54094.84266666667,-0.0007179731968239478,54099.971183715985,54075.346,54050.72081628401
2024-09-08 03:32:00,54059.18,54075.0,54050.05,54075.0,5.72226,37.5505294972658,-10.695757482033514,-3.8840755536666114,-6.811681928366903,18.99551277021021,54081.04652144571,54101.52831754951,36.47268660539703,28.868214295168304,18.037002580322483,-72.88244507812229,54134.77986132787,59336.70692595178,54090.82952380953,-0.0011497878182263183,54090.146343302695,54071.909999999996,54053.6736566973
2024-09-08 03:33:00,54075.0,54089.0,54074.99,54089.0,2.33967,49.69849041717266,-10.066972169392102,-5.1206548768117095,-4.946317292580392,18.73503701993575,54083.03489108428,54100.564600814934,39.16182922454027,26.97268612115365,17.749359538871023,-12.755173333657321,54127.11747242164,59336.70560335338,54089.14980952381,-0.0014841479002362572,54091.89091461227,54072.31,54052.72908538773
2024-09-08 03:34:00,54088.99,54100.61,54088.99,54098.01,2.27585,56.26825008825242,-8.740864335617516,-5.844696768572871,-2.896167567044645,17.945757134653732,54086.778668313214,54100.368093059944,55.09339710128552,22.82099464503653,17.311548143237566,56.49152714588057,54120.06807462791,59336.704319041484,54088.882666666665,-0.001703440299624707,54105.78469855064,54078.238,54050.691301449355
2024-09-08 03:35:00,54098.0,54098.0,54068.25,54077.75,17.71685,41.605508155769066,-9.21846230817755,-6.519449876493807,-2.6990124316837427,17.960151688169734,54084.52150123491,54098.62823974764,52.73579099764174,14.80460772596283,18.2007232758636,10.970640476452568,54113.58262865768,59336.69428239137,54086.12361904761,-0.001906022233286988,54106.15389549882,54079.786,54053.41810450118
2024-09-08 03:36:00,54077.75,54103.54,54057.0,54103.54,20.59427,58.23167100742987,-7.430273115081945,-6.701614524211435,-0.7286585908705101,18.33654874171419,54089.27612592618,54099.00606745936,44.346853643408394,14.203802657017656,20.224957327587692,62.422330018309005,54107.616018365065,59336.682672935756,54087.18419047619,-0.0019919008381110758,54110.833426821715,54088.66000000001,54066.48657317831
2024-09-08 03:37:00,54103.54,54104.35,54103.53,54104.35,1.12963,58.67512302857169,-5.879979324308806,-6.53728748423091,0.6573081599221036,18.64388511434017,54093.04459444464,54099.41713919326,40.074812888138695,15.62312488048128,18.838888947045692,136.31205273332853,54039.0,59336.68203623784,54088.48809523809,-0.001989090568150973,54114.567406444075,54094.530000000006,54074.49259355594
2024-09-08 03:38:00,54104.35,54106.53,54104.35,54106.53,1.50519,60.04512757000192,-4.424450236670964,-6.114720034718921,1.6902697980479573,18.809281012180797,54096.41594583348,54099.96428233224,42.09820865535585,17.280894682623302,17.64896830797102,111.24913004571793,54040.307,59336.68118821524,54090.27933333333,-0.0019152296131392582,54119.08510432768,54098.036,54076.98689567232
2024-09-08 03:39:00,54106.53,54106.53,54106.52,54106.53,1.10178,60.04512757000192,-3.2336573590437183,-5.538507499583881,2.3048501405401627,18.96286291731852,54098.94445937511,54100.46933753746,44.23429515630414,17.371195728375163,16.38904200025895,91.22107371504445,54042.95592,59336.680567473624,54092.332285714285,-0.0017931998713584178,54121.85714757816,54099.740000000005,54077.62285242185
2024-09-08 03:40:00,54106.53,54117.0,54106.52,54116.99,4.42264,67.49150415322478,-1.429433225748653,-4.716692644816836,3.2872594190681825,18.493017331417683,54103.45584453133,54101.74015772689,19.391309494385496,18.009156588676323,15.966967571669255,104.96289301482511,54045.4988832,59336.67808074794,54096.07971428571,-0.0016028820617854935,54117.283654747196,54107.588,54097.89234525281
2024-09-08 03:41:00,54117.0,54117.0,54114.0,54114.01,2.76305,63.44886541212511,-0.23729826974886237,-3.820813769803241,3.5835155000543786,18.05673214450976,54106.0943833985,54102.6839917479,19.63170914334478,14.29773085857922,15.040755602264309,97.6419463398181,54049.788950208,59336.67652627712,54099.3340952381,-0.001382616348083048,54119.497854571666,54109.68199999999,54099.86614542832
2024-09-08 03:42:00,54114.01,54133.0,54107.6,54107.6,5.61648,54.952616733684515,0.1880758213592344,-3.019035851570746,3.2071116729299805,16.778283952235363,54106.470787548875,54103.06214622883,17.364861182373716,11.644554136551093,15.780701630674104,90.7064051486907,54053.82161319552,59336.67336261311,54101.52590476191,-0.0011721882920367745,54119.01443059118,54110.331999999995,54101.64956940881
2024-09-08 03:43:00,54107.6,54107.6,54021.73,54021.73,10.38293,17.430758995151052,-6.330825683573494,-3.681393817971296,-2.649431865602198,18.373869722712907,54085.28559066166,54096.80582728816,144.13196121618967,28.08735405307566,20.78708008562562,-192.96181506337737,54133.0,59336.66741805986,54092.07219047618,-0.00128507720822021,54165.43798060809,54093.371999999996,54021.3060193919
2024-09-08 03:44:00,54021.73,54021.74,53991.11,54000.0,38.52377,14.437253574229288,-13.099528279351944,-5.565020710247426,-7.534507569104518,20.424639371416202,54063.964192996245,54089.35922518907,202.12749395420542,41.2222123096116,21.490145793795033,-203.67005040108495,54133.0,59336.645271933536,54080.16533333334,-0.0016856575986226125,54173.12974697711,54072.066000000006,53971.0022530229
2024-09-08 03:45:00,54000.0,54009.0,53992.32,53995.0,12.40669,13.783642681909242,-18.65222087400616,-8.182460742999172,-10.46976013100699,22.32892547378355,54046.723144747186,54082.10082325146,209.472035375642,50.338371535105196,21.146563951381122,-130.90623646600568,54127.3244,59336.63813306725,54068.258571428574,-0.002276533092141151,54152.404017687826,54047.668000000005,53942.931982312184
2024-09-08 03:46:00,53995.0,53995.01,53964.0,53977.48,20.91853,11.57937147913161,-24.187666970967257,-11.38350198859279,-12.804164982374466,24.562475605065703,54029.41235856039,54074.05306761674,183.38198778682272,58.28535421070607,21.851095097711188,-113.19226227730148,54121.875823999995,59336.62605701375,54054.626952380946,-0.003028330933542654,54112.05299389341,54020.362,53928.67100610659
2024-09-08 03:47:00,53977.48,54009.69,53977.48,54009.69,11.51349,34.63920688950566,-25.67945332076488,-14.242692255027208,-11.43676106573767,25.93101770063948,54024.48176892029,54069.102062415455,59.19992625679879,58.87230033364183,22.59101687644604,-69.2317800812834,54112.40327456,59336.61945036486,54046.21876190477,-0.0037334762841785595,54030.379963128406,54000.780000000006,53971.18003687161
2024-09-08 03:48:00,54009.68,54019.0,54009.68,54018.99,3.34382,40.05576603753597,-25.813708115398185,-16.556895427101406,-9.25681268829678,26.769933370373646,54023.108826690215,54065.2472883835,56.18248414598929,56.926783619289914,21.643087099557018,-37.52754421329704,54103.499078086395,59336.61753497334,54039.8059047619,-0.004336235075663804,54028.323242073,54000.232,53972.14075792701
2024-09-08 03:49:00,54019.0,54051.1,54019.0,54051.1,10.84614,55.37725735339013,-23.06323870246706,-17.858164082174536,-5.205074620292525,26.220323852947903,54030.106620017665,54064.15903543093,98.81951145765197,53.03009477762597,22.390723735302988,8.330679181927312,54095.12913340121,59336.61135966261,54038.42695238096,-0.004720130589534889,54059.86175572883,54010.452000000005,53961.04224427118
2024-09-08 03:50:00,54051.09,54051.1,54048.0,54048.01,2.22911,53.789619245334244,-20.891979319654638,-18.464927129670556,-2.4270521899840816,25.70997215819543,54034.58246501325,54062.91680193625,108.24390224230592,46.12095952684287,21.012814897066956,43.81353025079036,54087.26138539714,59336.61008976613,54036.8898095238,-0.0049428496893228835,54075.17595112116,54021.054000000004,53966.93204887885
2024-09-08 03:51:00,54048.0,54092.19,54048.0,54092.19,8.72877,69.02562438855796,-15.428434454835951,-17.857628594703634,2.4291941398676826,23.931946186217612,54048.984348759936,54065.168586402695,115.81284476452856,42.291192895976266,22.668328118705197,131.8512184694081,53964.0,59336.6051586401,54041.77219047619,-0.004878846633640076,54101.90242238226,54043.996,53986.089577617735
2024-09-08 03:52:00,54092.19,54119.99,54092.18,54119.99,17.04265,75.19989219345109,-8.754392928778543,-16.036981461518614,7.282588532740071,23.049685598742006,54066.73576156995,54069.38561821787,142.62017351086251,44.85036632959074,23.035590395940375,154.61437995569517,53966.5638,59336.59558183376,54050.477047619046,-0.004515569089249472,54137.366086755435,54066.056000000004,53994.74591324457
2024-09-08 03:53:00,54119.99,54131.02,54119.98,54131.0,17.89819,77.34600014998695,-2.547387255326612,-13.339062620280215,10.791675364953603,22.510302403712334,54082.80182117746,54074.12518604727,136.81727787117416,54.05310385694407,22.178762510515607,132.7810503952393,53972.700848,59336.58554553726,54060.521714285715,-0.003918790277395724,54156.86663893559,54088.458000000006,54020.04936106442
2024-09-08 03:54:00,54131.01,54141.0,54131.0,54141.0,2.3942,79.29851121068452,3.142402229626896,-10.042769650298792,13.185171879925688,22.259272054808232,54097.35136588309,54079.269402505175,133.84548645332688,59.33263326289032,21.308850902621636,109.03406328550591,53982.19999712,59336.58420558674,54071.666666666664,-0.003147423963608994,54173.360743226665,54106.438,54039.51525677334
2024-09-08 03:55:00,54141.0,54145.66,54140.99,54145.64,10.89559,80.2464764457515,7.934546102682361,-6.447306499702562,14.381852602384924,22.14414263367408,54109.42352441233,54084.3748330817,76.20937876509561,60.545402035930714,20.12036155243477,95.39649275243302,53994.9039973504,59336.57811315831,54083.20161904762,-0.0022693127272620838,54164.06868938255,54125.964,54087.85931061745
2024-09-08 03:56:00,54145.64,54180.0,54145.64,54161.01,10.21074,83.28838637240906,12.82474946644652,-2.5928953064727462,15.417644772919266,22.826626991262042,54122.32014330925,54090.269845921575,55.288617306316155,55.83531482981401,21.137478584403755,98.41197221916065,54009.979597615355,59336.57242059209,54096.48466666666,-0.0012974708688047293,54167.37230865316,54139.728,54112.083691346845
2024-09-08 03:57:00,54161.0,54181.1,54161.0,54180.64,9.9226,86.47938073585638,18.07588031308842,1.540859817439487,16.535020495648933,23.48368920557258,54136.90010748194,54097.221396235305,69.36923470486363,54.02175167813054,21.063372971231956,102.57021999093637,54030.38204590151,59336.566909659734,54111.87638095237,-0.00023116814123837705,54186.542617352425,54151.85799999999,54117.17338264756
2024-09-08 03:58:00,54180.64,54180.65,54174.0,54174.0,4.45168,80.25882116769,21.45433461956418,5.523554777864426,15.930779841699753,24.093818404575224,54146.17508061146,54103.12744267874,61.687998212495586,47.13911756046892,20.03384633042978,94.52752351128015,54051.4825594753,59336.56443405215,54124.869333333336,0.000829055964490076,54191.30199910625,54160.458,54129.61400089375
2024-09-08 03:59:00,54174.01,54174.01,54134.07,54137.5,23.48339,54.43174792921928,20.945097000774695,8.60786322244648,12.337233778328214,23.08017064705158,54144.00631045859,54105.77148554961,65.36534497323737,39.498339261075856,21.45571444968496,24.5751830115266,54069.62900114876,59336.551282498396,54131.33847619047,0.00170618680707173,54192.44067248661,54159.757999999994,54127.075327513376
2024-09-08 04:00:00,54137.5,54149.0,54136.0,54139.79,11.04019,55.50963254661451,20.490109156984545,10.984312409354093,9.505796747630452,22.138926300779627,54142.95223284395,54108.388294353485,69.92006753057649,25.827477872908766,20.851734846136033,-21.91919803745645,54085.23494098793,59336.545102336204,54136.75580952382,0.0024278833700061954,54193.54803376529,54158.588,54123.627966234715
2024-09-08 04:01:00,54139.8,54177.84,54139.8,54177.84,4.24693,69.76816520220012,22.93545931745757,13.374541790974789,9.560917526482783,22.05702772070013,54151.67417463296,54113.73073324937,76.64731887972448,21.150586988204502,22.080182357126006,55.399108589929334,54098.65604924962,59336.542742367936,54145.70066666665,0.003147088540087359,54200.27765943987,54161.954000000005,54123.63034056014
2024-09-08 04:02:00,54177.84,54182.0,54175.0,54175.0,3.09011,67.82136974734095,24.36340648800251,15.572314730380334,8.791091757622176,22.08685632117207,54157.505630974716,54118.44375376866,72.675678266256,19.30857333911902,21.003026474474147,90.30039553861884,54110.19820235467,59336.54102428675,54152.66542857142,0.0038172865704704834,54197.16383913313,54160.826,54124.48816086687
2024-09-08 04:03:00,54175.01,54186.0,54175.0,54186.0,2.89942,71.51561301362877,26.082015735722962,17.67425493144886,8.407760804274101,22.220083484142886,54164.62922323104,54123.64038809415,81.62203998577024,19.120288931882303,20.288524583440278,97.85025659471737,54121.686489977925,59336.53941566455,54159.61104761904,0.004458090147869524,54204.03701999289,54163.226,54122.41498000712
2024-09-08 04:04:00,54186.0,54199.0,54185.99,54198.99,3.26031,75.50126447831302,28.167512830252235,19.772906511209534,8.394606319042701,22.683452615013074,54173.21941742327,54129.43651208691,78.85088288236875,20.815512296702536,19.768629970337546,129.58469698678348,54133.2629217819,59336.53761138081,54167.00390476191,0.0050898285102012756,54214.94944144118,54175.524,54136.09855855881
2024-09-08 04:05:00,54199.0,54271.0,54199.0,54258.0,44.8908,86.10208942740043,34.187802430467855,22.6558856950612,11.531916735406654,24.497027237051032,54194.414563067454,54139.32601115715,122.29286541379406,33.8588539046147,23.50015640102787,226.84202310334,54146.41033742552,59336.51305389826,54180.82685714285,0.005891431456590131,54260.3124327069,54199.166000000005,54138.01956729311
2024-09-08 04:06:00,54258.01,54265.0,54238.0,54238.02,9.36245,73.2278043476397,36.92110280178895,25.50892911640675,11.412173685382196,26.18106081465771,54205.315922300586,54146.917856452754,126.54316387306608,37.86439054138223,23.75014522952588,145.0490066225264,54171.328269940415,59336.50791205622,54190.40666666667,0.006688653717649437,54274.47358193654,54211.202000000005,54147.93041806347
2024-09-08 04:07:00,54238.01,54270.16,54238.01,54270.16,10.15756,79.22429151397068,41.20569878727838,28.648283050581078,12.557415736697301,27.826700117272285,54221.52694172544,54156.39802134101,130.94722223412828,46.01052594505443,24.350134855988422,117.93610620314456,54191.262615952335,59336.50236871874,54203.14771428571,0.007551580788541145,54295.70761111706,54230.234,54164.76038888293
2024-09-08 04:08:00,54270.16,54300.0,54270.15,54299.99,30.58687,83.37225481857894,46.47259651053173,32.21314574257121,14.259450767960523,29.793258394050383,54241.14270629408,54167.443558160936,134.6877984177845,55.691331032664564,24.742982366274862,121.64089486054988,54207.21009276187,59336.485774744026,54218.54076190476,0.008514278787209253,54320.375899208884,54253.03199999999,54185.6881007911
2024-09-08 04:09:00,54300.0,54301.0,54273.0,54290.26,18.03769,77.3291112165782,49.293298755117576,35.62917634508048,13.664122410037095,31.633199055141443,54253.42202972056,54176.89097676395,88.87464593720506,55.11321975892706,24.975626482969517,95.70938905877394,54225.768074209496,59336.47597009088,54231.122285714286,0.009450562086860105,54315.7233229686,54271.286,54226.8486770314
2024-09-08 04:10:00,54290.26,54304.0,54290.25,54304.0,3.90715,79.80911254626919,52.0375720378579,38.91085548363597,13.126716554221929,33.385653239913424,54266.06652229042,54186.66859393596,96.97558605328959,51.79531973689077,24.173796019900266,99.17827082957514,54240.8144593676,59336.47385208945,54244.158476190474,0.010359930641632823,54328.97379302664,54280.486,54231.99820697335
2024-09-08 04:11:00,54304.0,54308.71,54295.0,54308.7,7.36062,80.67678368951853,53.969551709080406,41.92259472872486,12.046956980355546,35.08451773161077,54276.72489171782,54196.055625171655,54.62215669717989,50.91793619788598,23.426382018478755,90.01621032429227,54253.45156749408,59336.46986575032,54256.45952380952,0.011208789044108096,54321.933078348586,54294.621999999996,54267.310921651406
2024-09-08 04:12:00,54308.7,54308.71,54275.0,54275.0,6.23816,58.89873361142308,52.17985428102838,43.974046639185566,8.205807641842817,35.59934921334638,54276.29366878836,54202.12826938922,47.8101937482279,43.14230463105047,24.160926160015922,42.7902256226186,54264.50325399526,59336.466464669254,54263.04761904762,0.011837006058976987,54319.49509687412,54295.590000000004,54271.68490312589
2024-09-08 04:13:00,54275.01,54275.01,54244.0,54244.0,7.46189,45.377315201715845,47.71009299943398,44.72125591123525,2.9888370881987356,34.690582762756655,54268.22025159127,54205.349171743896,93.45816862289212,34.73252404675653,24.65014572001493,-64.02421896942752,54308.71,59336.46237149257,54264.54047619048,0.012155382447200734,54331.12108431145,54284.39200000001,54237.66291568856
2024-09-08 04:14:00,54244.0,54269.57,54244.0,54269.57,11.11849,55.491094834973296,45.70421059363434,44.91784684771507,0.7863637459192745,33.84672820149477,54268.55768869346,54210.2892354559,95.14876252680551,24.71742363406637,24.7158495971567,-55.21249530070937,54308.71,59336.45630314513,54268.428380952384,0.012321018388058103,54327.8283812634,54280.254,54232.6796187366
2024-09-08 04:15:00,54269.56,54272.0,54249.0,54249.0,14.03369,47.07656227797498,41.97089291850716,44.32845606187349,-2.3575631433663276,33.13064626014907,54263.66826652009,54213.26698657468,91.8623699372256,25.584976668066876,24.59328891164551,-79.56157709039509,54307.4158,59336.44861264004,54268.33761904762,0.012278916557313254,54315.18518496861,54269.254,54223.32281503139
2024-09-08 04:16:00,54249.0,54251.0,54246.0,54249.74,3.08633,47.42075345552316,38.62665949305665,43.18809674811012,-4.56143725505347,32.32394491928424,54260.18619989007,54216.07260299202,49.530439959591604,23.92390213422998,23.193768275099398,-97.27770219464533,54306.147484,59336.446921570874,54267.66780952381,0.012078153359755196,54282.227219979795,54257.462,54232.696780020204
2024-09-08 04:17:00,54249.73,54290.0,54249.73,54290.0,4.02607,63.09179617815198,38.77796766978281,42.30607093244466,-3.528103262661851,32.59812574453245,54267.63964991755,54221.759325838786,68.6506553687941,24.202945458861294,24.413499112592067,5.795258509850455,54304.90453432,59336.444733058575,54271.6541904762,0.01190134063767573,54294.7873276844,54260.462,54226.1366723156
2024-09-08 04:18:00,54290.0,54291.1,54280.0,54280.01,5.44257,57.948965920125154,37.657676723683835,41.3763920906925,-3.718715367008663,32.877966439007224,54270.73223743817,54226.24014692812,65.10466627284768,22.982220277505323,23.462534890263957,35.500074291024674,54303.686443633596,59336.44176870409,54273.31809523809,0.011688853857554232,54300.21633313643,54267.664000000004,54235.11166686358
2024-09-08 04:19:00,54280.01,54295.0,54280.0,54295.0,3.85084,63.33099257040248,37.54659205965436,40.61043208448487,-3.0638400248305118,33.23168765472785,54276.799178078625,54231.52936639519,78.76760899285728,23.354234067594348,22.85806811238796,67.67288777182009,54302.49271476093,59336.43967752246,54276.20904761905,0.011492791359454742,54312.13380449643,54272.75,54233.36619550357
2024-09-08 04:20:00,54294.99,54299.0,54294.99,54296.0,6.44844,63.70288800635372,37.11145060425042,39.910635788437986,-2.7991851841875643,33.65940898252757,54281.59938355897,54236.48864590325,68.66859709039272,22.426210458976218,21.511777532931823,103.11778352294496,54301.322860465705,59336.436176424126,54278.880952380954,0.011297274022937258,54316.4842985452,54282.15,54247.815701454805
2024-09-08 04:21:00,54296.0,54316.0,54296.0,54314.01,5.20803,70.22845220651345,37.78430045423738,39.485368721597865,-1.7010682673604833,34.459529104823,54289.70203766923,54242.45182698762,44.25670537041151,23.338641039070463,21.403793423436692,126.01920191740543,54244.0,59336.43335889756,54283.402,0.01115334438206011,54317.13235268521,54295.004,54272.875647314795
2024-09-08 04:22:00,54314.0,54365.44,54304.0,54304.0,27.67101,62.70913484468305,37.08235318054358,39.00476561338701,-1.92241243284343,36.089530027070204,54293.276528251925,54247.186301834736,44.85596471169265,24.916784815698783,24.26352246461995,140.44232817491252,54245.44,59336.41835919215,54286.17076190476,0.010992242857948867,54320.23198235585,54297.804000000004,54275.37601764416
2024-09-08 04:23:00,54304.0,54304.0,54275.0,54275.0,8.9522,45.69873097932127,33.79641325749253,37.96309514220812,-4.166681884715587,36.20387299099506,54288.70739618894,54249.32581707822,51.44764953062986,21.79263252156219,24.601842288575664,-3.5898760330842583,54250.240000000005,59336.413478501534,54285.03466666667,0.010700548051226109,54322.52582476532,54296.802,54271.07817523469
2024-09-08 04:24:00,54275.01,54288.99,54275.0,54277.0,16.27078,46.89097563095678,30.996358750744548,36.56974786391541,-5.573389113170862,36.31004860035385,54285.78054714171,54251.4546003799,60.695066045445856,21.436681231482062,23.843853553677256,-35.38064773205567,54254.848000000005,59336.40461129033,54284.31057142856,0.01032022424996746,54323.54953302273,54293.202000000005,54262.85446697728
2024-09-08 04:25:00,54277.01,54277.01,54257.0,54257.0,7.51938,37.11275478356272,26.853907399294258,34.626579770991185,-7.7726723716969275,35.599406820787515,54278.58541035628,54251.881169581444,82.94136629169225,20.1377636405523,23.570006871271882,-130.17044617875774,54365.44,59336.40049720783,54281.176952380956,0.009804661754143731,54326.87268314585,54285.402,54243.931316854156
2024-09-08 04:26:00,54257.01,54260.0,54228.26,54228.26,5.19575,27.297003216329642,21.00972007380915,31.90320783155478,-10.893487757745632,33.82082426797667,54266.00405776721,54250.06415653672,100.01519805756107,24.781721848474895,24.153577809038033,-182.1292757408492,54363.2712,59336.39763837349,54274.70371428571,0.009097996500522782,54318.25959902878,54268.252,54218.24440097122
2024-09-08 04:27:00,54228.27,54232.0,54228.26,54232.0,2.51527,30.180651204563105,16.489861399153597,28.820538545074545,-12.330677145920948,32.16928332608088,54257.50304332541,54248.67460603389,82.47060956865607,29.028054705664637,22.695465108392312,-138.64795517621977,54357.870752,59336.396255422136,54269.17428571428,0.008289439193579674,54295.08730478433,54253.852,54212.61669521567
2024-09-08 04:28:00,54232.0,54240.0,54231.99,54239.99,4.3374,36.62480185745909,13.39812185178016,25.73605520641567,-12.33793335463551,30.88111811014893,54253.12478249405,54248.0065594159,72.11579734491534,31.07404189984717,21.646503314935867,-87.75537383801878,54352.68632192,59336.39387435793,54264.82447619048,0.0074599994012719065,54282.907898672456,54246.85,54210.79210132754
2024-09-08 04:29:00,54239.99,54241.1,54236.0,54236.0,4.37071,34.705281070751454,10.504843040005653,22.68981277313367,-12.184969733128018,29.719707994693106,54248.84358687054,54247.08297792237,39.908498177304864,31.778281751885277,20.464610221011775,-69.2318989149654,54347.709269043204,59336.39147313161,54260.22438095238,0.0066232914954412565,54258.604249088654,54238.65,54218.69575091135
2024-09-08 04:30:00,54236.0,54242.81,54236.0,54236.14,4.2172,34.84905318299981,8.129483936303586,19.777747005767655,-11.648263069464068,28.69854758130857,54245.66769015291,54246.24121038989,16.026453219834366,31.114789409357286,19.48928091951077,-55.484274458703965,54342.93129828147,59336.38915630797,54255.76676190477,0.005805254109166424,54242.49122660992,54234.478,54226.464773390086
2024-09-08 04:31:00,54236.13,54250.59,54236.13,54250.59,5.31242,48.809694658164354,7.328510462619306,17.287899697137988,-9.959389234518682,28.01616551570902,54246.898267614684,54246.57573266759,25.39114748816064,24.664006703142526,19.13004656811708,-19.876654808439127,54338.34444635022,59336.38624606969,54253.365333333335,0.005075589133322837,54251.639573744076,54238.943999999996,54226.248426255916
2024-09-08 04:32:00,54250.6,54250.6,54242.0,54242.01,1.64209,42.34449053318751,5.933006909595861,15.016921139629563,-9.083914230033702,27.382876790818873,54245.676200711016,54246.22452246239,21.362635856712586,17.27060177118631,18.377900384680043,-8.948746510028368,54333.941068496206,59336.38534498661,54250.195238095235,0.0043956654411321724,54251.62731792835,54240.945999999996,54230.26468207164
2024-09-08 04:33:00,54242.0,54242.01,54219.0,54219.0,3.63077,29.688932294694965,2.936495500136516,12.600836011730955,-9.664340511594439,25.679169921454083,54239.00715053326,54244.13032842682,41.384447353877476,16.382752345848612,18.708764642917327,-125.12119579852902,54329.71382575636,59336.38334363427,54244.31904761905,0.003686836251394632,54257.44022367694,54236.748,54216.05577632306
2024-09-08 04:34:00,54219.0,54219.01,54216.0,54216.0,2.2927,28.362705108171284,0.31602080041193403,10.143872969467152,-9.827852169055218,23.9634479470802,54233.255362899945,54241.966457009374,53.22045173450897,12.77988510557455,17.58742431128052,-174.75790145796432,54323.070996210976,59336.38207911255,54238.76666666667,0.002971108205697347,54259.358225867254,54232.748,54206.137774132745
2024-09-08 04:35:00,54216.01,54216.01,54204.0,54204.0,2.19758,23.354945787841842,-2.697924001942738,7.575513575185173,-10.273437577127911,22.657962944120747,54225.94152217496,54239.04596031635,69.13120443682419,13.904927862628686,17.189036860474918,-159.2809675155938,54314.5053165141,59336.38086421359,54232.37619047619,0.002232505725516806,54260.885602218405,54226.31999999999,54191.75439778158
2024-09-08 04:36:00,54204.01,54221.0,54204.0,54220.99,4.41816,41.041261083377385,-3.67320355931588,5.325770148284962,-8.998973707600843,21.209105625582442,54224.70364163122,54237.65704029202,49.23803638390382,14.215765269514229,17.175534227583853,-82.981908920812,54303.45478486269,59336.378429787794,54229.29876190476,0.001567137565737509,54245.01901819195,54220.4,54195.78098180805
2024-09-08 04:37:00,54221.0,54221.0,54210.48,54210.49,6.13227,35.04410483091576,-5.233058442630863,3.214004430101798,-8.447062872732662,19.863738115511158,54221.15023122341,54235.567267961866,24.666348959726747,15.402212574724139,16.70013892561335,-71.71262329092616,54293.50930637642,59336.375043947985,54225.61190476191,0.0009385479123594014,54226.42917447986,54214.096,54201.762825520134
2024-09-08 04:38:00,54210.48,54214.0,54210.48,54214.0,2.37024,38.64079834008171,-6.115530975795991,1.3480973489222399,-7.463628324718231,18.61446828473068,54219.362673417556,54233.90824734942,22.70464205868484,15.25649894220955,15.758700430926453,-63.20065944413262,54284.55837573878,59336.373736153284,54223.00742857143,0.00037240822139404314,54224.44832102934,54213.096,54201.743678970655
2024-09-08 04:39:00,54214.0,54214.0,54207.0,54207.0,1.74945,34.11953197495721,-7.295638732823136,-0.38064986742683526,-6.9149888653963005,17.639756949081463,54216.27200506317,54231.8383821687,23.570964575730613,15.667456858623002,15.133078971574564,-69.4329679595099,54276.5025381649,59336.372769564674,54220.06961904762,-0.00015350624703615288,54223.08148228786,54211.295999999995,54199.51051771213
2024-09-08 04:40:00,54207.01,54207.01,54195.99,54195.99,14.99299,27.94750784987417,-9.01537399848894,-2.1075946936392564,-6.907779304849683,17.29828326350148,54211.201503797376,54229.08081430957,33.073590235217125,16.75432842825159,14.839287616462386,-127.79379345430719,54269.25228434841,59336.364468021966,54216.14,-0.0006692247833322027,54226.230795117604,54209.693999999996,54193.15720488239
2024-09-08 04:41:00,54196.0,54206.0,54196.0,54205.0,2.7576,38.8162515687453,-9.541259189551056,-3.5943275928216165,-5.946931596729439,16.981200555462927,54209.65112784803,54227.22844397806,24.339596773133962,12.587705817439666,14.494338501000934,-102.37078287195389,54260.4608102266,59336.36294383199,54213.719047619044,-0.0011222113544421231,54218.665798386566,54206.496,54194.32620161343
2024-09-08 04:42:00,54205.01,54205.01,54197.5,54197.51,1.52986,33.739283114700626,-10.442038080676866,-4.9638696903926665,-5.4781683902842,16.686766612284266,54206.61584588603,54224.942409825904,26.304680707136868,8.604004492093484,13.995457179501013,-105.08709245189412,54252.72431299941,59336.36209700874,54210.55657142857,-0.0015384934344405885,54217.05234035357,54203.9,54190.74765964643
2024-09-08 04:43:00,54197.51,54197.51,54194.0,54194.0,1.44478,31.42769751479301,-11.308778943181096,-6.232851540950353,-5.075927402230743,16.612012308590973,54203.46188441452,54222.56222445469,20.570275329824653,8.997901234854854,13.246495952393943,-119.16688706686308,54245.91619543948,59336.36129673384,54207.33066666666,-0.0019219416757171102,54210.185137664914,54199.9,54189.61486233509
2024-09-08 04:44:00,54194.01,54198.0,54194.0,54197.99,1.56565,37.288638948143635,-11.540683847502805,-7.294418002260844,-4.246265845241961,16.503042674001613,54202.09391331089,54220.672053342794,14.884316684445366,8.681539096027837,12.586031955794377,-80.14087170276503,54238.64792807795,59336.36043018126,54205.03676190477,-0.00224880538516254,54205.54015834222,54198.098,54190.655841657775
2024-09-08 04:45:00,54197.99,54208.98,54197.99,54199.01,6.39988,38.890899220683416,-11.509490438089415,-8.137432489426558,-3.3720579486628566,15.55029996906201,54201.32293498317,54219.0057415472,14.288025866320822,8.86747013703451,12.47202967323801,-18.360141231829697,54232.39721814704,59336.35688869569,54203.24219047619,-0.0025156592616543856,54205.846012933165,54198.702000000005,54191.557987066844
2024-09-08 04:46:00,54199.0,54199.01,54191.9,54191.9,1.12381,32.04282691804305,-11.921068360192294,-8.894159663579707,-3.026908696612587,15.068651533048142,54198.96720123737,54216.92068450511,10.744531780554098,7.396207509179908,12.089027553721051,-101.13552339711565,54227.02160760645,59336.3562659556,54200.99085714286,-0.0027515409938101043,54201.45426589029,54196.08200000001,54190.70973410973
2024-09-08 04:47:00,54191.9,54191.91,54191.9,54191.91,0.53169,32.06301700800161,-12.106879343496985,-9.536703599563163,-2.570175743933822,14.62140655674955,54197.20290092803,54214.996785697025,12.02277185987623,7.157906038177978,11.226239871312549,-117.92735958842326,54221.40215038942,59336.3559713293,54199.2180952381,-0.0029511357716143155,54200.97338592994,54194.962,54188.95061407006
2024-09-08 04:48:00,54191.91,54191.91,54179.0,54179.0,3.76555,21.956945584830095,-13.144345164095284,-10.258231912469588,-2.886113251625696,15.021779129737585,54192.65217569602,54212.22780218187,28.511384449448087,7.773105840361098,11.34650845193333,-193.28836612965694,54216.68180632711,59336.3538794832,54195.981999999996,-0.003158579670135422,54206.21769222472,54191.962,54177.706307775275
2024-09-08 04:49:00,54179.0,54196.0,54176.51,54196.0,4.08887,47.90392898039917,-12.451256047315837,-10.696836739438838,-1.754419307876999,15.041433498848619,54193.48913177202,54210.97950970635,27.31783833373629,6.742671492029573,11.928186419652233,-78.4505928853916,54209.89908118823,59336.351615514955,54195.36495238096,-0.0032949871018726424,54205.22291916687,54191.564,54177.90508083313
2024-09-08 04:50:00,54195.99,54213.04,54195.99,54213.04,8.00199,62.7859390807493,-10.407026613407652,-10.638874714232603,0.23184810082495133,14.154076682206597,54198.376848829015,54211.13800895971,43.803746725592646,8.883985089609194,12.294030246820139,149.0069637448184,54176.51,59336.347199582604,54197.09609523809,-0.0033101423803833844,54216.27187336279,54194.369999999995,54172.4681266372
2024-09-08 04:51:00,54213.04,54226.76,54213.04,54226.75,4.32103,70.83097005847392,-7.593148548512545,-10.029729481088593,2.4365809325760477,14.156011146172176,54205.47013662176,54212.338931347425,66.91066452463565,12.928293561281434,12.395885229190212,193.58574610242675,54176.51,59336.34482138805,54200.73095238095,-0.0031875682701148016,54234.79533226232,54201.340000000004,54167.884667737686
2024-09-08 04:52:00,54226.75,54226.76,54214.06,54220.99,4.00664,63.86979647544367,-5.761498799110996,-9.176083344693074,3.4145845455820787,14.157807434140212,54209.35010246632,54213.00439816686,69.90604874449491,14.697117516593773,12.417607712819793,121.64895114472559,54178.520000000004,59336.34261374257,54203.44295238096,-0.0029925020965880667,54242.10902437225,54207.156,54172.202975627755
2024-09-08 04:53:00,54221.0,54250.0,54220.99,54250.0,6.96239,77.33322168868148,-1.946599436487304,-7.73018656305192,5.783587126564616,15.318881864180247,54219.51257684974,54215.85021369249,70.69461967449752,21.01808578262102,13.602778590475667,153.5943200867748,54180.44960000001,59336.338799249075,54209.95638095239,-0.00264691311739339,54256.703309837256,54221.35600000001,54186.00869016276
2024-09-08 04:54:00,54250.0,54250.0,54210.0,54210.0,5.72132,47.83799947036232,-2.1264178909914335,-6.609432828639823,4.48301493764839,15.578592650720752,54217.13443263731,54215.4001972546,56.81189708937018,20.809789575782407,15.48829440544169,61.72382251946758,54184.622624,59336.33564005579,54210.72695238095,-0.002354226867485921,54252.56194854469,54224.156,54195.75005145532
2024-09-08 04:55:00,54210.01,54215.63,54206.0,54215.63,7.50387,50.99486995665113,-1.7939518038765527,-5.64633662368717,3.8523848198106174,15.536883444453013,54216.75832447798,54215.41787438887,55.321836293529486,20.6877689031232,15.069844805052812,10.163705233078145,54188.54526656,59336.33150113214,54212.11476190477,-0.0020846819938450203,54252.334918146764,54224.674,54197.013081853234
2024-09-08 04:56:00,54215.62,54247.99,54215.62,54247.98,3.90706,65.42363112178327,1.0675980000305572,-4.303549698943625,5.371147698974182,16.863296826452974,54224.563743358485,54217.92265328204,67.05520760422223,22.866375799224883,16.305570176120135,97.37603609790156,54192.232550566405,59336.329359724725,54217.71466666667,-0.001721622899865862,54262.44760380211,54228.92,54195.39239619789
2024-09-08 04:57:00,54247.99,54270.0,54247.99,54265.23,9.54659,70.90513691037314,4.673454991694598,-2.5081487608159803,7.181603752510578,18.760486118726043,54234.73030751887,54221.561679952654,85.21447672053182,26.117468908652317,16.713743734968467,166.33300297322876,54195.69859753242,59336.324145111954,54225.133904761904,-0.0012460100439274898,54280.37523836027,54237.768000000004,54195.16076163974
2024-09-08 04:58:00,54265.22,54269.57,54265.22,54269.56,3.05168,72.23118094982702,7.7907109824082,-0.4483768121711442,8.239087794579344,20.522161890122465,54243.437730639154,54225.25385841784,98.8544250234263,25.05164541010554,15.830619182470615,139.32096290323182,54201.64270972983,59336.32247962509,54232.45209523809,-0.0006973943434588479,54291.10721251172,54241.68000000001,54192.252787488294
2024-09-08 04:59:00,54269.56,54275.0,54269.56,54275.0,5.27664,74.01656035575334,10.57818264485104,1.7569350792332925,8.821247565617748,22.31514016049606,54251.328297979366,54229.0804846934,86.07739161112113,25.062855294931783,15.088432098008594,120.00079937472024,54207.11129295144,59336.31960293711,54239.814,-0.00010248707421189059,54297.71869580557,54254.68000000001,54211.64130419445
2024-09-08 05:00:00,54274.99,54291.0,54274.99,54290.99,6.91744,78.81979749538382,13.917105655084015,4.1889691944034375,9.728136460680577,24.40665494350126,54261.24372348452,54233.84275510161,55.802490288653644,27.907729892631586,15.154258376722412,115.74199966837685,54213.9001636563,59336.315843646466,54248.5841904762,0.0005556645209119756,54297.65324514433,54269.752,54241.85075485567
2024-09-08 05:01:00,54290.99,54297.0,54283.06,54283.06,7.42309,71.0080055014061,15.741878889246436,6.499551133372037,9.242327755874399,26.495622460696104,54266.69779261339,54237.62869701687,37.09710288341739,28.980384016820523,15.067525635528119,96.20282448073334,54223.15214401754,59336.311803225406,54255.35333333333,0.0011982439377087979,54295.31655144171,54276.768000000004,54258.219448558295
2024-09-08 05:02:00,54283.07,54300.0,54283.06,54300.0,4.5222,76.88149899382682,18.343488928687293,8.868338692435088,9.475150236252205,28.509398034676867,54275.023344460045,54242.42648955404,43.63010889592988,30.080478959489536,15.201273804419133,94.42827913098168,54233.490843855085,59336.30935002642,54263.513047619046,0.0018614463023571932,54305.53705444796,54283.721999999994,54261.90694555203
2024-09-08 05:03:00,54300.0,54301.21,54300.0,54301.2,2.0375,77.27289075895388,20.268471279479854,11.148365209844043,9.120106069635812,30.41046256712254,54281.56750834503,54246.94752881912,39.98283914638159,32.322205868599895,14.201897104103418,98.5487431351603,54244.13230883827,59336.30824498939,54270.68038095238,0.002510634111520386,54310.041419573194,54290.05,54270.05858042681
2024-09-08 05:04:00,54301.2,54322.0,54301.2,54321.99,3.64952,83.18964355098335,23.204130143727525,13.55951819662074,9.644611947106785,32.660022081780866,54291.67313125877,54252.72002660226,52.203299532760866,30.143114784032143,14.673190168096239,127.25803823593145,54254.40629324738,59336.30627384801,54279.617809523814,0.0031924970629918278,54325.54964976638,54299.448,54273.346350233616
2024-09-08 05:05:00,54322.0,54338.79,54322.0,54338.78,3.64697,86.57641067211186,26.579086460231338,16.16343184934286,10.415654610888478,35.06493027266481,54303.44984844408,54259.34002455594,77.36276707827346,27.275553502876846,14.825105156089574,159.46046876389886,54267.92503459791,59336.30431068102,54289.756285714284,0.003921158184712241,54347.687383539145,54309.00600000001,54270.32461646087
2024-09-08 05:06:00,54338.78,54339.0,54325.08,54325.09,13.16137,72.32025690938572,27.828307660231076,18.496407011520503,9.331900648710572,37.301815848600754,54308.859886333055,54264.397714974715,59.397178400307894,25.0829855568856,14.760454787797338,110.7300894687053,54282.09802767833,59336.29720650975,54297.002476190464,0.004592850635060793,54347.11058920015,54317.412,54287.71341079984
2024-09-08 05:07:00,54325.08,54327.63,54314.0,54327.62,3.36004,73.29544081857959,28.691733869221935,20.535472383060792,8.156261486161142,38.41017575788577,54313.54991474979,54269.26096766897,49.021151045832084,24.01429104615506,14.679708017240198,67.02326463182271,54293.47842214267,59336.29539376489,54303.59457142857,0.005197621011462392,54347.44657552292,54322.936,54298.425424477085
2024-09-08 05:08:00,54327.63,54341.0,54327.62,54341.0,3.00057,78.17513749043327,30.108586495989584,22.45009520564655,7.658491290343033,39.76216021204052,54320.41243606234,54274.77935477136,30.35822342915344,23.472364578300958,14.586871730294282,94.40883509548648,54302.58273771413,59336.293779279986,54311.23142857142,0.005769570979114991,54346.07511171457,54330.89599999999,54315.71688828542
2024-09-08 05:09:00,54340.99,54344.08,54340.99,54344.08,2.98176,79.22383134822874,31.121236428683915,24.184323450254027,6.936912978429888,41.08830412508818,54326.329327046755,54280.110173635105,30.194791102578165,21.99105669254963,13.765666606702103,99.86571793831233,54310.26619017131,59336.29217590623,54318.03133333334,0.006294737508482682,54350.41139555129,54335.314,54320.21660444871
2024-09-08 05:10:00,54344.07,54344.65,54334.61,54334.61,4.52187,67.29353902221138,30.804523567647266,25.50836347373268,5.296160093914587,41.7629872025433,54328.39949528506,54284.30246797087,29.389460453312495,20.446521818064614,13.499547563366301,69.06606961705992,54317.02895213704,59336.28973976275,54322.34523809524,0.006719559211276116,54349.17473022666,54334.48,54319.78526977335
2024-09-08 05:11:00,54334.62,54351.84,54334.61,54351.84,7.26614,75.38618749901626,31.579810943556367,26.72265296769742,4.8571579758589465,42.588679022336585,54334.259621463796,54289.49766274234,32.985032752447296,17.317070480157557,13.766008451696989,100.47536829825621,54322.553161709635,59336.28583864245,54328.13142857142,0.007107790048422323,54356.322516376225,54339.83,54323.33748362378
2024-09-08 05:12:00,54351.83,54380.0,54351.83,54372.07,25.75093,81.74885348889572,33.441135116212536,28.066349397400447,5.374785718812088,43.9959069603574,54343.71221609785,54295.84938099293,51.69686630334763,18.997584174362597,14.794864990861365,196.98552770914455,54328.410529367706,59336.27206937836,54335.79009523809,0.007513740178838372,54374.56843315168,54348.72000000001,54322.871566848335
2024-09-08 05:13:00,54372.07,54379.99,54372.07,54378.01,8.33722,83.27243203560235,34.99218812765321,29.451517143451,5.540670984202208,45.30261861709102,54352.286662073384,54302.16942860886,65.95840023460914,18.969036085698395,14.303803205799714,166.27769765307573,54334.61,59336.26761673916,54343.264476190474,0.007920771870991888,54389.1012001173,54356.121999999996,54323.14279988269
2024-09-08 05:14:00,54378.0,54378.01,54370.0,54370.01,2.80417,73.37329155256049,35.17045258815779,30.59530423239236,4.575148355765428,46.329198409584855,54356.71749655504,54307.387934100494,63.82296390370175,18.99433415580543,13.854245833957023,100.94862746896003,54343.688,59336.266116708226,54348.69114285714,0.008266712473633333,54393.21948195185,54361.308,54329.39651804815
2024-09-08 05:15:00,54370.0,54390.23,54370.0,54370.01,5.32932,73.37329155256049,34.90931559751334,31.45810650541656,3.451209092096782,47.550109333370635,54360.04062241628,54312.20501609277,35.110702661419054,19.803304775304802,14.309656845817463,87.04496344044006,54350.9504,59336.263265904636,54353.36523809523,0.008540674317104716,54385.94335133071,54368.388,54350.83264866929
2024-09-08 05:16:00,54370.01,54370.01,54327.0,54337.23,9.66593,43.1247563946793,31.691965355872526,31.504878275507753,0.18708708036477262,45.64380519997673,54354.337966812214,54314.13001485486,57.67584424531378,18.325899220673037,16.359681356830645,-46.98948426301351,54390.23,59336.25806120579,54352.84057142856,0.008619942862650224,54394.30392212266,54365.466,54336.62807787734
2024-09-08 05:17:00,54337.23,54338.0,54337.23,54337.99,3.68309,43.769701313255204,28.870714136850438,30.978045447776292,-2.1073313109258542,43.87366564753954,54350.25097510916,54315.96539832757,69.70935479174659,16.99754796113623,15.246132688485371,-77.84839167330735,54390.23,59336.25607832031,54352.062666666665,0.008551283142515492,54393.504677395875,54358.65,54323.79532260413
2024-09-08 05:18:00,54337.99,54341.0,54333.08,54341.0,9.75903,46.6451612222897,26.571435100435338,30.096723378308102,-3.5252882778727646,41.9854393872102,54347.938231331864,54317.89113691776,61.4836706903734,16.99754796113623,14.722837496450577,-70.8699772069113,54388.9654,59336.25082746908,54351.33571428571,0.008380612595956039,54381.989835345186,54351.248,54320.50616465481
2024-09-08 05:19:00,54341.0,54396.0,54340.99,54396.0,13.27673,74.84781834113983,28.85466166621336,29.848311035889157,-0.9936493696757971,41.92979644800911,54359.953673498894,54323.899511001015,92.89922954204667,21.158093513773593,17.600491960989967,73.72401915439336,54327.0,59336.24376258882,54357.761047619046,0.008330484699397513,54402.89561477102,54356.445999999996,54309.99638522897
2024-09-08 05:20:00,54396.0,54410.43,54394.0,54402.05,17.1019,76.48830988374068,30.797307418128185,30.038110312336965,0.7591971057912197,42.19402238109301,54370.47775512417,54329.91108707786,118.48900425540342,23.212040865470005,17.51688539234785,139.82946226059516,54328.38,59336.23467341424,54364.44809523809,0.008368710620461968,54422.09850212771,54362.85400000001,54303.609497872305
2024-09-08 05:21:00,54402.04,54412.0,54402.04,54409.77,7.33091,78.6232387675195,32.58419731016329,30.547327711902234,2.036869598261056,42.47330526313595,54380.30081634313,54336.05408037957,124.95759473230282,26.40037735479856,16.97710786432294,123.71131495475058,54331.662,59336.230783349754,54371.43152380953,0.008475862554085714,54439.84079736615,54377.362,54314.88320263385
2024-09-08 05:22:00,54409.78,54507.08,54409.78,54500.0,146.81889,90.59761012118217,40.810687142264214,32.59999959797463,8.210687544289584,44.12999223694667,54410.225612257345,54348.66530496576,204.89979436038993,48.499873871914545,22.715171588300223,196.78371224540118,54336.48228,59336.15430374665,54389.66323809524,0.008932577272933603,54512.2138971802,54409.764,54307.31410281981
2024-09-08 05:23:00,54500.0,54509.0,54462.19,54481.12,114.20948,79.42622516744206,45.2847667868773,35.13695303575517,10.14781375112213,45.687550748885734,54427.94920919301,54358.85412766071,174.87316501003806,57.21373129703048,24.436230760564325,141.24700147471538,54350.1300976,59336.094580172976,54403.863333333335,0.009518336161074295,54525.22458250502,54437.788,54350.35141749498
2024-09-08 05:24:00,54481.11,54481.12,54446.0,54446.0,9.35381,62.28296802763397,45.47243868181249,37.20405016496663,8.26838851684586,46.34687470592464,54432.46190689476,54365.55765630219,153.65045994242246,58.62593822076437,25.19935713480992,78.11168623284586,54366.017087839995,59336.089653466435,54412.07561904762,0.010020343454102913,54524.61322997121,54447.788,54370.96277002879
2024-09-08 05:25:00,54446.0,54500.0,54446.0,54494.0,8.5871,72.14389569062222,48.9303304663772,39.54930622524874,9.381024241128458,47.20695062591421,54447.84643017107,54375.43783658664,135.41366253195156,63.95074486615527,27.256545910894925,83.67710868087171,54380.315379055995,59336.0851749947,54425.627047619055,0.010597663430675431,54533.884831265976,54466.178,54398.471168734024
2024-09-08 05:26:00,54494.0,54494.01,54466.0,54466.0,5.77527,60.983259827786405,48.84827610423963,41.409100201046925,7.439175903192705,48.00559255161881,54452.3848226283,54382.40415684921,78.30352002428845,59.466690106934436,27.31036406011686,62.11950048725004,54393.1838411504,59336.082145577624,54434.091238095236,0.011079117551994455,54516.57576001214,54477.424,54438.272239987855
2024-09-08 05:27:00,54466.01,54473.0,54462.0,54469.01,3.89375,61.746653392325726,48.46742694751447,42.82076555034044,5.646661397174029,48.53720118302993,54456.54111697123,54389.066144783894,64.12784705775266,51.477113933723665,26.1453380558228,40.44741114920582,54404.76545703536,59336.08010437608,54442.062190476194,0.011464772118170092,54503.28992352888,54471.226,54439.162076471126
2024-09-08 05:28:00,54469.0,54481.6,54464.01,54478.0,8.50079,64.25337982704073,48.33385650339915,43.92338374095219,4.4104727624469575,49.161963009366424,54461.905837728424,54395.90721056975,62.76732780889142,38.70042969981903,25.53424248040664,46.6829849996902,54415.188911331825,59336.07565628573,54450.36514285714,0.011779540053478447,54501.985663904445,54470.602,54439.21833609555
2024-09-08 05:29:00,54478.01,54490.0,54477.0,54477.01,6.41933,63.701752673638005,47.59941975653783,44.65859094406932,2.94082881246851,49.86884980509681,54465.681878296324,54402.14588667977,38.97272851879825,33.26177906744406,24.63893944609188,64.1405692302001,54424.57002019864,59336.07229665296,54457.50761904762,0.012006659491455468,54496.2903642594,54476.804000000004,54457.317635740605
2024-09-08 05:30:00,54477.0,54480.17,54436.01,54436.02,14.84827,44.65429966125215,43.21170527103823,44.369213809463105,-1.157508538424878,48.48941473175018,54458.266408722244,54404.751587704406,61.18677373690298,27.693892408486274,26.033300914227905,-163.401522636129,54433.013018178775,59336.06446009739,54458.165714285715,0.011994461429087406,54495.80138686846,54465.208000000006,54434.614613131555
2024-09-08 05:31:00,54436.01,54438.0,54414.28,54414.28,5.66964,37.5150312615534,37.5473511268865,43.004841272947786,-5.457490146061289,46.343043487266435,54447.269806541684,54405.48454249638,101.63442550854234,26.700906602578755,25.868065134640283,-195.11869215922732,54509.0,59336.06145453009,54454.98428571428,0.011720922845827328,54505.68121275427,54454.864,54404.04678724573
2024-09-08 05:32:00,54414.29,54414.29,54407.01,54408.69,4.71199,35.75136437253322,32.23565085865994,40.851003190090225,-8.615352331430287,44.07625254007274,54437.624854906266,54405.731116150506,119.09276881736878,29.32088275646321,24.540346196451605,-158.47878715883118,54507.1056,59336.05895379422,54450.33095238095,0.011241133757204935,54502.34638440869,54442.8,54383.25361559132
2024-09-08 05:33:00,54408.69,54412.0,54406.0,54406.0,5.95391,34.806449485414106,27.49211759028549,38.179226070129275,-10.687108479843786,41.93193718178361,54429.7186411797,54405.75179952355,105.9904127020709,31.962312478114395,23.216035753847915,-112.43751588578249,54503.101776,59336.05579222817,54444.67428571428,0.010612223780684363,54481.39520635104,54428.4,54375.404793648966
2024-09-08 05:34:00,54406.01,54406.01,54403.3,54405.01,3.11596,34.40485845237846,23.383399302074395,35.220060716518304,-11.83666141444391,39.829341531742436,54423.54148088478,54405.69473802174,45.88594103773357,34.949930600030946,21.751318914287285,-89.85761742519384,54497.27566944,59336.05413730192,54438.790380952385,0.009886203964526953,54436.94297051887,54414.0,54391.05702948113
2024-09-08 05:35:00,54405.0,54405.0,54327.02,54352.01,50.8109,19.75907102991812,15.669920309293957,31.310032635073433,-15.640112325779477,38.45334221747957,54405.65861066359,54401.5651427893,91.2897549624904,41.281772801175954,25.768367563267137,-139.96067811700317,54489.7576158848,59336.026861085586,54425.811619047614,0.008916658686444522,54442.84287748124,54397.198,54351.55312251875
2024-09-08 05:36:00,54352.02,54361.1,54352.0,54352.0,8.96418,19.75716678417504,9.44722400088358,26.937470908235465,-17.490246907351885,37.1756285685212,54392.24395799769,54397.752439497825,107.02707471128087,46.06800153689461,24.577769880176525,-123.82476322276,54473.48385429632,59336.022048971856,54413.381619047614,0.007808270605491896,54438.255537355646,54384.742000000006,54331.228462644365
2024-09-08 05:37:00,54352.01,54352.01,54337.01,54337.01,5.16896,16.838166430534656,3.268447987160471,22.203666324020467,-18.935218336859997,36.34535735648761,54378.43546849827,54393.07994415185,116.71306340517185,49.206253995447696,23.89364346016392,-121.09055882267319,54458.83746886669,59336.019265851086,54400.36247619047,0.00658546557597444,54428.76253170259,54370.406,54312.04946829742
2024-09-08 05:38:00,54337.02,54348.0,54337.01,54348.0,4.19228,26.404354328690616,-0.7330255049309926,17.616327958230176,-18.34935346316117,35.57439123102786,54370.8266013737,54389.612256140164,94.98045256554906,45.26229592341897,22.971954641580634,-87.51092532313054,54445.655721980016,59336.017013568366,54390.18114285714,0.005365212208122423,54406.29622628278,54358.806000000004,54311.31577371723
2024-09-08 05:39:00,54348.0,54348.0,54347.1,54347.1,1.65282,26.109209863775106,-3.9315243889868725,13.306757488786769,-17.23828187777364,34.85849411452951,54364.89495103028,54386.34208259092,21.95698999617889,36.44816630090182,21.395386452896407,-65.7883344632381,54433.79214978201,59336.01612543893,54380.81314285715,0.004185408328232206,54358.20249499809,54347.224,54336.24550500191
2024-09-08 05:40:00,54347.11,54360.0,54347.1,54358.02,2.96975,36.45168540921143,-5.521556000261626,9.54109479097709,-15.062650791238715,33.66409886479569,54363.17621327271,54384.16346085316,27.543884433354833,31.248415853633883,20.788573134832482,-38.94900747210356,54423.11493480381,59336.01453316153,54374.300190476184,0.0031144438917576843,54362.19794221668,54348.426,54334.65405778332
2024-09-08 05:41:00,54358.02,54358.02,54358.01,54358.01,1.31809,36.446079531520894,-6.705181268363958,6.2918395791088795,-12.997020847472838,32.55501756147142,54361.884659954536,54382.15165617215,31.44206357197254,27.83092670280698,19.30438933948693,-21.16347338347925,54413.505441323425,59336.0138264461,54368.814285714274,0.002156284506513522,54365.34903178599,54349.628000000004,54333.90696821402
2024-09-08 05:42:00,54358.02,54363.99,54346.0,54346.01,6.53252,29.838212447232493,-8.513375637739955,3.330796535739113,-11.844172173479068,31.900281675893194,54357.91599496591,54379.371528774296,21.660253037378425,24.27591785702457,19.21050438666629,-34.078981894515074,54404.85689719108,59336.01031548881,54362.78552380952,0.0012675525769412419,54362.25812651869,54351.428,54340.59787348131
2024-09-08 05:43:00,54346.0,54346.01,54314.0,54332.99,11.35836,24.139786709777,-10.871666090810322,0.490304010429226,-11.361970101239548,32.143042397641565,54351.68449622443,54375.803718868585,37.08425824630831,19.7716860411313,20.12475407333313,-166.07686873596978,54397.07320747197,59336.004194927074,54356.27780952381,0.000414279964531694,54366.96812912315,54348.426,54329.883870876845
2024-09-08 05:44:00,54332.99,54333.0,54331.63,54331.64,2.49882,23.579486904046306,-12.703128228225978,-2.148382437301815,-10.554745790924162,32.36846306783648,54346.67337216833,54372.406509724846,46.025119768615696,9.554299614740373,18.78512878238095,-119.07796218071381,54387.104422575336,59336.002848052514,54350.96171428571,-0.00038424155327220557,54368.3465598843,54345.333999999995,54322.32144011569
2024-09-08 05:45:00,54331.64,54331.64,54320.03,54322.07,10.74399,19.691496523031816,-14.756688270601444,-4.670043603961741,-10.086644666639703,32.861307546898445,54340.52252912625,54368.534470515246,50.0806067235535,11.949675635499483,18.272619583639496,-130.8876333298414,54378.3318918663,59335.99704593025,54345.363714285726,-0.0011454025135526858,54363.18430336177,54338.14399999999,54313.103696638216
2024-09-08 05:46:00,54322.07,54341.0,54312.0,54318.0,10.49826,18.163072466953793,-16.5221078106988,-7.040456445309153,-9.481651365389645,32.81547282094833,54334.89189684468,54364.64720355254,38.97624920246017,13.876169540820042,19.03886104195096,-98.91670150132882,54370.612064842346,59335.99137192148,54340.101238095245,-0.001861224892412586,54349.63012460124,54330.14200000001,54310.65387539878
2024-09-08 05:47:00,54318.01,54318.01,54318.0,54318.0,2.33853,18.163072466953793,-17.71698513913725,-9.175762184074774,-8.541222955062477,32.77291200399465,54330.668922633515,54361.058957125424,26.135430089387228,15.51874250390717,17.67965668181175,-98.96924243906325,54362.40637576442,59335.99010801477,54335.702476190476,-0.002512301329098713,54337.607715044694,54324.54,54311.47228495531
2024-09-08 05:48:00,54318.0,54350.31,54317.0,54348.44,13.30894,55.425182600831356,-16.02297751737933,-10.545205250735686,-5.477772266643646,31.14260335750705,54335.11169197514,54360.08826811578,46.14840307011036,15.55088650607478,18.79610977596789,8.549921129857657,54355.3494831574,59335.982958570516,54336.20047619048,-0.002977825685865364,54350.70420153506,54327.630000000005,54304.55579846495
2024-09-08 05:49:00,54348.44,54352.99,54348.43,54352.99,4.27572,58.7907682126257,-14.15020257136348,-11.266204714861244,-2.8839978565022353,29.51229648359854,54339.58126898135,54359.542247491496,62.004089428606676,16.036630603872403,17.779244791970015,83.12467216959283,54312.0,59335.980663791466,54337.84390476191,-0.0032768928328633868,54362.902044714305,54331.9,54300.8979552857
2024-09-08 05:50:00,54352.98,54358.29,54352.98,54358.29,4.61391,62.724791037659024,-12.098880860714416,-11.43273994403188,-0.6661409166825365,27.761591611394525,54344.258451736016,54359.44592076138,70.1731342451385,16.073113921238157,16.888584449686277,114.04677116338152,54312.8198,59335.97819014203,54340.184666666675,-0.0034261630860739486,54374.23056712256,54339.14399999999,54304.057432877424
2024-09-08 05:51:00,54358.29,54363.98,54358.28,54363.97,3.07815,66.80070435062908,-9.900735579023603,-11.126339071030225,1.2256034920066217,25.879557209278946,54349.186338802014,54359.79392685666,64.13603917985165,16.957191460748025,16.08939984613757,125.90085379070821,54314.638608,59335.97654174205,54343.222857142864,-0.0034415722904507936,54380.40601958993,54348.338,54316.26998041008
2024-09-08 05:52:00,54363.97,54363.97,54348.0,54348.01,3.53987,48.80602575295422,-9.338875479937997,-10.76884635281178,1.429970872873783,24.571095767886465,54348.89225410151,54358.88747094461,24.333724449999863,17.05740985980709,16.080871285699256,63.040015926763246,54317.59909152,59335.97463999976,54343.87628571429,-0.0034172370928861997,54366.506862225004,54354.340000000004,54342.173137775004
2024-09-08 05:53:00,54348.0,54348.01,54341.1,54341.1,1.44635,42.813980727858265,-9.343470838430221,-10.483771249935469,1.1403004115052475,23.64089122391352,54346.944190576134,54357.519203948876,31.736573249581852,16.908817456949997,15.4258090510067,10.49685094467208,54320.3819460288,59335.97386189379,54343.60828571429,-0.0033854672195159814,54368.74028662479,54352.871999999996,54337.003713375205
2024-09-08 05:54:00,54341.11,54357.0,54341.1,54357.0,5.50409,57.292050539704775,-7.972216821995971,-9.98146036434757,2.009243542351598,22.322438080783993,54349.4581429321,54357.47926518358,32.425352575053694,17.369320623002334,15.459679833077754,41.41342902780011,54322.99782926707,59335.970910236945,54345.51742857143,-0.0032863614714563833,54369.886676287526,54353.674,54337.46132371247
2024-09-08 05:55:00,54357.0,54357.0,54356.99,54357.0,1.66667,57.29205053970477,-6.807021033368073,-9.346572498151671,2.5395514647835977,21.098160162163715,54351.34360719907,54357.44239863101,31.899120514819515,16.214001083272475,14.356131273572345,61.22927863144919,54325.45675951105,59335.97001645902,54347.436285714284,-0.0031399813927727818,54369.365560257414,54353.416000000005,54337.466439742595
2024-09-08 05:56:00,54357.0,54357.0,54356.99,54357.0,1.20314,57.292050539704775,-5.816545460707857,-8.640567090662909,2.824021629955052,19.96133066630203,54352.7577053993,54357.40836796709,25.906141388390097,13.034588516584238,13.331407611174466,57.686835462383044,54327.768153940386,59335.96937125652,54349.36476190477,-0.0029620844576136993,54364.97507069419,54352.022,54339.0689293058
2024-09-08 05:57:00,54357.0,54357.0,54356.99,54356.99,1.62012,57.2762910445406,-4.9750441378346295,-7.907462500097253,2.9324183622626236,18.905703277287607,54353.81577904947,54357.37618581578,25.435996572079603,6.565111238666975,12.379878496090722,44.30430220359304,54329.94086470396,59335.968502440555,54351.18723809525,-0.00276496522291757,54366.53599828605,54353.81800000001,54341.10000171397
2024-09-08 05:58:00,54357.0,54363.98,54333.0,54333.0,4.49709,31.964354683971905,-6.172784763642994,-7.560526952806401,1.387742189163407,19.07687863608981,54348.611834287105,54355.50109459919,38.39599772937072,9.289137803423781,13.70845860351304,-137.40917063403222,54331.983212821724,59335.966079183854,54349.58247619048,-0.0026442158989403095,54371.39599886468,54352.198,54333.00000113531
2024-09-08 05:59:00,54333.01,54337.44,54333.01,54337.43,1.49919,38.03266811493955,-6.687450099954731,-7.3859115822360675,0.6984614822813366,19.235827183548995,54345.81637571532,54354.111010399254,43.04942612486775,10.436769243470584,13.04642584611942,-147.92363283347427,54363.98,59335.96527206125,54348.55542857143,-0.00255874407053486,54369.80871306243,54348.284,54326.759286937566
2024-09-08 06:00:00,54337.44,54357.97,54337.44,54357.96,2.5728,58.57850179449742,-5.3767468722726335,-6.984078640243381,1.6073317679707477,18.13252872283706,54348.852281786494,54354.40708652239,43.693975439164205,10.41157539671299,13.581681142825236,12.577975292478934,54363.98,59335.96389262619,54350.11942857142,-0.0024218294363820164,54370.322987719584,54348.476,54326.62901228042
2024-09-08 06:01:00,54357.97,54375.0,54331.0,54331.01,10.4176,38.48050416787139,-6.438426715285459,-6.874948255251797,0.43652153996633825,17.413561898602108,54344.39171133987,54352.607310636056,47.122653593993164,11.029211113926525,15.754418204052005,-36.86079545446359,54333.01,59335.958276884085,54347.70952380951,-0.002348422212573637,54366.839326797,54343.278000000006,54319.71667320301
2024-09-08 06:02:00,54331.01,54331.01,54331.0,54331.01,4.95085,38.48050416787139,-7.19685477787425,-6.939329559776288,-0.25752521809796214,16.7459498475268,54341.046283504904,54350.94597904867,40.84753899319912,12.21406966554637,14.629816903762721,-143.34386591563072,54375.0,59335.95560806874,54345.17571428571,-0.0023161324965150624,54358.50576949661,54338.08200000001,54317.65823050341
2024-09-08 06:03:00,54331.01,54383.0,54331.01,54383.0,7.43451,68.50160083645962,-3.5616989320114953,-6.2638034342233295,2.702104502211834,18.017123722933636,54351.53471262868,54353.41167296801,80.26382399114664,16.720813643710574,17.298401410636668,119.00243287166572,54331.0,59335.95164204232,54349.7399047619,-0.0021214677236130394,54388.21391199558,54348.08200000001,54307.950088004436
2024-09-08 06:04:00,54383.0,54384.82,54374.0,54374.0,4.39418,62.19661029096314,-1.391001913936634,-5.289243130165991,3.8982412162293567,19.24771633256801,54357.151034471506,54354.995390432014,85.86533811494883,18.286638960288887,16.835658452734027,153.34944248736437,54331.0,59335.949293659025,54352.81828571428,-0.00185456987132818,54398.32866905748,54355.39600000001,54312.46333094253
2024-09-08 06:05:00,54374.01,54374.01,54345.0,54345.01,8.65353,45.875450605116455,-1.9870540859483299,-4.628805321322459,2.6417512353741293,18.887056229662754,54354.11577585363,54354.22728347571,87.11871423307457,18.303787617051373,17.705254277538884,20.182807984427203,54331.01,59335.94464193655,54351.88171428571,-0.0016512804980556165,54396.36535711654,54352.806000000004,54309.24664288347
2024-09-08 06:06:00,54345.01,54345.01,54344.0,54344.01,2.24583,45.382497371868396,-2.511174117171322,-4.205279080492232,1.6941049633209104,18.50528886422673,54351.58933189022,54353.441338592966,78.7964667329361,18.26325101936272,16.51273611485768,-33.986010837113895,54333.1624,59335.94343444564,54350.992380952375,-0.0014997089631815599,54394.80423336646,54355.405999999995,54316.00776663353
2024-09-08 06:07:00,54344.01,54351.34,54344.0,54351.33,2.80521,50.09311811420302,-2.30926047648245,-3.826075359690276,1.516814883207826,18.383561419714425,54351.52449891767,54353.27892793197,63.97860818701156,18.086746897979804,15.857540678081884,-10.616259777234408,54335.228704,59335.94192841145,54351.11714285714,-0.0013600687726102456,54391.459304093514,54359.47000000001,54327.4806959065
2024-09-08 06:08:00,54351.33,54351.34,54350.0,54350.01,1.98726,49.17533985005629,-2.23004881523957,-3.506870050800135,1.2768212355605648,18.27052879266728,54351.14587418825,54353.02747193721,43.71936506428756,17.217175823934486,14.820573486790071,-12.361356695071974,54337.21235584,59335.9408612284,54350.96847619047,-0.0012365082501310002,54374.73168253214,54352.871999999996,54331.01231746785
2024-09-08 06:09:00,54350.01,54354.93,54350.0,54354.93,3.85681,53.024807615243716,-1.7500961026962614,-3.15551526117936,1.4054191584830988,18.309339448162085,54352.09190564119,54353.173820249736,16.239916307327803,16.622809931526465,14.114103952019374,6.393481992740634,54339.1166616064,59335.938792119116,54351.54238095237,-0.0011089360255049396,54357.17795815367,54349.058000000005,54340.93804184634
2024-09-08 06:10:00,54354.93,54354.93,54354.92,54354.93,1.32153,53.02480761524371,-1.354120660078479,-2.795236340959184,1.441115680880705,18.345377913978687,54352.80142923089,54353.30891099976,16.08278090522799,16.53407632798198,13.106667955446706,11.481176770932338,54340.944795142146,59335.93808314241,54352.13599999999,-0.0009819914322238743,54359.083390452615,54351.042,54343.00060954739
2024-09-08 06:11:00,54354.92,54354.93,54339.83,54344.0,7.85941,42.682957116036285,-1.900360747371451,-2.6162612222416373,0.7159004748701863,17.483551282959553,54350.60107192316,54352.59284092286,16.096774386373,15.161726265613973,13.249048815771838,-80.54244357486405,54384.82,59335.933857464406,54351.291999999994,-0.0008982773192250361,54359.08838719319,54351.04,54342.991612806814
2024-09-08 06:12:00,54343.99,54346.0,54343.99,54345.99,1.40789,45.0255364855122,-2.1479236562518054,-2.5225937090436714,0.37467005279186605,16.683283697013213,54349.44830394237,54352.08493008264,17.94979224554845,13.355649533629766,12.446259614645424,-77.8191462233254,54383.9202,59335.933100803006,54350.837047619054,-0.0008382173354540977,54358.94689612277,54349.971999999994,54340.99710387722
2024-09-08 06:13:00,54346.0,54358.28,54343.0,54343.0,7.75699,41.935313687847945,-2.5559239562935545,-2.5292597584936485,-0.02666419779990603,16.54633918485888,54347.83622795678,54351.38608930705,21.125550067983568,9.327619502027797,12.648669642170669,-29.762345450504828,54383.038396,59335.92892936477,54349.85971428572,-0.0008056916897145265,54359.132775033984,54348.56999999999,54338.007224966
2024-09-08 06:14:00,54343.01,54343.01,54343.0,54343.0,0.69788,41.935313687847945,-2.846454972495849,-2.592698801294089,-0.25375617120176,16.419176423572715,54346.627170967586,54350.74100551421,18.02891815121984,4.768442211968475,11.745907524872909,-109.9614494987456,54382.17422808,59335.92855406962,54348.829333333335,-0.0007914365574471993,54355.198459075604,54346.183999999994,54337.169540924384
2024-09-08 06:15:00,54343.01,54365.5,54342.0,54342.01,12.97574,40.60653300709901,-3.1206151137084817,-2.6982820637769676,-0.4223330499315141,17.28314313868163,54345.47287822569,54350.06938970542,5.402242657815805,5.037728436053774,12.585485558810559,21.84399197019759,54381.3273435184,59335.92157480301,54347.809428571425,-0.0007920459428654201,54346.30112132891,54343.6,54340.89887867109
2024-09-08 06:16:00,54342.0,54342.01,54328.22,54328.22,7.9473,26.546401442886662,-4.399907359802455,-3.0386071229820653,-1.36130023682039,17.202338136289054,54341.15965866927,54348.38866742039,25.024966129276436,7.86950118532843,12.671522304609868,-203.79321270143456,54380.49739664803,59335.917288391385,54344.84609523809,-0.0008505931243412451,54352.95648306464,54340.444,54327.931516935365
2024-09-08 06:17:00,54328.23,54332.0,54328.22,54331.99,3.78181,34.03910179346134,-5.051319719445019,-3.441149642274656,-1.6101700771703626,17.127304919781665,54338.86724400195,54347.127231464976,25.12145158633939,8.678515234928005,12.036413568566221,-150.86869164411382,54378.40630078211,59335.91525019349,54342.412000000004,-0.0009302320569782074,54350.20472579316,54337.64399999999,54325.08327420682
2024-09-08 06:18:00,54332.0,54340.0,54331.77,54331.77,18.8253,33.797680948284835,-5.521670488749805,-3.857253811569686,-1.6644166771801192,17.42195278283598,54337.09293300146,54345.945905967674,23.853509633423528,9.134966521493,11.764526885097435,-82.01664719636763,54376.398848750825,59335.90510391957,54340.434380952385,-0.0010195540961152592,54347.32475481671,54335.398,54323.47124518329
2024-09-08 06:19:00,54331.77,54331.77,54327.24,54327.25,5.83603,28.76737984081383,-6.187823706990457,-4.32336779065384,-1.8644559163366168,17.385772334351056,54334.6321997511,54344.50775935478,20.92243584933749,8.968476398096051,11.24777496473325,-101.92823192846913,54374.47169480079,59335.90195564109,54338.256285714284,-0.001125777670030267,54342.70921792467,54332.248,54321.78678207533
2024-09-08 06:20:00,54327.25,54327.25,54327.24,54327.24,0.98883,28.75601721705283,-6.640019832884718,-4.786698199100016,-1.8533216337847023,17.352176203615056,54332.78414981332,54343.17947017365,8.569562993769068,7.772624968570592,10.445076752966733,-90.58975389894518,54371.63779311274,59335.90142221064,54336.246,-0.0012365990038825932,54333.57878149688,54329.293999999994,54325.00921850311
2024-09-08 06:21:00,54327.25,54363.42,54321.05,54330.55,48.96873,38.4175209559904,-6.6545892211725,-5.160276403514513,-1.4943128176579874,18.79755959856814,54332.225612359995,54342.207972467986,8.445111360939336,7.478560765528086,12.725428413468777,12.555632244137904,54368.97392552598,59335.87502332619,54334.836761904764,-0.0013314309417303408,54333.982555680464,54329.759999999995,54325.537444319525
2024-09-08 06:22:00,54330.56,54330.56,54330.53,54330.53,4.89348,38.37978265922716,-6.591763651071233,-5.446573853025857,-1.1451897980453758,20.139701322453142,54331.801709269996,54341.309666893525,7.479283515291172,6.513348004994489,11.818612098220923,-52.62999957132864,54365.1400114839,59335.872385271665,54333.622761904764,-0.00140894929568539,54333.20764175764,54329.46799999999,54325.72835824235
2024-09-08 06:23:00,54330.54,54330.54,54324.0,54324.01,4.70956,27.725376352696074,-6.987535484739055,-5.754766179368497,-1.2327693053705584,20.89935057278626,54329.8537819525,54339.97892328634,9.786225519579602,6.215467177404249,11.441568376919491,-91.61682423300117,54363.42,59335.869843063076,54331.724952380944,-0.0014922179279881242,54332.809112759795,54327.916000000005,54323.022887240215
2024-09-08 06:24:00,54324.01,54324.01,54319.0,54319.0,1.78633,22.07477773150937,-7.61764121784654,-6.127341187064106,-1.490300030782434,21.238300742338566,54327.14033646438,54338.36515995663,17.469258998011355,5.977962214033603,10.982170635711102,-163.67425804904545,54360.030399999996,59335.86887784344,54329.45361904762,-0.0015908530542007155,54335.00062949901,54326.266,54317.531370501
2024-09-08 06:25:00,54319.01,54321.0,54319.0,54321.0,1.80525,29.006034100022504,-7.864958915088209,-6.474864732668927,-1.3900941824192827,21.553040185494275,54325.60525234828,54337.0293784215,19.13001834694296,4.509512416164354,10.340587018874595,-124.2813342004181,54355.927359999994,59335.86790278986,54327.791142857146,-0.0016852528404789186,54334.583009173475,54325.018000000004,54315.45299082653
2024-09-08 06:26:00,54321.0,54321.0,54319.96,54319.96,3.50073,27.48076217605579,-8.05206014324358,-6.790303814783858,-1.2617563284597217,21.84529823985315,54324.193939261204,54335.716349312155,16.67692735424498,5.020501082570199,9.67625937466933,-95.3333553589107,54352.234624,59335.86601158075,54326.20904761904,-0.001773207598323701,54331.238463677124,54322.9,54314.56153632288
2024-09-08 06:27:00,54319.96,54319.96,54315.0,54315.01,2.31303,21.133533499563242,-8.501759850281815,-7.132595021883449,-1.3691648283983655,21.700698036742974,54321.89795444591,54334.123553211226,11.69937989875325,5.716677746095808,9.33938370505003,-110.70084885420653,54348.9111616,59335.864760773744,54324.214857142855,-0.0018673942214444004,54325.64568994937,54319.795999999995,54313.94631005062
2024-09-08 06:28:00,54315.0,54319.0,54315.0,54318.99,1.50325,35.50606762994609,-8.439709650949226,-7.3940179476966055,-1.0456917032526203,21.56642641956924,54321.170965834426,54332.95943373344,8.124107460331288,5.361093587335728,8.957999154689315,-77.24441080585883,54344.841822208,59335.86394851262,54323.01790476191,-0.0019437608943399902,54322.85405373016,54318.791999999994,54314.72994626983
2024-09-08 06:29:00,54318.99,54319.0,54316.87,54316.87,1.32223,31.80161400598564,-8.46403260416264,-7.608020878989813,-0.8560117251728263,21.441745632193626,54320.09572437582,54331.72178498472,8.64755052208784,5.5253046177025995,8.470284929354177,-65.07475622967759,54341.26080354304,59335.86323376154,54321.766952380945,-0.002008733145835784,54322.68977526104,54318.365999999995,54314.04222473895
2024-09-08 06:30:00,54316.88,54316.88,54300.0,54300.0,8.07924,15.930425866263334,-9.732387822725286,-8.032894267736909,-1.6994935549883774,19.918001194664487,54315.071793281866,54329.28164767821,29.150137736913166,8.655873022633727,9.070978862971549,-203.12195121950825,54338.10950711787,59335.85885173306,54318.5060952381,-0.002119991312246412,54328.74106886845,54314.16599999999,54299.59093113153
2024-09-08 06:31:00,54300.0,54300.0,54292.68,54292.69,1.49384,12.648175524865295,-11.198336921916052,-8.665982798572738,-2.532354123343314,18.997926228944017,54309.4763449614,54326.46690554912,41.74046863827971,11.228035942039288,8.945908944187845,-201.83765735250756,54332.77417612137,59335.85804032693,54314.53933333334,-0.002279616024243821,54329.58223431914,54308.712,54287.84176568086
2024-09-08 06:32:00,54292.68,54295.0,54275.98,54295.0,5.54241,18.97842527914426,-12.034982661491085,-9.339782771156408,-2.6951998903346777,19.13439608558801,54305.85725872105,54324.046374353034,44.2802880093368,11.664163969795254,9.665486876745629,-152.30299873497424,54326.35910794195,59335.85503124823,54311.254857142856,-0.0024520370228261782,54326.85014400467,54304.71,54282.56985599533
2024-09-08 06:33:00,54295.0,54300.0,54295.0,54300.0,1.0285,31.813204838172737,-12.15446313936991,-9.902718844799109,-2.2517442945708,18.86468119363565,54304.39294404079,54322.19665324896,33.888010892260354,11.444238919500062,9.332237814120942,-66.25435553527237,54317.2908685124,59335.85447341049,54308.98723809524,-0.0026028684468654573,54317.85600544613,54300.912,54283.96799455387
2024-09-08 06:34:00,54299.99,54300.0,54267.0,54267.0,7.42022,14.110216321686764,-14.74203943242901,-10.87058296232509,-3.8714564701039205,19.925041634412853,54295.04470803059,54317.950756845195,49.212575652461965,17.194777760184948,11.022792255969446,-138.5903083700555,54309.85491218017,59335.85042246274,54302.57914285715,-0.002846292744301933,54315.54428782623,54290.938,54266.33171217377
2024-09-08 06:35:00,54266.97,54280.36,54266.88,54280.1,3.54867,32.10725781080458,-15.556328101542022,-11.807731990168477,-3.748596111373544,20.91439550844869,54291.30853102294,54315.0391601648,47.76533138580271,17.730093814327542,11.198307094829,-116.5727204774114,54301.28392974414,59335.84849013356,54298.491428571426,-0.0030886566833864867,54310.8406656929,54286.958,54263.0753343071
2024-09-08 06:36:00,54280.1,54280.11,54270.0,54277.99,4.06689,30.857536250232002,-16.18534255054692,-12.683254102244167,-3.5020884483027537,21.833081248624826,54287.9788982672,54312.18922476751,47.9108622592903,17.595045798834192,11.120570873769827,-92.76250596394664,54300.0,59335.84627469975,54294.60285714286,-0.003321459622424594,54307.97343112964,54284.018,54260.06256887035
2024-09-08 06:37:00,54277.99,54324.75,54277.99,54315.98,38.48449,62.44227974609345,-13.463170480099507,-12.839237377815236,-0.6239331022842709,20.740338770740102,54294.979173700405,54312.48082286233,69.97739956858277,17.711543128605395,13.666244382786413,68.97392070720166,54266.88,59335.825467877185,54296.27999999999,-0.0033948137052243624,54323.20269978429,54288.214,54253.22530021571
2024-09-08 06:38:00,54315.98,54324.0,54310.0,54313.9,22.50605,60.62281400448972,-11.342914066153753,-12.53997271548294,1.1970586493291862,19.725649326990006,54299.7093802753,54312.58999033446,80.2492156369699,17.053090596285966,13.690084069730242,124.15143603131999,54268.0374,59335.81329491229,54297.756285714284,-0.0033590374380702316,54331.11860781848,54290.99399999999,54250.86939218151
2024-09-08 06:39:00,54313.91,54313.91,54313.9,54313.91,3.38377,60.629432430513226,-9.551682812314539,-11.94231473484926,2.3906319225347215,18.78343770065063,54303.259535206475,54312.69152953951,69.7837021821033,16.671092378942706,12.7129352076068,101.03375714630653,54269.171652000005,59335.81146472367,54299.282476190485,-0.0032450867929453273,54335.267851091055,54300.376000000004,54265.48414890895
2024-09-08 06:40:00,54313.91,54348.7,54313.59,54330.0,34.7516,70.27569435916737,-6.755912652610277,-10.905034318401464,4.149121665791187,19.42259771451308,54309.944651404854,54314.022950344166,69.05684129848669,19.921813532955547,14.312725549920641,131.57742517774935,54270.28321896,59335.79272883329,54303.02152380952,-0.00301947264965969,54344.88442064925,54310.35600000001,54275.827579350764
2024-09-08 06:41:00,54330.0,54330.01,54320.23,54320.24,3.15123,59.639289594698255,-5.267079477314837,-9.77744335018414,4.510363872869302,20.01610344167107,54312.51848855364,54314.501184933084,24.224799896517652,20.88654122737929,13.988959439211941,80.30144664793282,54273.4198902016,59335.7910265815,54305.363619047625,-0.0027579279285059643,54330.91839994826,54318.806000000004,54306.693600051745
2024-09-08 06:42:00,54320.23,54320.24,54310.01,54310.42,6.71371,50.42470084882725,-4.823952864448074,-8.786745253036926,3.962792388588852,19.91282517868216,54311.99386641523,54314.18724763054,27.686461132470868,20.92972665318435,13.720462336410796,36.13180515757513,54276.431094593536,59335.78739282944,54306.34657142857,-0.002513465348902294,54331.53723056623,54317.693999999996,54303.85076943376
2024-09-08 06:43:00,54310.42,54310.42,54305.31,54305.31,3.34124,45.98782735444002,-4.829435400068178,-7.995283282443177,3.165847882374999,19.526397010035982,54310.32289981142,54313.5043824282,34.11768764232693,20.913807586789435,13.105429312381494,0.19442186004938866,54279.32185080979,59335.785582568,54306.72980952381,-0.0023044137685057204,54333.034843821166,54315.976,54298.91715617884
2024-09-08 06:44:00,54305.32,54305.32,54305.31,54305.32,1.57139,45.99898560167212,-4.777896812316612,-7.351805988417865,2.5739091761012522,19.167570853435958,54309.072174858564,54312.87481454911,38.294837277091574,16.539030906752824,12.170041504354389,-31.915352021588838,54282.0969767774,59335.78473120158,54307.22447619048,-0.0021235319379024164,54333.40541863854,54314.257999999994,54295.11058136145
2024-09-08 06:45:00,54305.31,54307.0,54305.31,54307.0,2.17243,48.158100557183545,-4.54905151634739,-6.791255094003771,2.2422035776563805,18.920002166551573,54308.55413114392,54312.42290573764,22.43907667734311,13.535263778661356,11.421467111186384,-72.93259425165112,54284.7610977063,59335.78355459009,54307.89247619048,-0.001959106711484756,54320.87753833867,54309.657999999996,54298.438461661324
2024-09-08 06:46:00,54306.99,54307.0,54305.01,54305.02,2.2688,45.58064340953606,-4.47586444382614,-6.328176963968245,1.852312520142105,18.667892777278475,54307.67059835794,54311.85345145013,8.10929159465013,7.996874945406127,10.747790888958638,-79.32998324957642,54287.31865379805,59335.78232530033,54308.16019047619,-0.0018160644761890644,54310.66864579733,54306.614,54302.559354202676
2024-09-08 06:47:00,54305.01,54326.0,54305.01,54320.18,6.83766,63.519593743645686,-3.15817241329205,-5.694176053833006,2.5360036405409563,19.370460140073423,54310.79794876845,54312.493955184735,23.395684434188297,8.292527292246222,11.479377254032874,33.20646887159161,54289.77390764613,59335.77863166155,54310.35380952381,-0.0016354362655750247,54320.263842217086,54308.56599999999,54296.8681577829
2024-09-08 06:48:00,54320.17,54327.0,54320.17,54323.01,1.77335,66.02819011651806,-1.864047062714235,-4.9281502556092525,3.0641031928950175,20.067315661549113,54313.85096157634,54313.30288170899,31.3135876274755,8.867019855355888,11.147278878744936,72.60702809162832,54292.13095134028,59335.77767425618,54312.73257142857,-0.0014240167865530566,54327.76279381373,54312.10599999999,54296.449206186255
2024-09-08 06:49:00,54323.01,54325.72,54323.0,54325.71,1.04321,68.50753188520132,-0.6135038728025393,-4.06522097904791,3.451717106245371,20.71439578863368,54316.815721182254,54314.25727542368,34.04879278411681,9.60231899098762,10.545330387406096,99.24263193965761,54294.39371328667,59335.7771113461,54314.93790476191,-0.0011885616361913725,54333.20839639205,54316.183999999994,54299.159603607935
2024-09-08 06:50:00,54325.72,54325.72,54325.71,54325.71,1.98878,68.50753188520132,0.3732579298084602,-3.1775251972766365,3.5507831270850967,21.31525590664078,54319.039290886685,54315.13825423725,30.915295405546203,8.94179102144314,9.792806788305807,101.45922746776641,54296.5659647552,59335.776038212265,54316.708857142854,-0.0009447984407032065,54335.38364770277,54319.926,54304.46835229723
2024-09-08 06:51:00,54325.72,54343.77,54325.71,54332.32,12.88677,74.95204573031107,1.669401701874449,-2.2081398174464195,3.8775415193208684,22.703944009294567,54322.359468165014,54316.45992698824,16.10346453245438,10.448594164051006,10.38332058914094,124.02875537615883,54298.651326164996,59335.769093773335,54318.90666666668,-0.000680328687242236,54333.437732266226,54325.386,54317.33426773377
2024-09-08 06:52:00,54332.32,54346.99,54332.32,54346.99,2.76743,83.78769052732761,3.836130848634639,-0.9992856842302078,4.835416532864847,24.122771840265585,54328.517101123754,54318.808394142994,34.72926837533305,14.055703824663015,10.689511975630749,136.51404056165708,54300.6532731184,59335.76760683216,54322.904857142865,-0.00035926954127611134,54348.112634187666,54330.748,54313.38336581233
2024-09-08 06:53:00,54346.99,54357.0,54346.98,54357.0,1.62471,87.42096704067914,6.28851259212388,0.45827397104060985,5.83023862108327,25.821040095655377,54335.637825842816,54321.746209978155,49.804095913961646,17.319041929109055,10.641689691656895,160.05374509472983,54302.57514219366,59335.76673562688,54327.92257142857,2.2601798691963202e-05,54362.448047956976,54337.545999999995,54312.643952043014
2024-09-08 06:54:00,54357.0,54371.1,54356.99,54371.1,2.57538,90.8768825332059,9.263016663608141,2.219222509554116,7.043794154054025,27.857339686501778,54344.50336938211,54325.54265536446,65.69918332598172,21.154566410393684,10.889426142252873,153.99698002209632,54305.84063366204,59335.76535856299,54334.40990476192,0.0004794605793853223,54379.47359166299,54346.623999999996,54313.774408337005
2024-09-08 06:55:00,54371.1,54373.23,54369.35,54369.36,4.35241,87.3241571155517,11.349103709202609,4.045198749483815,7.303904959718794,29.812403363995532,54350.717527036584,54328.91322033643,57.891910053105676,22.3205607260556,10.388752846378,125.58038021362913,54311.06138296908,59335.76303050159,54340.27380952381,0.000959725676753566,54384.29995502656,54355.35400000001,54326.408044973454
2024-09-08 06:56:00,54369.35,54371.04,54369.35,54371.03,3.23328,87.87030056748912,12.987387249668245,5.833636449520701,7.153750800147544,31.62781963595402,54355.79564527744,54332.15297261825,38.48384140786948,21.34104696524333,9.767413357351169,94.80467366930442,54317.27824467217,59335.76130163481,54345.89257142857,0.001439156883946388,54382.33792070393,54363.096,54343.85407929606
2024-09-08 06:57:00,54371.03,54371.04,54371.03,54371.04,0.96537,87.8740547057489,14.123736037778144,7.49165636717219,6.632079670605954,33.313563317058325,54359.606733958084,54335.14428241685,21.97000067018962,21.027873803262963,9.07045526039766,77.81975950698848,54322.87342020495,59335.7607854432,54350.935428571436,0.0018946432618247254,54378.8910003351,54367.906,54356.92099966491
2024-09-08 06:58:00,54371.04,54383.0,54371.03,54383.0,3.53558,91.60365876968243,15.8071576120783,9.154756616153412,6.6524009959248875,35.266816297848386,54365.45505046856,54338.825491461714,19.962027186295018,21.24186045470904,9.277565598940766,90.98925323781104,54327.90907818446,59335.75889949341,54356.94695238095,0.0023538099202068093,54383.087013593155,54373.10600000001,54363.12498640686
2024-09-08 06:59:00,54382.99,54405.01,54382.99,54402.99,7.65512,94.80711452455824,18.540582975278085,11.031921887978347,7.508661087299737,37.62516993650802,54374.83878785142,54343.76122288774,50.916741149747395,23.234264257353296,10.187739484731,147.9283372045176,54334.51998880232,59335.75483258379,54364.884000000005,0.00286297704466949,54404.94237057487,54379.484,54354.02562942512
2024-09-08 07:00:00,54402.98,54402.99,54390.0,54390.0,3.9821,73.06832318812955,19.434627542177623,12.712463018818204,6.722164523359419,39.815069743834826,54378.629090888564,54347.31805189638,48.43303832366655,20.484876508857862,10.387900950107213,122.8179850925751,54344.38859036999,59335.75271145856,54370.17485714286,0.0033314407384830397,54407.828519161834,54383.612,54359.39548083817
2024-09-08 07:01:00,54390.01,54407.53,54390.0,54407.52,7.24375,80.35773183626345,21.311219410345075,14.43221429712358,6.8790051132214955,41.948929315135295,54385.85181816642,54351.94897098128,53.066945504484465,19.081382113566043,10.898050882242329,119.1066296886202,54352.87558771819,59335.748866639704,54376.99238095238,0.0038089737503119434,54417.44347275224,54390.909999999996,54364.376527247754
2024-09-08 07:02:00,54407.53,54408.0,54407.52,54408.0,2.08556,80.53097712790576,22.576911393560295,16.061153716410924,6.51575767714937,43.94101314893985,54391.388863624816,54356.2605885981,40.16264335285814,18.149698865872384,10.15390439065382,110.87869267533473,54361.62029368328,59335.7477597805,54383.042095238095,0.004266323518648901,54418.38332167643,54398.302,54378.220678323574
2024-09-08 07:03:00,54407.99,54408.0,54407.99,54408.0,2.30779,80.53097712790576,23.31126367221441,17.511175707571624,5.800087964642785,45.7908052803298,54395.54164771861,54360.24054332133,27.653533608390717,17.13669266779685,9.42933979132155,89.01165265205933,54369.96864082029,59335.74653497881,54388.282380952376,0.0046821417971432576,54417.1287668042,54403.302,54389.47523319581
2024-09-08 07:04:00,54407.99,54408.0,54389.47,54389.48,9.24682,54.04616386201496,22.143576555237814,18.437655877104863,3.7059206781329515,45.28313912367235,54394.02623578896,54362.48973229661,35.48163109358575,16.049558804324356,10.079386949084213,21.922221995642033,54376.81428547264,59335.7416090231,54390.26961904761,0.004976521896628672,54418.34081554679,54400.6,54382.859184453206
2024-09-08 07:05:00,54389.47,54393.47,54389.47,54393.46,2.38628,57.63889381509234,21.293866403131688,19.00889798231023,2.284968420821457,44.81173483534758,54393.88467684172,54364.872060581496,32.47871673964255,14.31452890647936,9.645145024149627,-14.547321106564429,54382.427714087564,59335.74033883113,54392.18019047619,0.0051814769580775435,54417.53135836982,54401.292,54385.05264163018
2024-09-08 07:06:00,54393.47,54420.0,54393.46,54419.99,8.54041,73.93758851360448,22.501827208143368,19.707483827476857,2.7943433806665112,45.39699609682426,54400.411007631286,54369.11190207523,44.15873151511187,14.544501978973123,10.851920379567574,109.58921735775147,54387.030725551806,59335.735817267865,54397.04580952381,0.005402953735885831,54425.865365757556,54403.786,54381.706634242444
2024-09-08 07:07:00,54420.0,54420.0,54413.0,54413.01,2.35589,65.92891022643816,22.634995050146244,20.292986072010734,2.3420089781355102,45.94045298248118,54403.56075572347,54372.48867883868,46.36127177950402,11.929990827797681,10.57678320959846,119.51740954324976,54389.47,59335.73456821558,54400.28552380953,0.005590315026015343,54427.96863588975,54404.788,54381.60736411025
2024-09-08 07:08:00,54413.01,54413.01,54413.0,54413.01,2.08454,65.92891022643816,22.48138016795565,20.73066489119972,1.7507152767559298,46.44509151916261,54405.9230667926,54375.6057035434,48.13120967730356,10.426415813119277,9.822012980341572,77.33101068354335,54393.46,59335.733463028904,54402.99180952381,0.005735834778439466,54429.85560483865,54405.79,54381.72439516135
2024-09-08 07:09:00,54413.01,54423.9,54413.0,54423.89,6.15086,72.59240991027775,22.972748791107733,21.179081671181322,1.7936671199264111,47.272662517028316,54410.414800094455,54379.31988019391,41.90373540534347,12.048418616288059,9.89901205317442,121.3635423131788,54398.768,59335.73020916084,54406.749619047616,0.005874956495406345,54433.62386770267,54412.672,54391.72013229733
2024-09-08 07:10:00,54423.89,54432.26,54418.0,54418.01,5.31512,64.42139240657768,22.626866672027973,21.468638671350654,1.158228000677319,48.28463164006466,54412.31360007085,54382.29604325592,16.740728803211823,10.957670526924822,10.210511192233536,114.1292501015687,54403.7944,59335.72739404533,54409.20409523809,0.00597118744570698,54425.9523644016,54417.581999999995,54409.21163559839
2024-09-08 07:11:00,54418.0,54449.0,54418.0,54449.0,7.8825,79.21671852296134,24.570157129477593,22.08894236297604,2.4812147665015516,49.634860093817146,54421.48520005314,54387.42711685162,53.68217552216083,16.566807277754318,11.695474678502569,170.94236318340407,54409.48752,59335.7232454502,54415.34314285714,0.006134240083516781,54450.22508776108,54423.384,54396.54291223892
2024-09-08 07:12:00,54449.0,54450.0,54448.99,54449.01,5.45607,79.22006462713142,25.813474073300313,22.833848705040896,2.9796253682594163,50.91090460044408,54428.36640003986,54392.16426170919,61.72006455526571,19.79250228528963,10.9322264871811,156.981770229202,54417.390016000005,59335.72037390607,54420.74104761904,0.006323071698570627,54461.44403227763,54430.583999999995,54399.72396772236
2024-09-08 07:13:00,54449.0,54449.01,54448.06,54448.07,3.23169,77.80702849586305,26.418426390271634,23.550764242087045,2.867662148184589,51.98306310333315,54433.29230002989,54396.46470311618,54.889007721227244,21.588311370411763,10.21921030952562,113.26513443479178,54418.0,59335.718672733456,54425.384952380955,0.006505300532430552,54465.04050386061,54437.596,54410.151496139384
2024-09-08 07:14:00,54448.07,54454.67,54448.06,54454.66,2.55822,80.70272398911743,27.117025198262127,24.264016433322062,2.853008764940064,53.120231702371214,54438.63422502242,54400.94126441494,52.32110305169772,20.598811105002415,9.961409573130975,98.09117010136542,54424.4,59335.71732789429,54430.47819047619,0.006686220485741293,54469.91055152585,54443.75,54417.58944847415
2024-09-08 07:15:00,54454.66,54467.08,54420.0,54420.0,16.56236,44.25712820420204,24.590434233607084,24.329299993379067,0.26113424022801723,51.33422736460266,54433.97566876681,54402.407320998405,49.19157489390636,17.023351708317108,12.612737460764603,14.043189921126665,54454.67,59335.708559364495,54430.334285714285,0.006720879423641381,54468.743787446954,54444.148,54419.55221255305
2024-09-08 07:16:00,54420.01,54420.01,54390.01,54390.01,5.64848,30.12930774593501,19.93831385692465,23.451102766088184,-3.5127889091635325,47.71472897256483,54422.98425157511,54401.45368092161,97.4491961212916,21.263259629005283,13.854684784995701,-136.16503676055,54454.67,59335.7055506801,54426.072857142855,0.006535207299999692,54481.074598060644,54432.35,54383.62540193935
2024-09-08 07:17:00,54390.01,54398.87,54390.01,54398.87,4.23681,37.23267193150233,16.773053574826918,22.11549292783593,-5.342439353009013,44.35376617995826,54416.95568868133,54401.25493623533,102.88881688895344,22.777273006342682,13.497921586067479,-128.0470467814132,54467.08,59335.70329797237,54423.16409523809,0.00622900344666374,54473.76640844448,54422.322,54370.87759155552
2024-09-08 07:18:00,54398.87,54423.99,54398.86,54423.98,2.5111,53.358879550516406,16.105079808803566,20.91341030402946,-4.808330495225892,42.45548670816351,54418.711766511,54403.003018063384,90.01124890183564,22.317419405909018,14.328784329919614,-48.855066879495034,54463.997200000005,59335.70196961484,54423.69028571428,0.005933258585670804,54462.50962445092,54417.504,54372.49837554908
2024-09-08 07:19:00,54423.98,54427.0,54419.01,54427.0,4.85627,55.02649835860124,15.639116546997684,19.858551552623105,-4.219435005625421,40.82054265963258,54420.78382488325,54404.84893975082,59.017918642872246,22.282391080687475,13.876014020639497,-17.27093130027003,54461.037712000005,59335.69940225736,54424.29057142858,0.005656484345985014,54441.48095932143,54411.971999999994,54382.46304067856
2024-09-08 07:20:00,54427.0,54429.0,54427.0,54429.0,1.75417,56.269068286733486,15.255366224548197,18.937914487008122,-3.6825482624599246,39.39043062107657,54422.837868662435,54406.70671361614,64.44290124531835,22.011920206152535,13.027727304879534,2.1802454313516324,54458.19660352,59335.69847526126,54424.8380952381,0.005400442867975198,54445.99345062266,54413.772,54381.55054937734
2024-09-08 07:21:00,54428.99,54431.71,54428.99,54431.7,1.16155,58.14256015371624,14.996241428030771,18.149579875212652,-3.1533384471818806,38.18621851036328,54425.05340149683,54408.62927410721,47.56289882681449,20.91437219939159,12.291461068816792,22.702962529085664,54455.4691393792,59335.69786177484,54425.659809523815,0.0051684370857739605,54445.89144941341,54422.11,54398.32855058659
2024-09-08 07:22:00,54431.71,54431.71,54431.7,54431.7,1.98711,58.14256015371624,14.622326086857356,17.444129117541593,-2.8218030306842365,37.068021550415224,54426.71505112262,54410.40394532974,11.76508600593661,19.585560356905997,11.414213849615738,39.090556058963195,54452.850773804035,59335.69681225946,54426.303523809525,0.004952402660578754,54434.55854300297,54428.676,54422.79345699703
2024-09-08 07:23:00,54431.71,54431.71,54431.7,54431.71,1.1623,58.152121856769746,14.163533998049388,16.788010093643152,-2.6244760955937636,36.02969580189203,54427.963788341964,54412.042872612066,7.685321119366563,18.11907862030907,10.599627146071901,57.210031347970194,54450.33714285187,59335.696198378595,54426.77057142857,0.004746709888290003,54434.06466055968,54430.221999999994,54426.37933944031
2024-09-08 07:24:00,54431.7,54431.71,54431.7,54431.71,2.70658,58.15212185676975,13.64267371196911,16.158942817308343,-2.5162691053392336,35.06553617826335,54428.90034125647,54413.555728564985,4.327988989825826,14.963507611787076,9.84322520706691,61.24019376691812,54447.924057137796,59335.69476887073,54427.16314285715,0.004547509709996253,54433.32799449492,54431.164000000004,54429.00000550509
2024-09-08 07:25:00,54431.7,54463.0,54422.0,54449.01,11.20497,73.32962447031775,14.459177206212189,15.818989695089114,-1.3598124888769245,35.57337933282361,54433.92775594236,54416.28298021384,27.687998278066516,17.261407726944718,12.068709120847846,131.49012002730444,54390.01,59335.68887173747,54429.73190476191,0.00441445295268662,54449.00999913904,54435.166000000005,54421.32200086097
2024-09-08 07:26:00,54449.01,54475.04,54449.0,54475.04,3.87728,83.88342583566774,17.01057820933056,16.057307397937404,0.953270811393157,36.437683353482214,54444.20581695677,54420.80275096662,67.92518213842413,19.23133739058009,13.066658469358776,225.3092717218664,54391.4698,59335.68684201269,54435.77123809524,0.004416252006266399,54477.79659106921,54443.833999999995,54409.87140893078
2024-09-08 07:27:00,54475.32,54475.9,54475.32,54475.9,2.57082,84.13236742051274,18.884290354690165,16.622703989287956,2.2615863654022093,37.26739070481849,54452.12936271758,54425.04100089227,78.63003782542364,19.47962961803224,12.194754292976047,162.1643348270447,54394.812608,59335.68549644823,54441.677333333326,0.004502754683300093,54491.98901891271,54452.674,54413.35898108729
2024-09-08 07:28:00,54475.89,54475.9,54457.81,54457.82,5.00579,60.54090557201399,18.69481365542015,17.037125922514395,1.657687732905753,36.5853651691804,54453.55202203819,54427.5624623621,66.51878507882066,19.19437756368033,12.615843272049457,79.73696571158094,54399.67785152,59335.68286667784,54444.90771428572,0.004568558364433432,54491.155392539404,54457.89599999999,54424.63660746058
2024-09-08 07:29:00,54457.81,54457.82,54457.81,54457.82,2.04592,60.54090557201399,18.333316940545046,17.296364126120526,1.0369528144245201,35.95205574323074,54454.61901652864,54429.889965257324,42.35796973765537,18.616556461998925,11.71542589547464,40.56504929645863,54404.2511804288,59335.68179186333,54448.108,0.004608736125893354,54484.29698486882,54463.117999999995,54441.93901513117
2024-09-08 07:30:00,54457.82,54460.0,54454.0,54454.0,2.99503,55.781937747045625,17.536436985123146,17.34437869792105,0.1920582872020944,35.05838226184475,54454.464262396476,54431.74458331446,37.515180504487944,17.558269879759198,11.307181188655022,23.011402823134635,54408.55010960307,59335.68021720697,54450.43876190476,0.004607298220002818,54482.873590252246,54464.116,54445.35840974776
2024-09-08 07:31:00,54454.0,54454.01,54453.12,54453.13,3.98353,54.608761348804144,16.64285369258141,17.204073696853126,-0.5612200042717141,34.15568159767842,54454.13069679736,54433.389615367196,33.23409286169044,16.394459499550848,10.563096818036765,-0.2863870680078323,54412.59110302688,59335.678122468686,54452.0440952381,0.004565917665366119,54476.35104643084,54459.734,54443.11695356915
2024-09-08 07:32:00,54453.13,54472.0,54453.12,54462.14,4.07788,64.01434786333158,16.4718371107665,17.0576263796358,-0.5857892688692985,34.170414216439475,54456.13302259802,54435.60118341587,12.867267012581578,15.01933953479389,11.15716133103395,39.805291042895654,54416.38963684527,59335.675982075394,54454.333999999995,0.004522978568264251,54463.415633506294,54456.982,54450.54836649371
2024-09-08 07:33:00,54462.14,54487.99,54451.1,54487.98,9.22945,78.99408951309107,18.211447058216436,17.288390515351928,0.9230565428645079,34.78616372424716,54464.09476694852,54439.63032315311,51.53602825498092,15.910188666295822,12.995221235960056,118.7344677983207,54419.96025863456,59335.67116342369,54459.7058095238,0.004564749187256505,54488.78201412749,54463.014,54437.24598587251
2024-09-08 07:34:00,54487.98,54487.99,54422.41,54422.41,15.97048,34.83658862389116,14.136196195868251,16.657951651455193,-2.5217554555869413,33.33026268283017,54453.67357521139,54438.30568291057,83.92228309802886,17.921758751027678,16.751276861962513,-147.95006487800495,54487.99,59335.662712553894,54455.75419047618,0.004417193681104278,54497.89314154901,54455.93199999999,54413.97085845098
2024-09-08 07:35:00,54422.42,54422.42,54414.28,54419.99,1.81946,33.994968786067716,10.589191147635574,15.44419955069127,-4.855008403055695,31.5109418158053,54445.25268140854,54436.896784225144,102.10082029284968,21.753517954471388,16.13618565753658,-211.69863318763015,54487.99,59335.661749303974,54451.54266666667,0.004131852252600316,54500.18041014643,54449.130000000005,54398.07958985358
2024-09-08 07:36:00,54420.0,54420.0,54419.0,54420.0,0.88624,34.00287504876691,7.690321766291163,13.89342399381125,-6.2031022275200876,29.82157243928221,54438.93951105641,54435.59703159244,111.29374451671902,23.471159538034204,15.055029539141108,-135.1311069983813,54487.99,59335.66128011607,54447.444,0.0037584498437552073,54498.15087225836,54442.504,54386.85712774164
2024-09-08 07:37:00,54420.0,54420.0,54417.49,54417.49,1.95254,32.81881938137808,5.131260891823331,12.140991373413668,-7.009730481590337,28.15910356156368,54433.5771332923,54434.20418300841,108.98985186091159,23.883273646160216,14.158956000631175,-101.27354711287258,54485.0416,59335.660245886465,54443.1220952381,0.0033257633855828805,54488.068925930456,54433.574,54379.079074069545
2024-09-08 07:38:00,54417.5,54417.5,54391.1,54391.1,9.47409,22.801254912968275,0.9626375754523906,9.905320613821413,-8.942683038369022,27.098530235821908,54422.95784996923,54430.88847662316,46.61337663057202,28.802960728389895,15.03331628630048,-118.70591565242782,54482.211136,59335.65520068969,54435.416952380954,0.002770764058582901,54437.50468831528,54414.198,54390.89131168471
2024-09-08 07:39:00,54391.1,54391.11,54388.0,54388.01,0.83748,21.86356238863857,-2.5608437986302306,7.412087731331084,-9.972931529961315,26.25634442428025,54414.22088747693,54427.59013226753,58.2602313846146,31.91991494430129,14.18165083727906,-114.5759681825501,54476.74446784,59335.654754431824,54427.68657142857,0.0021411880884391124,54436.4481156923,54407.31799999999,54378.187884307685
2024-09-08 07:40:00,54388.0,54391.11,54386.18,54391.11,1.80945,25.54954692741707,-5.044929276351468,4.920684329794574,-9.965613606146043,25.56115316914376,54408.44316560769,54424.78396824695,56.45567040660535,33.191762901255274,13.52081863461629,-94.8441404708375,54469.6449104128,59335.65379085642,54420.950476190475,0.001495654645009434,54429.769835203304,54401.542,54373.3141647967
2024-09-08 07:41:00,54391.1,54409.0,54391.1,54409.0,3.35721,43.882362653427556,-5.506535513581184,2.835240361119423,-8.341775874700607,23.817698461776846,54408.58237420577,54423.569816843345,46.87813478677708,31.998004955902115,13.833617303572373,-49.10897275682081,54461.29841937152,59335.65200953126,54417.399047619045,0.0009284454301302518,54422.78106739339,54399.342000000004,54375.902932606616
2024-09-08 07:42:00,54409.0,54420.0,54409.0,54420.0,2.41269,52.51060030391442,-4.9279474029826815,1.2826028082990022,-6.210550211281683,22.61449978164544,54411.43678065433,54423.2952155477,50.052145299487165,28.55653996004183,13.631216067602917,25.623104624729084,54453.786577434366,59335.65073222456,54415.95142857143,0.0004757335769709746,54424.87007264975,54399.844000000005,54374.81792735026
2024-09-08 07:43:00,54419.99,54420.0,54391.11,54391.11,5.11286,35.37085454927332,-6.7230940695808385,-0.318536567276966,-6.404557502303873,21.443568508786417,54406.35508549075,54420.819429736344,50.046557215071516,14.819871945641811,14.72112920563124,-33.43189629550557,54447.02591969093,59335.648009509714,54411.011999999995,1.4576439844944706e-05,54424.86927860753,54399.846,54374.82272139246
2024-09-08 07:44:00,54391.11,54391.11,54381.1,54386.99,3.16881,33.49962013967779,-8.381592522666324,-1.9311477583548378,-6.450444764311486,20.819683754241044,54401.513814118065,54418.21716591047,50.838830839071306,14.96547983547254,14.384619976657726,-102.66281479624233,54440.94132772184,59335.64632064139,54406.15857142857,-0.0004472390284280104,54425.06141541953,54399.64199999999,54374.22258458046
2024-09-08 07:45:00,54386.99,54413.19,54386.99,54409.01,23.06716,50.346916367323196,-7.828887977113482,-3.1106958021065667,-4.718192175006915,19.561058111618717,54403.387860588555,54417.508922378904,49.26875684487459,13.99061209188049,15.228575692611058,18.657516620221227,54433.76036839522,59335.63408136611,54404.87933333333,-0.0008097678117903595,54427.85637842243,54403.221999999994,54378.58762157756
2024-09-08 07:46:00,54409.0,54409.01,54397.01,54397.01,10.42472,43.191293063883364,-8.263904210914916,-4.141337483868236,-4.12256672704668,18.392334300612273,54401.79339544142,54415.93208219592,48.49799634076771,12.592967571626852,14.997963143138838,21.326025459656048,54427.44112418779,59335.628536629105,54402.42028571429,-0.0011316883596139793,54425.072998170384,54400.824,54376.57500182962
2024-09-08 07:47:00,54397.0,54397.01,54381.9,54381.9,3.51019,35.55562015928503,-9.715909474318323,-5.256251881958254,-4.459657592360069,17.592656567918063,54396.82004658106,54413.31422971931,37.31355530052679,12.148152673128576,15.005965775771818,-83.19325241228863,54421.88018928526,59335.62666390737,54398.566857142854,-0.0014645878318843568,54411.86077765027,54393.204000000005,54374.54722234974
2024-09-08 07:48:00,54381.9,54381.91,54371.1,54381.09,2.91452,35.15581346482894,-10.807413205184275,-6.366484146603458,-4.440929058580817,17.32710794345855,54392.88753493579,54410.83544281783,42.232812660193304,13.02547542456256,14.706253934645613,-124.35780946155006,54416.986566571024,59335.625108728425,54395.61571428571,-0.0017905915118791734,54412.316406330094,54391.2,54370.0835936699
2024-09-08 07:49:00,54381.1,54384.0,54381.09,54381.25,1.6622,35.328187974234,-11.526655009081878,-7.398518319099143,-4.128136689982735,16.960346327615703,54389.978151201845,54408.55963952415,44.97349087191105,13.620534702835544,13.86366436788546,-82.90874362335309,54410.56244725108,59335.62422181268,54393.07942857143,-0.002093904077967408,54412.53874543596,54390.052,54367.56525456405
2024-09-08 07:50:00,54381.25,54402.0,54381.25,54402.0,1.95109,54.25338240363249,-10.303534997794486,-7.979521654838212,-2.324013342956274,15.843844991136196,54392.98361340138,54408.055051868454,36.02612698060693,13.723506679840106,14.35554548446507,4.555936637875079,54405.03770463593,59335.62318511175,54393.67876190476,-0.0022904362775852667,54406.663063490305,54388.65,54370.6369365097
2024-09-08 07:51:00,54401.99,54442.0,54401.99,54441.66,13.16325,72.62621270127066,-6.064070202650328,-7.596431364400636,1.5323611617503081,16.384854046647554,54405.152710051036,54410.64004787857,93.75771448318847,19.74380420491293,16.18800652128914,195.5717600265255,54371.1,59335.61624712725,54399.73752380953,-0.002260187902896868,54444.45885724159,54397.579999999994,54350.7011427584
2024-09-08 07:52:00,54441.66,54474.53,54441.65,54474.53,10.79281,80.43939038226839,-0.0513377255119849,-6.087412636622906,6.036074911110921,17.78389543990203,54422.497032538275,54415.55465958022,146.49407677062845,30.64629564411425,17.3802917697683,209.8891828674647,54372.518,59335.61059675771,54409.948761904765,-0.001956923488250594,54489.35303838531,54416.10599999999,54342.85896161468
2024-09-08 07:53:00,54474.53,54575.0,54474.0,54563.86,38.4162,89.86934063010212,11.786117494193604,-2.5127066104596043,14.298824104653209,20.69672619137791,54457.8377744037,54426.96276268944,256.9392798005283,58.33930224740388,23.353128071927706,207.0376432078698,54376.59847999999,59335.590854385446,54431.2760952381,-0.0011593557742105355,54581.12963990026,54452.659999999996,54324.19036009973
2024-09-08 07:54:00,54563.85,54568.0,54536.57,54543.0,9.86876,79.17371365417539,19.262116683486965,1.8422580483297097,17.419858635157254,23.40149760346265,54479.12833080278,54435.888704021025,243.04650070307252,68.01511022517654,23.930047495361464,139.9940560559718,54388.50257119999,59335.58576061139,54448.147333333334,-0.00013749098641421532,54606.53325035153,54485.009999999995,54363.48674964846
2024-09-08 07:55:00,54543.0,54543.0,54514.67,54531.9,27.77558,73.58186504691292,24.01439961887081,6.276686362437931,17.73771325643288,24.98554140970799,54492.32124810208,54443.27418832711,182.36741349176737,73.1940817890913,24.244329817121486,85.50433821534097,54399.692416927996,59335.57139106159,54462.092000000004,0.0009511499648548411,54602.17370674589,54510.990000000005,54419.80629325412
2024-09-08 07:56:00,54531.9,54575.0,54531.9,54548.01,12.03972,76.47552881251518,28.749158048376557,10.771180699625656,17.9779773487509,26.900196755942233,54506.24343607656,54451.33078922502,122.57050176699704,76.58593030097467,25.591163401612704,84.73345189690765,54410.21087191231,59335.56518329162,54477.01419047619,0.0020936784301088442,54593.54525088349,54532.259999999995,54470.974749116496
2024-09-08 07:57:00,54548.0,54549.0,54538.0,54547.0,2.23501,75.85048372545444,32.050531085187686,15.027050776738063,17.02348030844962,28.67809100601689,54516.43257705742,54458.68995928464,41.14314483884664,74.46673193122703,24.548937444354653,62.233747433772194,54420.098219597574,59335.56403066235,54490.58257142857,0.0032154545163535215,54567.325572419424,54546.754,54526.18242758058
2024-09-08 07:58:00,54547.0,54547.01,54504.0,54508.99,7.42385,55.40162404256621,31.23969194212259,18.26957900981497,12.970112932307622,28.991917133640698,54514.571932793064,54462.55919318582,58.250440542266006,65.79703174722012,25.867584769758036,24.268989568198933,54429.39232642172,59335.560171681886,54497.59828571428,0.004132384319595625,54564.90522027114,54535.780000000006,54506.65477972887
2024-09-08 07:59:00,54508.99,54509.0,54483.0,54491.99,4.27995,48.398737770548,28.89228586772515,20.394120381397006,8.498165486328144,28.56274616851432,54508.926449594794,54464.823101402304,87.73377456542221,52.68318487877868,25.877043000489603,-36.52201043382589,54438.128786836416,59335.55793909426,54501.185428571436,0.004803569401833488,54569.44488728271,54525.578,54481.71111271729
2024-09-08 08:00:00,54492.0,54501.1,54482.0,54482.01,12.26428,44.44138280520259,25.927767879322346,21.500849880982074,4.426917998340272,28.130211048352407,54502.1973371961,54466.14517052521,109.7747551289358,39.73802535324178,25.392968500454526,-83.6592137664455,54446.34105962623,59335.551528400545,54502.65161904762,0.005236071482226666,54570.48737756447,54515.6,54460.71262243553
2024-09-08 08:01:00,54482.0,54482.01,54437.0,54437.01,5.42467,30.81030519427145,19.719923097763967,21.144664524338452,-1.424741426574485,26.345834727652328,54485.90050289708,54463.904003561736,143.41615273007483,40.68532588425558,26.79418503613649,-165.32558075448404,54575.0,59335.548666572664,54497.30828571429,0.005318391063006577,54565.10807636504,54493.4,54421.691923634964
2024-09-08 08:02:00,54437.0,54437.01,54432.0,54434.0,4.28873,30.069999191021367,14.391384615373681,19.794008542545498,-5.402623927171817,24.55218833933691,54472.92537717281,54461.60369559545,120.38817576566362,46.52439323236493,25.238171819269745,-137.12562884130196,54572.24,59335.54640263107,54491.03876190476,0.005141423825815124,54530.994087882835,54470.8,54410.60591211717
2024-09-08 08:03:00,54433.99,54488.0,54433.99,54471.1,29.55857,48.40595361247386,13.01214352955867,18.437635539948133,-5.425492010389462,24.081012679330524,54472.469032879606,54462.334180549646,94.38040050920972,43.4685712398725,27.293302403607765,-64.61270632738109,54566.630399999995,59335.53091736571,54489.21200000001,0.004921457978100319,54510.4122002546,54463.221999999994,54416.03179974539
2024-09-08 08:04:00,54471.1,54518.75,54471.1,54518.75,7.40533,63.25524147910699,15.584394604440604,17.86698735284663,-2.2825927484060244,24.22401317418531,54484.039274659706,54466.673858968905,125.17105339579575,41.39941615357753,28.7473522319216,17.342512035167758,54561.24518399999,59335.52707584858,54492.88285714286,0.004843481213516279,54531.1595266979,54468.574,54405.9884733021
2024-09-08 08:05:00,54518.74,54518.74,54471.0,54471.01,8.73425,46.99412501409743,13.61377200379502,17.016344283036307,-3.402572279241287,24.353676038561087,54480.78195599478,54467.007408278994,122.60366311101825,40.167940630821164,30.10468421535577,-1.757136518275925,54556.075376639994,59335.52250005519,54489.07647619047,0.004683225852637469,54527.675831555505,54466.373999999996,54405.07216844449
2024-09-08 08:06:00,54471.01,54514.85,54463.0,54514.85,24.75946,58.69515759575826,15.411902194129652,16.695455865254978,-1.2835536711253255,24.212889414098363,54489.29896699609,54470.68760764215,126.15239228823339,36.10021971413231,31.65792105711597,47.41322628647127,54551.11236157439,59335.50964574742,54490.83590476191,0.004622864007384665,54545.01819614412,54481.942,54418.865803855886
2024-09-08 08:07:00,54514.85,54515.0,54474.92,54480.0,23.06736,48.48522103688111,13.865002460697724,16.129365184343527,-2.264362723645803,24.085404893799183,54486.97422524707,54471.403945515834,84.9544659210369,29.475124673476078,32.259498124464955,38.11516033107142,54546.34786711141,59335.49758340832,54487.564666666665,0.00449795718083144,54533.619232960526,54491.14200000001,54448.66476703949
2024-09-08 08:08:00,54480.01,54480.01,54478.01,54478.01,1.87234,47.91411625986348,12.336291815292498,15.370750510533322,-3.034458695240824,23.96702641066423,54484.7331689353,54471.91210355308,80.33155673774309,27.782436279541983,30.098105401288883,5.3562363658471295,54541.77395242696,59335.4966039293,54484.826761904755,0.004319258505210934,54532.68977836887,54492.524,54452.358221631126
2024-09-08 08:09:00,54478.02,54493.71,54478.01,54493.71,3.9783,53.13974858334463,12.250421174991061,14.74668464342487,-2.49626346843381,24.18066034765139,54486.97737670148,54473.58886481823,62.09194189243135,27.88468104063587,29.069669301196615,41.59684032966752,54537.38299432988,59335.49452948529,54484.801142857155,0.004160083815040912,54518.56197094622,54487.516,54456.47002905379
2024-09-08 08:10:00,54493.71,54496.0,54493.7,54495.99,3.23586,53.94496454238632,12.22541801037005,14.242431316813908,-2.017013306443859,24.433306944549447,54489.230532526104,54475.31202906298,53.04717749240808,28.45026203872133,27.157550065397064,57.52629962996952,54533.16767455668,59335.49284297491,54485.443238095235,0.004020876518697774,54519.03558874621,54492.512,54465.9884112538
2024-09-08 08:11:00,54496.0,54496.0,54483.92,54483.92,3.17824,48.63589580787977,11.10365863055631,13.614676779562389,-2.5110181490060786,24.251376406923878,54487.90289939458,54475.974180673526,29.003679214671138,24.23080207015017,26.080582203583113,-0.48544216504960075,54529.12096757441,59335.49118236552,54484.97142857143,0.0038498804392197838,54500.82783960734,54486.326,54471.824160392665
2024-09-08 08:12:00,54483.93,54485.0,54483.92,54485.0,2.1632,49.1730013488493,10.184403747458418,12.928622173141594,-2.744218425683176,24.082440907700136,54487.17717454594,54476.66847446787,26.510024669463746,16.70468304493206,24.29482633189873,-67.65139006643143,54525.23612887143,59335.49005236007,54485.24438095238,0.0036612923802287643,54500.58101233473,54487.326,54474.07098766527
2024-09-08 08:13:00,54484.99,54489.0,54462.01,54488.99,9.59643,51.42487603191186,9.666418824825087,12.276181503478293,-2.6097626786532064,23.002284376449403,54487.63038090945,54477.61628412419,18.888146546145435,15.458296192917228,24.487338736762958,-112.21579684633156,54521.50668371657,59335.48504353787,54486.27780952382,0.0034761823043085453,54498.96607327307,54489.522,54480.077926726924
2024-09-08 08:14:00,54489.0,54496.0,54488.99,54496.0,1.67627,55.57449739905821,9.709633841855975,11.76287197115383,-2.0532381292978545,22.22820487129806,54489.72278568209,54479.03041611464,20.774173965357477,12.269465444675104,23.23895739842289,69.04765808159898,54517.92641636791,59335.4841698813,54488.274476190476,0.0033197051154766274,54500.367086982675,54489.979999999996,54479.59291301732
2024-09-08 08:15:00,54495.99,54496.0,54485.0,54485.01,5.32392,47.879551851844425,8.7561455065661,11.161526678236283,-2.405381171670184,21.339947488120224,54488.54458926157,54479.490384105826,17.828802763222484,10.72170198288533,22.3647461556784,18.757995115823814,54514.489359713196,59335.481388803855,54488.672571428564,0.0031432361877295556,54496.69840138161,54487.784,54478.86959861839
2024-09-08 08:16:00,54485.01,54488.0,54485.0,54487.0,0.77199,49.40185529597061,8.06807179081079,10.542835700751185,-2.4747639099403944,20.515137060883657,54488.15844194617,54480.06804686692,16.309022777655628,6.295967763198369,20.981550001701372,-7.173402397158666,54511.18978532467,59335.48098570206,54488.87885714286,0.0029619557865056237,54496.55451138883,54488.4,54480.245488611174
2024-09-08 08:17:00,54487.0,54487.01,54481.1,54481.1,1.10523,44.75155110204784,6.966383588551253,9.827545278311199,-2.861161689759946,19.565597871758516,54486.39383145963,54480.147427877164,19.742994301064755,6.161198392426573,19.90501071586581,-84.82380434514506,54508.02219391168,59335.48040789372,54487.79371428571,0.002758301129043027,54497.49149715053,54487.619999999995,54477.74850284946
2024-09-08 08:18:00,54481.11,54486.0,54466.0,54478.99,8.015,43.013915251721244,5.855529486048908,9.033142119858741,-3.177612633809833,18.33350245176549,54484.54287359472,54480.05839496353,23.624263459336362,5.999631198647028,19.91179566473254,-135.94830069131405,54504.98130615521,59335.47621587738,54486.331999999995,0.0025354579532097243,54497.43213172968,54485.62000000001,54473.80786827034
2024-09-08 08:19:00,54479.0,54488.0,54479.0,54487.99,3.06808,52.46180222049605,5.636421234965383,8.35379794288007,-2.7173767079146867,17.097845198491857,54485.404655196035,54480.66851842788,13.792583514907164,5.609283680507979,19.13309597439465,-3.453947368316981,54502.062053909,59335.47461418163,54486.44895238096,0.0023366563816374255,54490.91429175746,54484.018000000004,54477.12170824255
2024-09-08 08:20:00,54487.99,54488.0,54479.0,54479.0,4.37871,43.76447147929882,4.6833715085012955,7.619712656004316,-2.93634114750302,15.95044917759491,54483.803491397026,54480.540170856504,15.637983502689167,5.136540996395892,18.409303404795033,-47.22864275146911,54499.25957175264,59335.47232403197,54485.20552380953,0.0021257049333491774,54490.63499175135,54482.816000000006,54474.99700824866
2024-09-08 08:21:00,54479.0,54483.99,54460.52,54460.53,5.379,31.06672394291533,2.4099180588964373,6.57775373658274,-4.167835677686303,15.72179256575646,54477.98511854777,54479.00092694446,36.461422902793856,9.395009139961338,18.77078173302404,-183.34672654230656,54496.56918888254,59335.46950001482,54481.84085714286,0.0018453055794491536,54495.752711451394,54477.522,54459.2912885486
2024-09-08 08:22:00,54460.52,54471.1,54437.0,54455.71,22.47041,28.479146490074896,0.21675745810352964,5.305554480886899,-5.088797022783369,16.37946756262724,54472.41633891082,54477.20931717951,48.972788854225655,12.680101825072121,19.865725894950792,-190.96833743568558,54493.98642132724,59335.45769124468,54478.01895238095,0.0015095501270440109,54496.93039442711,54472.443999999996,54447.95760557288
2024-09-08 08:23:00,54455.71,54474.0,54455.71,54460.0,3.49881,34.32180629884658,-1.1617787101276917,4.012087842683981,-5.173866552811673,16.827767064435267,54469.31225418312,54475.88552355033,50.25879871433426,13.679092280784864,19.75317404531151,-91.87089827730802,54491.506964474145,59335.455854152955,54474.98142857144,0.001163574401696461,54493.77539935716,54468.64599999999,54443.516600642826
2024-09-08 08:24:00,54460.01,54460.01,54444.0,54444.0,3.04221,25.132890265132033,-3.5049420475188526,2.508681864643415,-6.013623912162267,17.649192734434454,54462.98419063734,54473.432790969535,45.09791481120919,15.475751967424133,19.48580447064655,-128.98925211773224,54489.12668589518,59335.454251563526,54470.13161904762,0.0007659823271880825,54482.3969574056,54459.848,54437.29904259439
2024-09-08 08:25:00,54444.01,54444.01,54432.0,54432.0,2.11625,20.252855457064328,-6.258076376841927,0.7553302163463465,-7.013406593188273,18.795251854458456,54455.23814297801,54470.24565320265,43.90831721253926,19.14308880392284,18.951818437029083,-145.59338211901658,54486.84161845937,59335.45313402128,54464.176952380956,0.00030637773235673253,54472.402158606266,54450.448,54428.49384139373
2024-09-08 08:26:00,54432.01,54433.54,54432.0,54433.54,7.72378,22.568225539736886,-8.220924339970225,-1.0399206949169677,-7.181003645053257,19.859449608766457,54449.81360723351,54467.42214141783,45.29099054454127,20.255447883286067,17.708117120098496,-118.27000005230622,54484.647953720996,59335.44905655861,54458.9220952381,-0.0001700999284971481,54467.69549527227,54445.05,54422.40450472773
2024-09-08 08:27:00,54433.54,54479.0,54433.53,54467.0,13.87722,55.92937244218465,-6.995908649078046,-2.2311182857491834,-4.7647903633288635,18.483818537015424,54454.11020542513,54467.38966900108,56.10553342119965,19.18541900207671,19.691108754377257,3.7954211176901964,54482.54203557216,59335.441780654925,54458.618666666654,-0.0005171175823373293,54475.3607667106,54447.308,54419.2552332894
2024-09-08 08:28:00,54467.01,54469.81,54451.1,54469.81,4.92686,57.763264355616016,-5.73225352204463,-2.931345333008273,-2.800908189036357,17.206446827532318,54458.03515406885,54467.57584830869,64.73831805393274,18.37158083249338,19.62102955763596,38.615336851936014,54480.520354149274,59335.439198971006,54458.89933333333,-0.0007514152062662535,54481.63915902696,54449.27,54416.90084097303
2024-09-08 08:29:00,54469.81,54469.81,54469.8,54469.8,0.56713,57.75300136372977,-4.67768322568736,-3.2806129115440905,-1.3970703141432699,16.020315954440864,54460.97636555164,54467.74693690033,70.88657012711337,15.913792656953266,18.220241732090162,90.10198835079962,54479.0,59335.438901793386,54459.428095238094,-0.0008987013791153168,54489.873285063564,54454.43000000001,54418.98671493645
2024-09-08 08:30:00,54469.81,54481.1,54457.81,54481.09,7.5527,65.94938694754607,-2.897519224534335,-3.2039941741421396,0.3064749496078045,15.45419506197531,54466.00477416373,54468.77332636954,64.39796642953297,16.24311628747889,18.582367322655216,103.83218507186494,54432.0,59335.43495334514,54461.60704761905,-0.0009391346687174697,54496.446983214766,54464.248,54432.04901678523
2024-09-08 08:31:00,54481.09,54490.0,54479.34,54490.0,3.06729,71.23459431397987,-0.75901444615738,-2.7149982285451877,1.9559837823878077,14.489630702573342,54472.0035806228,54470.40614741804,34.807174894202035,19.274996269111565,18.016483942465808,135.60565263411445,54432.982,59335.43335275295,54465.03028571428,-0.0008724660095307305,54492.9435874471,54475.54,54458.1364125529
2024-09-08 08:32:00,54490.0,54490.0,54479.58,54479.59,1.32257,58.50331989172702,0.09467464740009746,-2.153063653356131,2.2477383007562284,13.593963797414371,54473.9001854671,54471.11259761666,30.482800397643587,20.10521958369499,17.473877946575268,94.37224735391865,54435.262720000006,59335.43266111891,54466.980761904764,-0.0007725291215151674,54493.299400198826,54478.058000000005,54462.81659980118
2024-09-08 08:33:00,54479.58,54491.1,54479.58,54491.1,1.58447,66.45730417062072,1.680617103644181,-1.3863275019560686,3.0669446056002494,12.703418736156683,54478.20013910033,54472.65009010769,31.075999228152796,21.96356854882164,17.04860095039109,90.83939124523867,54437.452211200005,59335.43183448935,54470.460190476195,-0.000611821299438426,54497.85399961408,54482.316000000006,54466.77800038593
2024-09-08 08:34:00,54491.09,54491.09,54476.0,54476.0,3.53844,51.05208916070202,1.699453875873587,-0.7691712263901375,2.4686251022637244,12.07102668094417,54477.65010432525,54472.907775484025,23.8220328270545,20.732242979371726,16.909415168220196,53.712122196135454,54440.671078528,59335.429982706264,54471.89666666666,-0.00047025066069103884,54495.467016413524,54483.556,54471.64498358647
2024-09-08 08:35:00,54476.0,54480.0,54476.0,54479.99,1.4911,54.40354367628108,2.013135633300408,-0.2127098544520284,2.2258454877524363,11.483805486818266,54478.23507824393,54473.45256198526,24.24762850292609,16.297856166516492,15.987314084775898,22.48243559717284,54443.69681381632,59335.42920300529,54473.893714285725,-0.00033235934154598155,54495.45981425146,54483.335999999996,54471.21218574853
2024-09-08 08:36:00,54479.99,54480.0,54463.0,54463.01,2.97763,40.30909113120067,0.8814260628205375,0.006117329002484795,0.8753087338180527,11.652442421213719,54474.42880868295,54472.649287986394,36.0789778137696,9.426681816534746,16.059648793006193,-76.63536306789177,54446.54100498734,59335.427640548725,54473.44142857142,-0.0002630899483413538,54495.97748890689,54477.938,54459.89851109312
2024-09-08 08:37:00,54463.01,54463.01,54443.0,54443.01,1.93345,29.504964335857437,-1.6107273164816434,-0.3172516000943409,-1.2934757163873025,12.713179681655747,54466.57410651221,54470.369342756676,65.8822161146818,14.083111558894224,16.34181673636304,-193.2417602857287,54491.1,59335.42662184251,54470.25295238095,-0.0003139645348390307,54503.56310805734,54470.621999999996,54437.680891942655
2024-09-08 08:38:00,54443.0,54445.0,54428.01,54445.0,13.50117,31.691056958225687,-3.386166832271556,-0.9310346465297838,-2.455132185741772,14.254712241667514,54461.18057988416,54468.41785485232,61.14879295867286,16.87788615849736,16.38811554090839,-168.2279424411098,54490.138,59335.41951118101,54467.49161904762,-0.00043539298480515485,54491.97639647934,54461.402,54430.827603520665
2024-09-08 08:39:00,54445.0,54449.0,54444.99,54449.0,2.06251,36.44493822086645,-4.419503583019832,-1.6287284338277936,-2.7907751491920383,15.402532330354587,54458.13543491312,54466.924173709835,55.523692964125075,18.37509718977977,15.503964430843652,-90.51493483127427,54487.65288,59335.41842580911,54465.254095238095,-0.000583678364856164,54483.76384648206,54456.002,54428.24015351794
2024-09-08 08:40:00,54448.99,54451.1,54448.99,54451.1,2.39303,39.114412938561884,-5.011211822689802,-2.3052251116001954,-2.7059867110896065,16.31531938061673,54456.37657618484,54465.70692957831,28.004524785283138,18.767063585479924,14.547252685783434,-60.13922380455418,54485.2671648,59335.417167046726,54463.13466666667,-0.0007349161184502175,54464.22626239264,54450.224,54436.22173760736
2024-09-08 08:41:00,54451.09,54451.1,54447.01,54447.02,5.35609,35.625729618985346,-5.743163157792878,-2.992812720838732,-2.7503504369541463,17.247138567504198,54454.037432138626,54464.2694734569,11.416057484602788,17.752574901111082,13.800306065370082,-54.53773985196203,54482.97687820801,59335.4143473283,54460.304,-0.0008948284978963262,54452.7340287423,54447.026,54441.3179712577
2024-09-08 08:42:00,54447.02,54447.02,54447.01,54447.01,0.64615,35.61638641846443,-6.2519778715141,-3.644645750973806,-2.607332120540294,18.112399241042556,54452.28057410397,54462.94182165252,8.275069092225749,17.246380362793197,12.815284203557558,-50.32708492732785,54480.77820307969,59335.41400716157,54457.66228571428,-0.0010519712712443278,54451.963534546114,54447.826,54443.68846545389
2024-09-08 08:43:00,54447.02,54447.02,54447.01,54447.02,0.55202,35.63664233226561,-6.578576546133263,-4.231431910005698,-2.347144636127565,18.915855580756748,54450.96543057798,54461.717066140794,6.510611682155286,13.397729163084426,11.900621046160214,-43.23003383642696,54478.6674749565,59335.41371655036,54455.23904761904,-0.0011984181484378169,54451.48530584107,54448.229999999996,54444.97469415892
2024-09-08 08:44:00,54447.02,54457.0,54447.01,54456.99,5.53718,53.23799429077665,-5.964161529991543,-4.577977834002867,-1.3861836959886755,18.796279124771758,54452.47157293348,54461.35344566843,15.658653851933195,11.231497033584635,11.764148114291483,46.97730467957995,54476.64117595824,59335.410807446424,54454.3620952381,-0.0012933194664952695,54457.65732692596,54449.827999999994,54441.99867307403
2024-09-08 08:45:00,54457.0,54458.0,54455.0,54457.99,1.44262,54.72811682772274,-5.335042511302163,-4.729390769462727,-0.605651741839436,18.601432188567905,54453.851179700105,54461.09471907855,20.56239597995591,6.494602293274665,11.138137534699235,160.60717436050334,54474.69592891991,59335.410049683785,54453.848,-0.0013435000690478604,54461.48719798998,54451.206000000006,54440.92480201003
2024-09-08 08:46:00,54457.99,54458.0,54449.5,54449.5,2.65119,41.31509702354759,-5.458609747249284,-4.875234565020039,-0.5833751822292452,18.75599676092114,54452.76338477508,54460.202817610974,19.2903333416034,4.849695529102563,10.949699139363576,56.649256729716356,54472.82849176311,59335.408654674146,54452.50676190476,-0.0013893839587403398,54461.34716667081,54451.702000000005,54442.0568333292
2024-09-08 08:47:00,54449.5,54449.51,54434.0,54434.0,5.65844,26.881494847836308,-6.729682541816146,-5.24612416037926,-1.483558381436886,19.721198721378435,54448.072538581306,54458.187216256294,34.58464261004701,6.66030605337313,11.275434915123466,-180.19865783732448,54471.03575209258,59335.40566785965,54449.38542857143,-0.0014832853552559269,54466.39232130502,54449.1,54431.807678694975
2024-09-08 08:48:00,54434.01,54434.01,54417.0,54417.0,1.8797,18.414565989748795,-9.004971112590283,-5.997893550821465,-3.007077561768818,21.325634212685664,54440.30440393598,54455.01896885197,62.472368040151196,12.012794524127074,11.685046706900506,-229.91891504015857,54469.31472200888,59335.40467221716,54444.54123809524,-0.001663386458310154,54474.33218402007,54443.096,54411.85981597992
2024-09-08 08:49:00,54417.0,54417.01,54396.87,54403.66,6.00763,14.202273489801328,-11.749143398948945,-7.148143520446961,-4.600999878501984,23.465085137035633,54431.14330295199,54451.06827894028,80.25880278626573,17.783606591125345,12.288971942121858,-188.47850379347366,54466.175838688345,59335.40148145808,54438.480285714286,-0.001938090883219721,54472.55940139314,54432.43000000001,54392.300598606875
2024-09-08 08:50:00,54403.67,54411.82,54403.66,54411.82,3.31907,26.53728558869996,-13.114302387984935,-8.341375293954556,-4.772927094030379,25.451718138217746,54426.31247721399,54448.04918056026,65.92324725624349,19.58348161780859,11.994045374827168,-114.0068487984489,54460.63137159328,59335.3997215595,54434.23428571428,-0.002231332985441449,54456.15762362812,54423.195999999996,54390.234376371875
2024-09-08 08:51:00,54411.82,54411.82,54396.87,54396.87,3.52353,20.163895308424827,-15.227013249619631,-9.71850288508757,-5.508510364532061,27.49818830116855,54418.95185791049,54444.11232051716,50.76251436784514,22.925699602689924,12.205184990910734,-102.06867793926327,54455.53046186581,59335.39784757678,54428.482476190475,-0.002573657340898648,54438.05125718392,54412.67,54387.288742816076
2024-09-08 08:52:00,54396.87,54411.82,54396.38,54411.82,8.05091,38.02511112987364,-15.516151238080056,-10.878032555686069,-4.638118682393987,29.413185335626714,54417.16889343287,54441.628295862,28.432285328541184,23.097567670020947,12.436243205845846,-68.35015612518492,54450.837624916545,59335.39357868311,54425.16342857143,-0.0028755291404053192,54422.45014266427,54408.234,54394.017857335726
2024-09-08 08:53:00,54411.81,54411.82,54390.91,54390.92,4.40887,27.64825587704756,-17.23309808102931,-12.14904566075472,-5.084052420274592,31.358364546932755,54410.606670074645,54437.72765771877,32.96164803332067,24.8881075804363,13.041511548285158,-82.38717242037089,54445.39186242489,59335.39123101498,54419.37371428571,-0.0032066761726723555,54419.498824016664,54403.018000000004,54386.53717598334
2024-09-08 08:54:00,54390.92,54390.92,54381.0,54381.0,3.2336,23.928922984953175,-19.173234803209198,-13.553883489245615,-5.619351313963582,33.44564846475205,54403.20500255599,54433.36399174041,48.04021616450336,24.977002400847702,12.818546437693234,-117.24122445926089,54438.8540389339,59335.38950571033,54412.814476190484,-0.003572537614345222,54422.50610808225,54398.486,54374.465891917745
2024-09-08 08:55:00,54381.01,54381.01,54380.84,54380.85,6.82345,23.87065600642977,-20.486752351323958,-14.940457261661287,-5.546295089662671,35.38827680568756,54397.616251916996,54429.324453914225,46.04734087018005,22.1317783599267,11.915078835001255,-129.81333926948858,54430.75447348315,59335.38586491565,54406.902857142864,-0.0039395164558337775,54415.315670435084,54392.291999999994,54369.268329564904
2024-09-08 08:56:00,54380.85,54380.85,54327.52,54349.99,15.1897,14.908413583991873,-23.744160659953195,-16.70119794131967,-7.042962718633525,38.20755831151117,54385.70968893774,54423.22180361314,79.8311416011129,23.593966955595455,14.873287489644147,-185.9930782541937,54422.76815772585,59335.37770967059,54397.50676190476,-0.004394486013165652,54422.83157080056,54382.916000000005,54343.00042919945
2024-09-08 08:57:00,54349.98,54370.01,54349.98,54365.01,11.31319,30.211859022316034,-24.82749582300312,-18.326457517656358,-6.501038305346761,40.82546256691881,54380.534766703306,54418.74397256598,57.64760228715022,21.852774347861857,15.241624097526625,-107.41105473030089,54405.623489335194,59335.37165401397,54391.037333333334,-0.004826434009732364,54402.37780114358,54373.554000000004,54344.73019885643
2024-09-08 08:58:00,54365.0,54365.0,54358.0,54358.01,10.27822,27.450850443796355,-25.951732821704354,-19.851512578465957,-6.100220243238397,43.2563736612259,54374.90357502748,54414.07212852245,49.37817333136627,21.984201221844714,14.65365094770344,-88.43164003789929,54391.56486125486,59335.366144614454,54384.41561904761,-0.005240109381949835,54391.66108666568,54366.971999999994,54342.28291333431
2024-09-08 08:59:00,54358.0,54358.01,54344.0,54344.01,0.85408,22.513028089627255,-27.653608158907446,-21.411931694554255,-6.241676464353191,45.70383744154871,54367.18018127061,54408.68273402073,51.18610406777589,24.324933893341594,14.607675880010484,-100.24832607421887,54380.036786228986,59335.36568551768,54376.8699047619,-0.005663784692651543,54385.16705203389,54359.574,54333.98094796611
2024-09-08 09:00:00,54344.01,54360.0,54340.0,54348.01,7.7389,27.014254983139807,-28.352757119297166,-22.800096779502837,-5.552660339794329,48.02715339974998,54362.38763595296,54404.01560063452,30.15268826695683,23.106531953381136,14.992841888581165,-78.61495479243719,54370.58376470777,59335.36152893585,54370.94304761905,-0.006050581119348105,54368.08234413349,54353.00600000001,54337.92965586653
2024-09-08 09:01:00,54348.0,54370.01,54348.0,54370.01,2.22948,47.24156245958408,-26.822429300576914,-23.604563283717653,-3.2178660168592614,49.18665475786977,54364.29322696472,54401.3997852011,39.35479113998008,21.482209409966217,15.49406746796837,-18.092358246495852,54327.52,59335.360336760226,54368.91609523809,-0.006305339255458189,54376.68739557,54357.01000000001,54337.33260443002
2024-09-08 09:02:00,54370.0,54380.0,54370.0,54380.0,2.06652,54.163608787712114,-24.520862726931227,-23.78782317236037,-0.7330395545708583,49.35171967977588,54368.21992022354,54399.753647877944,53.77285413321806,16.33282165929828,15.101634077399199,75.97679960431137,54328.3698,59335.3592339484,54368.830571428574,-0.006412548247474015,54386.89442706662,54360.00800000001,54333.1215729334
2024-09-08 09:03:00,54380.0,54390.0,54379.99,54382.0,2.96499,55.564231064917514,-22.27865686180303,-23.485989910248904,1.207333048445875,48.66867582069523,54371.664940167655,54398.38798265657,63.70311114513606,15.062165884487879,14.737945929013687,121.1847570886376,54330.435008,59335.35765230172,54369.36409523809,-0.006396601908557748,54396.65755557257,54364.806000000004,54332.954444427436
2024-09-08 09:04:00,54382.0,54382.01,54382.0,54382.0,1.05875,55.564231064917514,-20.26805503742071,-22.842402935683268,2.574347898262559,48.03442080869176,54374.24870512574,54397.12736860606,51.92807303830341,15.176522695659845,13.685949791227142,106.69291338582144,54334.00890752,59335.3570875215,54370.103904761905,-0.006286337774814741,54398.368036519154,54372.404,54346.43996348085
2024-09-08 09:05:00,54382.01,54382.01,54372.0,54372.0,6.49949,45.544065377721466,-19.25954300934245,-22.125830950415107,2.866287941072656,47.79924753420625,54373.68652884431,54395.1944940979,20.603374515121686,14.454496110143516,13.423381948996777,50.51930237114604,54337.3683730688,59335.35361343308,54369.794380952386,-0.006141227222583076,54387.503687257566,54377.202000000005,54366.900312742444
2024-09-08 09:06:00,54372.01,54377.39,54372.0,54377.39,3.7542,51.23235134840849,-17.81994477641274,-21.264653715614635,3.4447089392018952,47.58087235075542,54374.61239663324,54393.82491762884,14.97449035498721,13.855720520157831,12.849568952639824,42.014831020083335,54340.52627068467,59335.351608930454,54370.44038095237,-0.005947671998359311,54386.16524517749,54378.678,54371.190754822506
2024-09-08 09:07:00,54377.38,54388.0,54377.38,54387.99,2.21374,60.87664886099871,-15.643394083643216,-20.140401789220352,4.497007705577136,46.42779580245927,54377.95679747492,54393.376077811234,21.337005632711225,15.17618983145723,12.690314027451452,77.46245160192954,54343.49469444359,59335.35042946275,54372.827619047624,-0.00568031746226062,54390.94450281635,54380.276,54369.60749718364
2024-09-08 09:08:00,54387.99,54401.0,54382.0,54401.0,3.60708,69.70158183222505,-12.722012269259722,-18.656723885228228,5.9347116159685065,44.34157478230039,54383.71759810619,54393.96253336422,39.86309332352539,17.298257363167743,13.141005882633491,134.72856145628663,54346.28501277697,59335.348512686665,54376.97742857143,-0.005317211561402419,54404.00754666176,54384.076,54364.14445333824
2024-09-08 09:09:00,54400.99,54408.0,54400.99,54408.0,2.32351,73.55325621588057,-9.729795608203858,-16.871338229823355,7.141542621619497,41.91018849888377,54389.78819857964,54395.04233849005,54.53604137862567,16.61243202560478,12.70307689101696,177.47987261269347,54350.66221175481,59335.34727974272,54381.8700952381,-0.0048700339686790365,54416.54402068931,54389.276,54362.007979310685
2024-09-08 09:10:00,54407.99,54408.0,54393.0,54393.01,3.35607,55.441850283230856,-8.47036892950564,-15.191144369759813,6.720775440254174,40.08586298362818,54390.59364893474,54394.88600476005,42.20444527766085,12.254505204512819,12.86714282737289,89.06531025181543,54356.39599057933,59335.34549346597,54384.505523809516,-0.0044300266196893225,54414.58022263883,54393.478,54372.37577736117
2024-09-08 09:11:00,54393.01,54410.99,54393.01,54410.98,1.91012,67.09691264434005,-5.953605931339553,-13.343636682075763,7.39003075073621,38.17126680529181,54395.690236701055,54396.12400439389,34.800845522855525,13.35873700901431,13.232346911131676,102.333652271265,54361.5563915214,59335.34448049688,54389.127238095236,-0.00394056632868938,54417.596422761424,54400.195999999996,54382.79557723857
2024-09-08 09:12:00,54410.98,54410.99,54410.98,54410.99,0.81678,67.1026588533714,-3.9131379876853316,-11.457536943197677,7.544398955512346,36.393427496836594,54399.51517752579,54397.26754251744,27.723918356612558,14.474266514890164,12.287893560336183,106.63968644348384,54367.48842453883,59335.34404734558,54393.312476190484,-0.003431263477729772,54418.6579591783,54404.795999999995,54390.93404082169
2024-09-08 09:13:00,54410.99,54410.99,54410.98,54410.98,0.51463,67.08859919591376,-2.2706843225678313,-9.620166419071708,7.349482096503877,34.7425767104139,54402.38138314435,54398.322346939174,27.948784607156995,15.021204716845926,11.410901163168939,87.77068804882968,54372.70861359417,59335.343774428664,54396.99180952381,-0.002923878067604681,54420.76639230358,54406.792,54392.81760769642
2024-09-08 09:14:00,54410.99,54410.99,54406.0,54410.99,10.00517,67.09687201341485,-0.9571871852531331,-7.887570572307993,6.93038338705486,33.53369488629078,54404.53353735826,54399.296781790006,28.75999834855611,14.937663398716893,10.952265365799585,66.25214408233774,54377.30237996287,59335.338468536116,54400.034666666674,-0.0024338276576418997,54421.76999917428,54407.39,54393.01000082572
2024-09-08 09:15:00,54410.99,54413.84,54410.0,54410.01,1.55847,65.17039103535038,0.004637491401808802,-6.309128959566033,6.313766450967842,32.14829681511775,54405.9026530187,54400.12087549847,1.5599695396085735,12.049220907667515,10.444246411099366,71.91783128475046,54381.34489436733,59335.337641892525,54402.34704761905,-0.0019752096526192277,54411.569984769805,54410.79,54410.0100152302
2024-09-08 09:16:00,54410.0,54410.01,54402.0,54402.01,1.66589,50.86430781565616,0.1199743464239873,-5.02330829836803,5.143282644792017,31.390989110260904,54404.92948976402,54400.26619276783,14.053678841795772,8.3917215843685,10.270371667449556,-14.09895747129778,54385.8942091559,59335.33675683629,54403.211809523804,-0.0015822183829322864,54416.0228394209,54408.996,54401.9691605791
2024-09-08 09:17:00,54402.0,54419.99,54401.1,54419.99,2.89425,69.13665557384152,1.64327274455718,-3.689992089782988,5.333264834340168,29.78599240568888,54408.69461732301,54401.78340870876,22.797374606831,7.39823492732412,10.886059405488833,101.56118498564197,54389.80661987407,59335.335224780254,54406.264285714286,-0.0011824374015345068,54422.194687303425,54410.79600000001,54399.397312696594
2024-09-08 09:18:00,54419.99,54419.99,54407.0,54407.0,2.40602,52.28111091206416,1.7817740793398116,-2.595638855958428,4.377412935298239,28.295638322872,54408.27096299226,54402.18468496193,23.57084777802811,7.019440626347251,11.0363408765252,51.08106384320331,54394.63596069422,59335.333947801104,54407.22295238095,-0.0008396132488715998,54421.785423889014,54410.0,54398.214576110986
2024-09-08 09:19:00,54407.01,54407.01,54361.76,54361.76,8.67472,25.895913420612814,-1.7389074854872888,-2.4242925818642003,0.6853850963769115,29.20952993082849,54396.643222244194,54399.07509381102,80.29982197431673,16.344889926357364,13.480173671059115,-277.5577092513316,54419.99,59335.32930149335,54401.911523809526,-0.0007104642695623687,54440.30391098716,54400.154,54360.004089012844
2024-09-08 09:20:00,54361.77,54371.47,54361.76,54371.46,1.62058,34.41252494817999,-3.7036704495476442,-2.680168155400889,-1.023502294146755,30.05814356678809,54390.347416683144,54396.95085582556,88.43535203306237,19.108471914991664,13.210875551697686,-171.97943444726621,54419.99,59335.32843518068,54397.99095238096,-0.0006938013965349469,54436.661676016534,54392.444,54348.22632398347
2024-09-08 09:21:00,54371.47,54371.47,54352.78,54357.0,10.05248,28.544130444198203,-6.354311855015112,-3.4149968953237337,-2.9393149596913783,31.162554442509407,54382.010562512354,54393.877713069756,101.24966924059845,23.32816650011357,13.602241583719447,-129.05197555032896,54418.8254,59335.323045784084,54392.198857142845,-0.0008037753700581887,54434.0668346203,54383.442,54332.8171653797
2024-09-08 09:22:00,54357.0,54367.0,54356.99,54367.0,1.95668,37.40283789953891,-7.560890598833794,-4.244175636025746,-3.3167149628080477,32.18807882710777,54378.257921884266,54391.81019667978,71.02872411548742,24.35817380560483,13.345652899168202,-86.44121291470057,54416.183584,59335.32199886547,54388.03523809524,-0.000956390468833759,54408.35836205775,54372.844000000005,54337.32963794226
2024-09-08 09:23:00,54366.99,54390.0,54366.99,54390.0,2.57481,53.36121604453162,-6.585293995296524,-4.7123993078799025,-1.872894687416622,31.24254107484797,54381.1934414132,54391.670950781336,45.483478863417986,23.409581230030092,14.035963406370618,-19.33497434187613,54413.64744064,59335.3206275956,54387.26209523809,-0.0010465691972513455,54392.18573943171,54369.444,54346.702260568294
2024-09-08 09:24:00,54389.99,54401.1,54389.99,54401.09,1.65215,59.356504883680785,-4.861219231890573,-4.7421632926820365,-0.11905593920853619,29.62815714552492,54386.1675810599,54392.39549302893,63.98847572346858,22.605749121959253,13.82696602020133,40.28694797926227,54411.2127430144,59335.319749681534,54388.13904761904,-0.0010491830713626235,54409.30423786173,54377.31,54345.31576213826
2024-09-08 09:25:00,54401.1,54407.22,54401.09,54407.21,2.30133,62.544919219222955,-2.96684476788505,-4.3870995877226395,1.4202548198375897,27.749288458823067,54391.42818579492,54393.535070488244,77.63945533888182,22.328552324778823,13.277182733044425,68.64051364948614,54408.875433293826,59335.31852832557,54389.755047619044,-0.00096899801542657,54423.27972766944,54384.46,54345.64027233056
2024-09-08 09:26:00,54407.21,54407.22,54407.21,54407.21,1.61208,62.54491921922295,-1.4488380537222838,-3.7994472809225686,2.3506092272002848,26.004624678314205,54395.37363934619,54394.586988143,60.47852247850096,22.73621057130713,12.329526823541398,82.47087690877186,54352.78,59335.31767276697,54391.40695238094,-0.0008348945225718196,54424.74126123925,54394.502,54364.26273876075
2024-09-08 09:27:00,54407.21,54407.22,54400.0,54400.01,1.0792,55.20776813371069,-0.8173645534043317,-3.2030307354189214,2.3856661820145897,24.817410411927533,54396.53272950964,54395.00414290123,25.2388392976427,20.472796368400708,11.964560621859954,72.37220426964981,54353.8688,59335.31709918034,54392.13485714287,-0.0006946517997960049,54413.72341964883,54401.10400000001,54388.484580351185
2024-09-08 09:28:00,54400.01,54400.01,54374.34,54374.34,2.30786,36.758820109682716,-2.361054949979007,-3.0346355783309384,0.6735806283519317,24.968740561131852,54390.98454713223,54393.41459344729,48.761557000732864,19.50535037785443,12.943520577441783,-11.250733192037778,54354.935824,59335.31586619068,54389.54457142857,-0.0006471357052577287,54422.35277850036,54397.971999999994,54373.59122149963
2024-09-08 09:29:00,54374.35,54374.35,54371.1,54371.11,1.03436,34.99313920201679,-3.8012562014264404,-3.187959702950039,-0.6132964984764016,25.24319433410293,54386.015910349175,54391.69885548981,63.87770792080846,18.536393303353233,12.251126250481656,-60.4917259733539,54355.98150752,59335.315313217325,54386.87266666666,-0.0006741164324954617,54423.91485396041,54391.976,54360.0371460396
2024-09-08 09:30:00,54371.11,54371.11,54371.0,54371.0,0.44064,34.92458196861335,-4.895074775064131,-3.5293827173728576,-1.3656920576912737,25.50237803540632,54382.26193276188,54390.10663583675,62.50242850734503,18.573277369708563,11.383902946875866,-75.96900127512899,54357.006277369605,59335.31507764408,54384.55657142857,-0.0007489248902865937,54415.98521425367,54384.734,54353.482785746324
2024-09-08 09:31:00,54371.01,54371.01,54364.0,54367.99,3.31355,32.81362378615334,-5.936384771208395,-4.010783128139965,-1.92560164306843,26.04976366721968,54378.69394957141,54388.405356157,46.93305088552006,17.019008067039262,11.071481307813448,-96.6641708346949,54358.01055182221,59335.3133050935,54382.134476190484,-0.0008619065992231186,54400.35652544276,54376.89,54353.42347455724
2024-09-08 09:32:00,54367.99,54381.1,54367.99,54381.1,1.98195,48.943100952696405,-5.638762861963187,-4.33637907490461,-1.3023837870585773,25.74304545001533,54379.29546217856,54387.84340568339,17.89027449407149,15.841301574888202,11.217089785826815,-47.748826764153655,54358.99474078577,59335.31224766787,54381.95561904763,-0.0009468513439259467,54382.05313724703,54373.10799999999,54364.16286275296
2024-09-08 09:33:00,54381.09,54381.1,54375.0,54375.0,0.55001,43.15802548161131,-5.8279335842089495,-4.634689976765478,-1.1932436074434714,25.458235676897004,54378.22159663392,54386.85545140005,18.066018528479617,16.241926268742038,10.851583372553367,-37.92869829524985,54359.95924597005,59335.31195386095,54381.21009523809,-0.001029418259967462,54382.273009264245,54373.240000000005,54364.206990735765
2024-09-08 09:34:00,54375.01,54375.01,54370.0,54370.0,1.63339,38.66297817506943,-6.308589465363184,-4.96946987448502,-1.3391195908781643,25.456065899892533,54376.16619747544,54385.55887821544,18.56520189694129,15.921109991530345,10.434327417371131,-56.35772722174659,54360.904461050646,59335.31108044974,54379.67180952381,-0.001122788916587996,54382.30060094847,54373.018,54363.735399051526
2024-09-08 09:35:00,54370.0,54370.01,54370.0,54370.0,1.24045,38.662978175069426,-6.613278950993845,-5.2982316897867845,-1.3150472612070603,25.45405110695981,54374.624648106575,54384.36204142964,18.97740555179189,13.69639011746409,9.689732601844767,-64.5827509085194,54361.830771829635,59335.31041715279,54378.147428571436,-0.0012171941301009255,54382.30670277589,54372.81799999999,54363.329297224096
2024-09-08 09:36:00,54370.0,54401.99,54370.0,54401.98,7.07871,68.69403945933865,-4.225519671061193,-5.0836892860416665,0.8581696149804738,24.13317808260393,54381.463486079934,54385.71726901198,47.61824828136014,12.541122979338585,11.282608844569994,184.6572519193935,54362.738556393044,59335.306656387176,54380.763238095235,-0.0011910248499660964,54403.42512414068,54379.616,54355.80687585932
2024-09-08 09:37:00,54401.98,54405.0,54379.0,54379.0,45.95611,48.30182644581349,-4.139776421296119,-4.894906713092558,0.7551302917964389,23.07616386392717,54380.84761455995,54385.200556011056,47.527278581794235,9.992034829127528,12.33385106995785,122.69571620159596,54363.62818526518,59335.28212730922,54379.9819047619,-0.0011653936176509376,54402.95963929089,54379.195999999996,54355.4323607091
2024-09-08 09:38:00,54379.01,54379.01,54293.86,54309.98,174.69066,23.335112664798558,-9.531290668113797,-5.822183504096806,-3.7091071640169915,24.17585494942478,54363.13071091996,54379.414359394825,121.76851941928908,23.237412650521218,17.535004564960964,-269.8126476230447,54407.22,59335.187589945665,54370.10266666666,-0.0013867949944543346,54427.07625970965,54366.192,54305.30774029036
2024-09-08 09:39:00,54309.98,54309.99,54298.0,54298.0,4.31662,21.06700466686648,-14.602462335351447,-7.578239270347734,-7.024223065003713,25.19699667167256,54346.84803318997,54373.15171636446,162.30799709737767,32.43203205712565,17.13893281032075,-189.44265361042275,54405.0,59335.18524839605,54359.49380952382,-0.0018044990829960436,54432.94599854869,54351.792,54270.63800145131
2024-09-08 09:40:00,54298.0,54298.01,54261.1,54280.0,19.59858,17.925596444846576,-19.845090139191598,-10.031609444116508,-9.81348069507509,26.93707419596924,54330.136024892476,54365.98619972105,191.29055889407755,41.30528662714875,18.551151895298087,-146.20953941114226,54402.7772,59335.17457918793,54347.52504761905,-0.002396894829548196,54429.43727944704,54333.792,54238.14672055296
2024-09-08 09:41:00,54279.99,54310.26,54279.99,54310.25,9.43677,36.900568702423065,-21.313301778791356,-12.287947911051479,-9.025353867739877,27.90635135970054,54325.16451866936,54361.69879974251,134.54240301946993,43.024325638899306,19.38821247420566,-78.85600990041702,54397.110111999995,59335.1694726921,54340.80114285714,-0.00296758099747264,54382.71720150973,54315.445999999996,54248.17479849026
2024-09-08 09:42:00,54310.26,54311.0,54310.25,54311.0,2.58499,37.331629912956444,-22.160894353648473,-14.262537199570879,-7.898357154077594,28.767036133624533,54321.623389002016,54357.798892070015,47.75350678677205,42.65633803383967,18.05691158319097,-48.11140426743457,54391.66970751999,59335.16807409349,54335.03209523809,-0.0034907347811683966,54325.722753393384,54301.846,54277.96924660661
2024-09-08 09:43:00,54310.99,54327.15,54310.99,54320.0,7.30711,42.94436488012487,-21.854468087753048,-15.780923377207312,-6.073544710545736,28.722588298544824,54321.21754175151,54354.89128498771,55.30858510581311,41.238976399216675,17.92141789867758,-24.91128047005495,54386.44691921919,59335.16412769679,54331.06628571429,-0.003920447968034171,54331.504292552905,54303.85,54276.19570744709
2024-09-08 09:44:00,54320.01,54321.31,54320.0,54321.31,6.15813,43.82317163070256,-21.260835337117896,-16.876905769189428,-4.383929567928469,28.68131530882795,54321.24065631363,54352.308109219426,59.810574335526326,39.487365124218506,16.73488804877187,-13.57107175097877,54381.43304245042,59335.16080271049,54327.76190476191,-0.0042567525892059106,54338.417287167766,54308.512,54278.60671283224
2024-09-08 09:45:00,54321.31,54322.99,54321.31,54321.9,2.22763,44.286953439346874,-20.50638420386531,-17.602801456124602,-2.903582747740707,28.550737231258605,54321.40549223522,54349.96902389485,20.63706573707168,36.94160472972367,15.659538902431043,11.392557504698189,54376.6197207524,59335.159600079016,54325.00942857143,-0.004505609289902124,54327.21053286854,54316.89200000001,54306.57346713147
2024-09-08 09:46:00,54321.9,54321.91,54294.0,54294.01,5.06909,30.161837123479245,-21.906442327905097,-18.463529630480704,-3.4429126974243935,29.213099138445507,54314.55661917642,54345.664483595254,42.32492941846431,26.2989195596163,16.53457183797193,-35.291897332686084,54371.9989319223,59335.156848204926,54318.977238095234,-0.004776574979474421,54334.80646470924,54313.64400000001,54292.481535290775
2024-09-08 09:47:00,54294.0,54301.0,54294.0,54301.0,3.26661,36.27461484337186,-22.196101059540524,-19.21004391629267,-2.986057143247855,29.828149480833343,54311.16746438232,54342.228754087926,47.08094784840068,13.520842059590532,15.853530992402508,-48.0778622758864,54367.56297464541,59335.15507730977,54314.70647619048,-0.005016295984401184,54335.18447392421,54311.64400000001,54288.10352607581
2024-09-08 09:48:00,54301.0,54304.0,54296.0,54296.01,5.93866,33.744428591642944,-22.568157318688463,-19.88166659677183,-2.686490721916634,30.214689804524586,54307.37809828675,54338.673465311935,49.06118924736802,13.866736538281957,15.292564492945186,-44.36306762213271,54363.30445565959,59335.151854654396,54310.47514285714,-0.00523293022334381,54331.37659462369,54306.846000000005,54282.31540537632
2024-09-08 09:49:00,54296.01,54298.0,54293.0,54298.0,2.12879,35.88458691840974,-22.443720971081348,-20.394077471633732,-2.0496434994476154,30.66517195088571,54305.03357371506,54335.54473721102,40.499315184672014,13.866736538281957,14.557381314877672,-82.18130988295168,54359.21627743321,59335.150699908816,54307.21380952381,-0.005407438985193285,54322.433657592344,54302.18400000001,54281.93434240767
2024-09-08 09:50:00,54298.0,54311.09,54297.99,54311.09,7.11025,48.910853529238906,-21.046242681979493,-20.524510513702886,-0.521732168276607,30.253737681727735,54306.54768028629,54333.66360357941,23.98571246501524,10.668583629875068,14.453282649529163,-13.91527599490043,54355.29162633588,59335.14685303573,54306.38352380952,-0.005488655301992823,54312.014856232505,54300.022,54288.02914376749
2024-09-08 09:51:00,54311.08,54311.09,54298.01,54305.0,6.15923,43.92820897727418,-20.19732102889975,-20.459072616742258,0.2617515878425074,29.871691574652477,54306.16076021472,54331.45871099638,21.48607517502387,10.699677253736215,14.355191031705257,-24.449415003446344,54351.523961282444,59335.14351666035,54305.606857142855,-0.005515045970960705,54312.963037587506,54302.219999999994,54291.47696241248
2024-09-08 09:52:00,54305.0,54305.0,54304.99,54305.0,1.04628,43.92820897727418,-19.302042571027414,-20.22766660759929,0.9256240365718753,29.516934475225447,54305.87057016104,54329.423425535126,21.71127417763637,10.676723592340368,13.33053452944074,-12.267952223379528,54347.90700283115,59335.14294990441,54305.53495238095,-0.005492807892481154,54313.875637088815,54303.02,54292.16436291118
2024-09-08 09:53:00,54305.0,54305.0,54289.16,54300.99,5.65467,40.058820004202495,-18.700533322589763,-19.922239950597383,1.2217066280076203,29.79837199680689,54304.65042762078,54327.236238955506,17.647825089923572,9.829301828935638,13.509782063051867,-68.81260071414009,54344.4347227179,59335.139884405406,54304.97580952381,-0.005442632451855644,54312.839912544965,54304.016,54295.19208745504
2024-09-08 09:54:00,54301.0,54301.0,54300.99,54300.99,1.20783,40.058820004202495,-18.016153902048245,-19.541022740887556,1.5248688388393106,30.05970683827537,54303.73532071558,54325.217297497395,14.805749234568793,8.136516931520246,12.545511915691165,-9.094743502045338,54341.10133380919,59335.139229619366,54304.38819047619,-0.005365272716184992,54312.016874617286,54304.614,54297.21112538272
2024-09-08 09:55:00,54300.99,54303.71,54300.99,54303.7,4.0718,44.791350557829105,-17.05846456798463,-19.04451110630697,1.9860465383223413,30.091601165865182,54303.72649053669,54323.56212076682,7.261424819924287,4.949812229726535,11.843689635999024,31.312207456843574,54337.90128045682,59335.137023414034,54303.962,-0.0052528124857135275,54306.76671240996,54303.136,54299.50528759004
2024-09-08 09:56:00,54303.71,54303.71,54288.31,54288.31,11.82774,29.122260054404393,-17.34143201772531,-18.70389528859064,1.3624632708653301,30.618816711071922,54299.87236790251,54320.85041916938,23.806026179445325,6.110404332721075,12.09771180485634,-135.07532207874027,54334.829229238545,59335.1305952508,54301.54619047619,-0.005166719449760824,54311.70101308972,54299.797999999995,54287.89498691027
2024-09-08 09:57:00,54288.31,54299.0,54288.31,54299.0,4.05462,45.123577866408354,-16.51274347245635,-18.265664925363783,1.752921452907433,31.108374003049608,54299.654275926885,54319.16961769482,21.42732093545783,6.14337375627261,11.997160961652483,-82.66715785580284,54331.880060069,59335.12839630938,54300.77180952381,-0.005053490434196951,54309.31166046773,54298.598,54287.88433953227
2024-09-08 09:58:00,54299.0,54299.99,54298.99,54299.98,1.05224,46.45344138106043,-15.597130014219147,-17.73195794313486,2.134827928915712,31.47463233196279,54299.73570694517,54317.69349325676,21.12533196125878,5.923119673362049,11.21164946439159,-21.022766117623867,54329.04885766624,59335.1278257596,54300.32809523809,-0.0049135574173766175,54308.95866598062,54298.39599999999,54287.833334019364
2024-09-08 09:59:00,54299.98,54299.99,54292.0,54292.01,3.71416,37.568432774372376,-15.337807447060186,-17.253127843919927,1.915320396859741,32.106313371923584,54297.804280208875,54315.717839929326,22.441851672614575,6.552777951903991,10.981531645506331,-90.41210905618777,54326.33090335959,59335.12580866615,54299.02485714285,-0.0047807978152174645,54307.820925836306,54296.6,54285.37907416369
2024-09-08 10:00:00,54292.01,54308.0,54292.0,54308.0,6.13371,57.25272436204605,-13.68428911157389,-16.53936009745072,2.855070985876832,31.95900548495538,54300.35321015665,54315.12415993476,27.319646895324695,6.057671352936228,11.339993670827308,68.90718896069063,54323.7216672252,59335.12248812397,54300.13828571428,-0.004591740806689006,54311.11982344766,54297.46,54283.80017655234
2024-09-08 10:01:00,54308.0,54328.0,54298.0,54315.86,8.03271,63.956218437655885,-11.60584267651575,-15.552656613263727,3.9468139367479775,30.294216360796785,54304.22990761748,54315.18076301671,32.80368129366252,7.735427302607593,12.672851265768214,210.9730652504269,54261.1,59335.118146345805,54302.16647619048,-0.004335865102041921,54319.37184064684,54302.97000000001,54286.56815935318
2024-09-08 10:02:00,54315.86,54315.87,54300.0,54306.0,4.46623,51.74186502063901,-10.631722618549247,-14.568469814320832,3.9367471957715843,28.74834074550666,54304.67243071311,54314.47455047697,31.994773110593087,7.793612199071825,12.901219032499244,83.40419765221176,54262.438,59335.115727554796,54302.73847619047,-0.004073187653870492,54320.36738655531,54304.37000000001,54288.37261344471
2024-09-08 10:03:00,54306.0,54306.0,54297.0,54297.01,9.85119,42.79885226207993,-10.464514907958801,-13.747678833048425,3.2831639250896245,27.49441136826118,54302.75682303483,54313.1311235172,33.610893031960586,7.922205921643804,12.622560530177868,-14.77059497520309,54263.749240000005,59335.110382884304,54302.016666666656,-0.0038416013044044375,54320.58144651598,54303.776,54286.97055348402
2024-09-08 10:04:00,54297.0,54297.01,54297.0,54297.0,0.81456,42.788980486700765,-10.215055705557461,-13.041154207550234,2.8260985019927727,26.33004837510466,54301.31761727612,54311.890267862036,28.59505919548974,8.02735801274489,11.721663349451022,-45.97712482738282,54265.03425520001,59335.10994095206,54301.302952380945,-0.0036333301233094227,54319.07152959774,54304.774,54290.47647040225
2024-09-08 10:05:00,54297.01,54297.01,54297.0,54297.0,0.58626,42.788980486700765,-9.903199570282595,-12.413563280096707,2.5103637098141114,25.248854167173608,54300.23821295709,54310.74486264188,30.00544967869064,8.027543487413087,10.885115967347522,-54.09034138217141,54266.29357009601,59335.10962288199,54300.72342857143,-0.0034425331680474065,54317.576724839346,54302.574,54287.571275160655
2024-09-08 10:06:00,54297.01,54335.32,54297.0,54335.31,21.79868,74.82398452562474,-6.489942489133682,-11.228839121904102,4.73889663277042,25.086910403821186,54309.006159717814,54312.63448859251,59.35168649980915,12.76982158579084,12.844750541108393,174.06550926727036,54267.52769869409,59335.09788616389,54305.32809523809,-0.0031271825254684245,54336.139843249905,54306.464,54276.788156750095
2024-09-08 10:07:00,54335.32,54374.95,54317.51,54374.95,19.79708,85.14917982834241,-0.5796135225391481,-9.09899400203111,8.519380479491963,26.339710461980765,54325.49211978837,54317.42798947001,124.45228471266455,25.36569214076735,16.03012550245744,221.16687578417037,54270.23939074633,59335.08731169129,54314.92942857143,-0.0025932962338974146,54382.48014235633,54320.254,54258.02785764367
2024-09-08 10:08:00,54374.95,54411.47,54372.59,54391.0,24.83008,87.61674547212272,5.337933257804252,-6.211608550064039,11.549541807868291,28.33083125206895,54341.869089841275,54323.087374895396,155.3113512978598,34.963511328959456,17.662259395139383,197.80638218619282,54276.522027301544,59335.07409185607,54325.96638095238,-0.0018731525123156063,54416.70767564893,54339.052,54261.39632435107
2024-09-08 10:09:00,54391.0,54411.47,54387.0,54411.47,12.63744,90.12733967968508,11.546291182494315,-2.6600286035523686,14.206319786046684,30.179729128579407,54359.26931738096,54329.88603836498,163.88605593425746,43.23121670492544,18.148526581200937,138.25057674479362,54287.317865117424,59335.0673914144,54338.87542857143,-0.0009818996568183881,54443.889027967125,54361.945999999996,54280.00297203287
2024-09-08 10:10:00,54411.47,54461.1,54411.46,54437.01,19.90093,92.42631072936771,18.316186523115903,1.5352144217812858,16.780972101334616,32.68629736999828,54378.70448803572,54338.12634310614,137.28086189026362,52.97407937445479,20.397917539686542,133.20334987999246,54297.25003590803,59335.056894600166,54354.16342857143,7.943959445169177e-05,54458.58843094513,54389.948,54321.307569054865
2024-09-08 10:11:00,54437.0,54494.83,54429.0,54494.83,19.15907,95.3609999841641,28.023925761226565,6.8329566896703415,21.190969071556225,35.386405336545735,54407.73586602679,54350.18047055952,167.95220987214998,69.28345853585282,23.643066286851912,131.57794940778544,54313.63503231722,59335.04690841722,54375.74457142857,0.0014168475477812444,54505.828104936074,54421.852,54337.875895063924
2024-09-08 10:12:00,54494.99,54523.99,54487.0,54523.99,15.46233,96.2422073682253,37.63649723540584,12.993664798817441,24.6428324365884,38.15226183339632,54436.799399520096,54363.55043436263,200.83642594050616,82.066185951937,24.59641869493377,133.84743870827697,54335.37842843916,59335.03889765055,54399.34866666667,0.0029837659338023863,54552.07821297025,54451.659999999996,54351.24178702974
2024-09-08 10:13:00,54523.98,54523.99,54485.0,54505.0,25.88629,83.80201973986766,43.22393645608099,19.03971913027015,24.18421732581084,40.60887629406569,54453.84954964007,54374.43117018089,171.3111029217689,83.36493595455028,25.624531645295498,99.62286372320102,54361.78404845767,59335.02543353345,54418.28733333334,0.004562911635047522,54560.11555146088,54474.46,54388.804448539115
2024-09-08 10:14:00,54505.0,54505.0,54485.0,54485.01,4.74878,72.03948241155953,45.5143354300526,24.33464239022664,21.179693039825956,42.89001829325868,54461.63966223005,54382.93723401313,116.38595035520848,76.80418528123234,25.22277938491725,69.6015424164572,54384.4928816736,59335.02295335809,54432.53219047619,0.006001498564462447,54547.36097517761,54489.168000000005,54430.9750248224
2024-09-08 10:15:00,54485.0,54504.0,54485.0,54504.0,2.95815,75.8962583522859,48.30499747027352,29.128713406236017,19.176284064037503,45.0082215782236,54472.22974667254,54392.24975447366,51.692233535810374,65.34646797434608,24.77829514313745,62.67239315921779,54404.0224782393,59335.02141443693,54447.62323809524,0.007340547510767768,54528.41211676791,54502.566000000006,54476.7198832321
2024-09-08 10:16:00,54503.99,54524.0,54503.99,54507.01,7.55755,76.5124830302326,50.18104325711465,33.33917937641175,16.841863880702903,47.17289857786034,54480.924810004406,54401.077465668,49.48567954359169,54.63520343612707,24.437702632913492,72.70249762882595,54420.8179312858,59335.017485219665,54461.32380952381,0.0085517372807875,54529.744839771796,54505.002,54480.259160228205
2024-09-08 10:17:00,54507.01,54525.0,54486.0,54486.0,7.04781,63.01790300704528,49.40300456296245,36.55194441372189,12.85106014924056,48.068490201127126,54482.1936075033,54407.60996830893,39.075065809098305,45.108757021969105,25.47786673056253,41.432153090457334,54437.32706228007,59335.01380507973,54470.30866666666,0.00953288444924521,54516.94153290455,54497.404,54477.86646709545
2024-09-08 10:18:00,54486.01,54488.0,54472.0,54472.01,2.82234,55.233857595789374,47.11442148847709,38.66443982867293,8.449981659804159,48.108291307980764,54479.647705627474,54412.56381690055,52.050190855239634,34.45722483607287,24.800876249808063,-44.080988332192575,54453.10819106966,59335.012327094126,54475.62828571428,0.010248777545416544,54516.831095427624,54490.806000000004,54464.780904572384
2024-09-08 10:19:00,54472.0,54501.0,54472.0,54500.99,20.98617,65.75013789960235,47.09625045874418,40.350801954687185,6.745448504056995,48.383422627499975,54484.9832792206,54419.36583098512,52.63246602646541,23.937712994508082,25.10081366053606,-24.908094610565385,54466.04871667712,59335.00140270601,54483.145142857145,0.0108402919217483,54520.31823301323,54494.002,54467.68576698677
2024-09-08 10:20:00,54501.0,54501.0,54454.0,54454.0,25.2299,45.124310787098985,42.796814461558824,40.840004456061514,1.95681000549731,47.68111100538499,54477.23745941545,54422.029997832426,77.27105848990323,19.895455987831713,26.665041256212053,-152.24359688815946,54525.0,59334.9881416361,54482.453904761904,0.011132963247994796,54522.63752924495,54484.002,54445.36647075505
2024-09-08 10:21:00,54454.01,54459.0,54432.0,54443.99,8.60936,41.77438883739661,38.14207897132292,40.300419359113796,-2.1583403877908793,45.999136469589075,54468.92559456159,54423.719228768394,82.81387613380502,25.235557543221127,26.688966880768334,-180.67579678927015,54523.58,59334.983607212744,54479.29761904762,0.011155152514346862,54512.8049380669,54471.398,54429.9910619331
2024-09-08 10:22:00,54444.0,54445.0,54443.99,54445.0,0.68375,42.293093844372734,34.141108670177346,39.068557221326515,-4.927448551149169,44.437302972064295,54462.94419592119,54425.35621117082,85.61502952408046,25.15037921213188,24.8547549607136,-125.0715031648856,54519.9168,59334.983247166405,54475.61847619048,0.010977054533828171,54506.00551476204,54463.198,54420.39048523796
2024-09-08 10:23:00,54445.0,54445.0,54427.0,54427.01,3.65702,35.52807387085494,29.182273150261608,37.091300407113536,-7.909027256851928,42.231095524142525,54453.9606469409,54425.48342569615,99.88031477984623,28.508322840489043,24.365129606376914,-118.02187351403558,54516.400128,59334.98131438374,54469.026380952375,0.010586395682273653,54504.13815738992,54454.198,54404.25784261007
2024-09-08 10:24:00,54427.0,54434.49,54427.0,54434.48,3.24622,40.287306904632,25.56048152466974,34.78513663062478,-9.224655105955037,40.18247432250088,54449.09048520568,54426.17546987337,37.18564842364867,30.45655297227948,23.159763205921276,-92.61749560003798,54511.03612032,59334.97960132677,54463.28228571429,0.010076327943460136,54459.48882421183,54440.89600000001,54422.30317578818
2024-09-08 10:25:00,54434.48,54434.49,54374.75,54401.0,31.70183,28.838030962644766,19.760838723719644,31.78027704924375,-12.019438325524106,38.23563204720006,54437.06786390426,54424.23889526773,64.2567945731862,33.939502665351235,25.77263726264104,-132.2116843702627,54505.9939531008,59334.96275778007,54453.09828571429,0.009368292264065702,54462.4243972866,54430.29600000001,54398.167602713416
2024-09-08 10:26:00,54400.99,54415.0,54400.99,54415.0,1.73829,37.71951615093763,16.1085734098815,28.645936321371302,-12.5373629114898,36.427849934420735,54431.550897928195,54423.52821101637,61.15293223463232,31.288697711811647,24.932448886738257,-101.78090634833976,54495.494436852736,59334.96183683053,54445.67457142857,0.008590101918176423,54455.074466117316,54424.498,54393.92153388268
2024-09-08 10:27:00,54415.0,54423.0,54414.99,54422.99,3.09067,42.62373563124409,13.700917412890703,25.656932539675182,-11.956015126784479,34.42849190330241,54429.410673446146,54423.48681016896,45.736790977825876,29.037838323448902,23.72370253768567,-58.38068679043908,54485.83488190452,59334.96020204743,54440.354190476195,0.007810299232419876,54442.96439548891,54420.096,54397.227604511085
2024-09-08 10:28:00,54422.99,54423.0,54419.59,54419.6,3.90023,40.98075646675698,11.388014082913287,22.803148848322806,-11.415134765409519,32.5719451601211,54426.95800508461,54423.18782477135,43.64091255882522,27.645056058846215,22.27272378499409,-44.5465922217895,54476.94809135216,59334.958137632355,54435.36285714286,0.007035514477546262,54440.434456279414,54418.614,54396.79354372059
2024-09-08 10:29:00,54419.6,54424.0,54419.59,54423.99,4.31054,44.31621367144444,9.79633182627731,20.201785443913707,-10.405453617636397,30.803620760079077,54426.21600381346,54423.24953055817,33.4821165548492,15.87592909072793,20.996814943209046,-18.906802310555214,54468.77224404399,59334.9558580775,54431.579809523806,0.006299418238028954,54433.25705827743,54416.516,54399.77494172258
2024-09-08 10:30:00,54424.0,54462.0,54423.99,54461.04,15.29803,64.5857769174375,11.39320376964315,18.440069109059596,-7.0468653394164456,29.50810382176425,54434.9220028601,54426.156489746005,66.23615424254967,17.22127586074445,22.21204244726569,127.11902925459677,54374.75,59334.94782902915,54433.49876190475,0.005741584488557823,54461.64207712127,54428.524,54395.40592287872
2024-09-08 10:31:00,54461.05,54461.05,54448.06,54448.06,6.76788,56.013844467600855,11.479035591146385,17.047862405476955,-5.568826814330571,28.30512380761477,54438.20650214507,54427.84137515016,65.7552501992177,17.6469723259264,21.55332512960423,130.7484789346674,54376.495,59334.94426751035,54434.12485714285,0.005269309484697224,54468.01362509961,54435.136,54402.25837490039
2024-09-08 10:32:00,54448.06,54464.4,54448.06,54464.39,3.43341,63.3561955507924,12.718145587008621,16.18191904178329,-3.4637734547746675,27.306925694591055,54444.7523766088,54430.65280783091,74.11670775646053,20.357669372321478,21.180944763204195,119.9659714487061,54378.2051,59334.942466757486,54437.289619047624,0.004922965577386819,54480.474353878235,54443.416000000005,54406.357646121774
2024-09-08 10:33:00,54464.39,54494.0,54464.39,54479.28,16.96029,69.01539350499635,14.731828397591016,15.891900912944836,-1.1600725153538196,27.319175297966975,54453.3842824566,54434.3933610747,74.2608623738488,25.15000130433488,21.78302013726108,133.73660754479187,54381.652896,59334.93359864832,54442.512285714285,0.004719684465891584,54492.48243118692,54455.352,54418.221568813075
2024-09-08 10:34:00,54479.27,54479.8,54479.27,54479.8,2.99849,69.21463898201557,16.183097512461245,15.950140232848119,0.2329572796131263,27.330549929673186,54459.98821184246,54437.88617945357,47.816803410169086,28.507978085067105,20.2649472703143,106.97515486872767,54388.39372224,59334.932030984564,54448.01104761904,0.004613606510676955,54490.42240170509,54466.514,54442.60559829492
2024-09-08 10:35:00,54479.8,54479.8,54478.0,54478.01,2.25587,67.42367906321202,16.992916932795197,16.158695572837537,0.8342213599576596,27.272100666812655,54464.493658881845,54440.97262718791,49.28648496620008,26.691049520420595,18.946022465292057,88.69813905423646,54394.730098905595,59334.93085114157,54453.025428571425,0.004561752441225612,54494.55124248311,54469.90800000001,54445.26475751691
2024-09-08 10:36:00,54478.0,54478.0,54457.0,54457.0,3.92937,49.41441900276138,15.757727966585662,16.078502051587165,-0.32077408500150284,26.143253859771875,54462.620244161386,54442.20550201961,37.19821028356091,23.86341951962839,19.093449432057053,29.62899371215235,54400.68629297126,59334.92878715247,54454.91447619048,0.004464124584110877,54490.29510514178,54471.695999999996,54453.096894858216
2024-09-08 10:37:00,54457.0,54457.0,54452.01,54452.01,2.40958,45.918758109882326,14.212349398003425,15.705271520870419,-1.492922122866993,24.859912319378108,54459.96768312104,54442.95969417195,48.527648864663206,21.388429999359992,18.086060186909975,-29.377060867999905,54406.28511539298,59334.927520173005,54456.0239047619,0.004313400578692571,54493.483824432325,54469.219999999994,54444.95617556766
2024-09-08 10:38:00,54452.01,54474.0,54452.01,54474.0,3.09955,60.642274020830065,14.593806651704654,15.482978547037266,-0.8891718953326126,24.309392199868604,54463.47576234078,54445.347410004884,45.67662299628137,17.59321220292921,18.364913030701977,13.13564854109703,54411.5480084694,59334.9258977415,54459.82723809524,0.004204077058571944,54491.002311498145,54468.164000000004,54445.32568850186
2024-09-08 10:39:00,54473.99,54490.93,54473.99,54490.92,5.89788,68.54840382423475,16.07610157524323,15.601603152678459,0.4744984225647695,24.359734480317123,54470.33682175558,54448.85299385066,56.84206189359247,13.990981105212674,18.263133528509147,103.80661380780855,54416.495127961236,59334.922821298314,54465.51019047619,0.0041796845556535175,54498.809030946795,54470.388,54441.9669690532
2024-09-08 10:40:00,54490.93,54490.93,54483.4,54484.0,4.11939,62.39686596526,16.502217523011495,15.781726026745067,0.7204914962664279,24.40648088359075,54473.75261631669,54451.55660970831,60.12545258291357,14.51382593937216,17.496481133615553,87.9865996117205,54421.14542028356,59334.92066948106,54469.41409523809,0.004180226384225827,54501.64872629145,54471.585999999996,54441.52327370854
2024-09-08 10:41:00,54484.0,54507.94,54484.0,54507.94,6.14526,72.6034690570572,18.557753179848078,16.336931457365672,2.2208217224824054,24.983162513509964,54482.29946223752,54455.893793576906,74.1802041529154,16.350053111044588,17.95673248121461,147.37831279446283,54425.516695066544,59334.91747526972,54475.85285714286,0.004275176603640545,54518.864102076455,54481.774,54444.68389792354
2024-09-08 10:42:00,54507.93,54507.94,54501.22,54501.23,3.11122,66.52977568317763,19.421460567049508,16.95383727930244,2.4676232877470667,25.518652598434947,54487.032096678144,54459.381194071,48.25642009143485,17.37752562177202,17.154108732556505,127.30785517682179,54432.11055946122,59334.91585585915,54480.5879047619,0.004396845537448413,54515.74621004571,54491.617999999995,54467.48978995428
2024-09-08 10:43:00,54501.22,54501.23,54463.68,54463.68,5.89419,42.5987605561569,16.881385607543052,16.939346944950564,-0.0579613374075123,24.094153360631076,54481.1940725086,54459.711871450156,61.35928526366479,18.173137595586073,18.61095810880268,-16.34030712151357,54438.17691470432,59334.912764064145,54479.538857142856,0.004387856365942001,54520.233642631836,54489.554000000004,54458.87435736817
2024-09-08 10:44:00,54463.68,54470.0,54463.68,54469.99,6.32357,46.48076162404724,15.20227974915906,16.591933505792266,-1.389653756633205,22.771404068384616,54478.39305438145,54460.502496723224,68.58155437231471,18.380292708979077,17.73303252960247,-49.380145624216105,54443.757961527976,59334.90945133913,54478.95314285714,0.004305799162112574,54519.65877718616,54485.368,54451.077222813845
2024-09-08 10:45:00,54469.99,54487.41,54469.99,54487.41,3.0339,56.27672407095306,15.103125247580465,16.29417185414991,-1.1910466065694436,22.20730805450222,54480.64729078609,54462.5723046676,68.58091792993946,18.626510499860874,17.710673063202687,8.093078679930667,54448.89252460574,59334.90786766436,54480.60485714286,0.004232408159924575,54520.34045896497,54486.05,54451.75954103503
2024-09-08 10:46:00,54487.4,54496.0,54487.4,54495.99,5.92402,60.545063241163966,15.537769153779664,16.14289131407586,-0.6051221602961974,21.98583896614025,54484.482968089564,54465.14289661625,58.26465055369772,17.60477362859115,17.05991070154525,56.97931572782679,54453.61632263728,59334.9047808433,54483.02580952382,0.004190484485048479,54512.792325276845,54483.659999999996,54454.52767472315
2024-09-08 10:47:00,54495.99,54496.0,54462.01,54483.99,10.3997,52.02178472522033,14.743968577116902,15.863106766684071,-1.1191381895671686,20.61765669147949,54484.35972606717,54466.59267379961,47.08548651324236,13.927515255126549,18.26920279429187,-41.7856215935601,54457.9622168263,59334.89934845683,54483.54580952382,0.004120201425658123,54503.75474325662,54480.212,54456.66925674338
2024-09-08 10:48:00,54483.99,54488.0,54472.0,54488.0,4.99694,54.58548358193989,14.273908654351544,15.545267144217567,-1.2713584898660226,19.34720172215164,54485.269794550375,54468.23939119965,34.02960546532995,13.285585884461668,18.10711688041388,-23.251560648392207,54461.9604394802,59334.89674041769,54484.55561904762,0.00404027561781291,54502.090802732666,54485.076,54468.061197267336
2024-09-08 10:49:00,54487.99,54495.99,54479.99,54495.98,18.29604,59.72474788698031,14.37954365897167,15.312122447168388,-0.932578788196718,18.49718870384595,54487.947345912784,54470.373284184294,19.439604112762026,13.532212476746716,17.956608531812886,31.307574880223477,54462.01,59334.88720696175,54486.55133333333,0.003978054431282331,54499.99380205638,54490.274,54480.55419794362
2024-09-08 10:50:00,54495.99,54503.83,54472.0,54472.0,10.38417,42.416060827692256,12.385502210636332,14.726798399861977,-2.3412961892256448,17.334384625173822,54483.96050943459,54470.49841617012,35.61285835340095,14.412151395566285,18.947565065254945,-14.962084386476606,54465.684400000006,59334.88176931974,54485.17857142857,0.0038365785247738825,54504.998429176696,54487.191999999995,54469.385570823295
2024-09-08 10:51:00,54472.0,54477.0,54472.0,54477.0,1.86432,46.30929878103667,11.080934099139995,13.997625539717582,-2.916691440577587,16.25463798069256,54482.220382075946,54470.998538003194,33.49909563177789,12.524316307037198,17.951310417736735,-71.21321213209082,54469.064848,59334.880794078774,54484.329619047625,0.003658534280233919,54500.14354781588,54483.39399999999,54466.644452184104
2024-09-08 10:52:00,54476.99,54477.0,54457.0,54457.0,23.03834,34.96289565872904,8.337116529175546,12.865523737609175,-4.528407208433629,15.634696099123035,54475.91528655696,54469.92172738757,53.70378579033422,13.359901532464136,18.0976453878984,-148.8672475653942,54507.94,59334.868692951495,54480.576,0.003384768325499957,54504.847892895166,54477.996,54451.14410710483
2024-09-08 10:53:00,54457.0,54457.01,54446.76,54446.76,2.44757,30.388346661938527,5.275525936995109,11.347524177486363,-6.071998240491254,15.493443316190097,54468.626464917725,54468.14005605007,67.80537678029214,16.282194230401217,17.5370992887628,-187.18822851124764,54506.921200000004,59334.86740464462,54475.618952380944,0.0030153148012789523,54503.650688390146,54469.748,54435.84531160985
2024-09-08 10:54:00,54446.76,54449.0,54442.5,54442.51,12.99611,28.529252039345337,2.477692556378315,9.573557853264754,-7.095865296886439,15.538888935378363,54462.097348688294,54466.16851327699,54.22096982211224,19.64557377516592,16.74873505385117,-139.09413224599578,54504.514752,59334.860558055036,54470.5158095238,0.0025765140637606185,54486.16448491106,54459.054000000004,54431.94351508895
2024-09-08 10:55:00,54442.5,54450.0,54439.0,54449.99,3.3982,36.70717169463542,0.8541172005425324,7.82966972272031,-6.975552522177778,15.72912569208579,54459.07051151622,54464.92401225569,48.54332992807031,20.493514531260654,16.33811112143323,-96.1358132274574,54500.793866880005,59334.858770561106,54466.80514285714,0.0021319133770645736,54478.92366496404,54454.652,54430.38033503597
2024-09-08 10:56:00,54449.99,54453.99,54449.99,54453.99,6.5894,41.03665681719031,-0.1085599836660549,6.242023781443037,-6.350583765109092,15.65717571755707,54457.800383637164,54464.08293438987,20.513821305707097,19.037230309092124,15.456817469902285,-55.01370446256175,54495.850357529605,59334.85530729967,54464.17971428572,0.001712715321875166,54460.30691065286,54450.05,54439.79308934715
2024-09-08 10:57:00,54453.98,54453.99,54450.0,54450.01,4.08631,37.93808556618246,-1.1790499714770704,4.757809030859017,-5.936859002336087,15.590365026923262,54455.852787727876,54463.000400975274,15.32917220791569,18.641019048685095,14.637759079194835,-49.305089124253875,54491.30232892724,59334.85315786522,54461.47352380952,0.0013109299215319078,54456.31658610396,54448.652,54440.987413896044
2024-09-08 10:58:00,54450.01,54450.01,54416.1,54417.0,11.33353,21.660249552688597,-4.637592839746503,2.878728656737913,-7.516321496484416,16.898174465307275,54446.13959079591,54459.461908592566,53.50350329326466,21.50011969097539,16.014347716395452,-143.90959788670594,54487.11814261306,59334.847156054326,54454.49619047619,0.0008171368581058438,54469.45175164663,54442.7,54415.948248353365
2024-09-08 10:59:00,54417.01,54436.25,54417.0,54436.25,7.53915,39.750390456460025,-5.758814826680464,1.1512199600542379,-6.910034786734702,18.112568943806714,54443.66719309693,54457.67637716237,54.50281901579001,17.06832729718842,16.24546573665292,-120.8442187681798,54480.016328351754,59334.84317924005,54450.590190476185,0.00035036167524334316,54468.69940950789,54441.448,54414.1965904921
2024-09-08 11:00:00,54436.25,54441.0,54435.99,54435.99,3.44002,39.60217188254746,-6.59237832268991,-0.39749969649459194,-6.194878626195319,18.90301964690337,54441.74789482269,54456.00819430373,52.0283968684671,15.714944340069247,15.442932469749286,-54.64849434679498,54473.62469551658,59334.84136457518,54447.13676190477,-7.987664043020146e-05,54464.662198434235,54438.648,54412.63380156577
2024-09-08 11:01:00,54435.99,54450.0,54423.0,54450.0,4.46217,51.33546331330527,-6.052721479711181,-1.52854405313791,-4.524177426573271,20.112858490286154,54443.81092111702,54455.54602551114,48.53798743986408,11.737098261940067,16.26843729333862,-12.376397308291862,54467.87222596492,59334.839017443766,54446.12276190476,-0.00041675868482279665,54462.11899371993,54437.85,54413.58100628007
2024-09-08 11:02:00,54449.99,54450.0,54436.0,54436.0,2.08736,41.63616343234105,-6.677745645698451,-2.5583843716500185,-4.119361274048432,21.236280273427308,54441.85819083777,54454.04248508721,42.04876978874381,10.998157828000597,16.10640605810015,-6.564567782782345,54462.695003368426,59334.83791633237,54443.56580952381,-0.0007260181499350627,54456.07238489437,54435.047999999995,54414.02361510562
2024-09-08 11:03:00,54436.0,54436.01,54430.49,54436.0,5.20926,41.63616343234105,-7.091337278354331,-3.4649749529908815,-3.6263623253634494,22.4821472329567,54440.39364312832,54452.65460161897,22.307448099250905,10.990763397218227,15.350234196807573,-57.46451819438863,54458.035503031584,59334.83516837752,54441.504095238095,-0.0010020696996704645,54450.00172404962,54438.848,54427.69427595037
2024-09-08 11:04:00,54436.0,54436.01,54396.87,54400.73,12.44456,24.703591846141734,-10.148124599923904,-4.801604882377486,-5.346519717546418,24.625341227516426,54430.47773234624,54448.66040149443,65.71222571779799,16.71035381122748,17.04950318274985,-178.53722936100246,54453.84195272843,59334.82855645349,54435.31095238095,-0.0013685420020622357,54464.60011285889,54431.74399999999,54398.88788714109
2024-09-08 11:05:00,54400.73,54403.0,54398.0,54398.01,1.55214,23.807583167272753,-12.644375354997464,-6.370158976901482,-6.274216378095982,26.61544993675046,54422.36079925968,54444.764216764095,83.53898922586814,19.867369787470658,16.188824383982002,-173.62146154754797,54447.00531840102,59334.82773133202,54429.4339047619,-0.0017869334148198851,54465.917494612935,54424.148,54382.37850538707
2024-09-08 11:06:00,54398.0,54411.1,54398.0,54407.0,3.37588,33.3897785949125,-13.738880928278377,-7.843903367176862,-5.8949775611015145,27.818657113241233,54418.52059944476,54441.85927701301,67.8065802189376,19.483524009423537,15.968194070840326,-100.23522822741693,54440.98908019289,59334.82593997482,54425.507809523806,-0.0021864109598380946,54449.451290109464,54415.547999999995,54381.64470989053
2024-09-08 11:07:00,54407.01,54407.01,54371.11,54377.0,8.7615,22.20637920388701,-16.832993489362707,-9.641721391614032,-7.191272097748675,29.641316858187754,54408.140449583574,54436.87010185817,76.06850281906372,23.11808152460736,17.391894494351835,-131.75556696874,54435.694790569745,59334.821262526406,54418.0579047619,-0.0026593832347179386,54441.78225140953,54403.748,54365.71374859047
2024-09-08 11:08:00,54377.0,54389.0,54376.99,54388.99,3.09806,32.97321006679894,-18.108859530220798,-11.335149019335386,-6.773710510885412,31.333786621352377,54403.352837187675,54433.18701709985,41.71807820656977,25.056494590326416,17.007473459041133,-100.25616913651355,54426.65291988998,59334.819612586056,54412.871047619046,-0.0031130946989434776,54415.20503910328,54394.346,54373.48696089671
2024-09-08 11:09:00,54389.0,54389.0,54362.0,54362.01,3.92906,24.002837238491495,-21.054351618869987,-13.278989539242307,-7.77536207962768,33.24356856650892,54393.01712789076,54427.711861938325,63.217419129097834,29.236190834057098,17.721225354823908,-117.78725804743948,54418.876911105384,59334.81750866504,54404.59657142857,-0.0036251100743262617,54418.21070956455,54386.602,54354.99329043545
2024-09-08 11:10:00,54362.0,54370.77,54362.0,54362.01,2.61126,24.002837238491495,-23.122137709760864,-15.247619173346019,-7.874518536414845,35.01693751558285,54385.26534591807,54422.657872558455,68.45289534733456,31.00302266686965,17.0818521151934,-112.41566638040894,54409.77660532852,59334.81611039652,54397.159999999996,-0.004147134140020229,54413.62844767367,54379.402,54345.175552326335
2024-09-08 11:11:00,54362.01,54370.77,54361.0,54370.77,4.66676,32.57858117265742,-23.77989447373693,-16.9540742334242,-6.82582024031273,36.68696556424819,54381.64150943855,54418.66649774627,40.581824127584696,27.20009567040712,16.559576964107926,-85.57804764374548,54402.132348475956,59334.813615859974,54391.76742857143,-0.0046139435804558515,54392.446912063795,54372.156,54351.86508793621
2024-09-08 11:12:00,54370.76,54370.77,54356.0,54356.0,9.89129,26.523012755036447,-25.20246863954526,-18.603753114648413,-6.598715524896846,38.357324403313434,54375.231132078916,54413.845997919634,46.09567061638518,25.11070342898408,16.431750038099988,-97.3895324583613,54394.72852575028,59334.80831291722,54385.160190476185,-0.0050676983395598115,54391.0038353082,54367.956000000006,54344.90816469181
2024-09-08 11:13:00,54356.01,54361.92,54356.0,54359.0,4.05178,29.707599822444777,-25.79049718951137,-20.041101929621007,-5.749395259890363,39.90837189673116,54371.17334905919,54409.62707500274,19.750779266905738,19.11437748647227,15.68091074966415,-86.41901063592526,54386.98282060023,59334.806141979105,54379.5339047619,-0.005472583213146694,54371.83338963346,54361.958000000006,54352.08261036655
2024-09-08 11:14:00,54359.0,54359.01,54359.0,54359.01,1.2549,29.71978396202516,-25.95649679772032,-21.22418090324087,-4.732315894479449,41.3486302834762,54368.13251179439,54405.73345384869,20.30110542944749,18.168437467954476,14.561559981831142,-75.20579388944712,54380.78625648018,59334.80546960717,54374.64466666666,-0.005816634870204481,54371.50855271473,54361.35800000001,54351.207447285284
2024-09-08 11:15:00,54359.01,54362.0,54359.0,54362.0,1.91646,33.83477345715377,-25.55223441900307,-22.089791606393312,-3.4624428126097584,42.352292369868756,54366.599383845794,54402.36934201418,20.300083981535863,16.35453240008628,13.735734268843203,-58.67128406083282,54375.82900518415,59334.80444339059,54370.88723809524,-0.00608308653580028,54371.506041990775,54361.35600000001,54351.20595800924
2024-09-08 11:16:00,54362.0,54393.0,54361.99,54386.18,4.80434,57.80819783582474,-23.01542219158,-22.27491772343065,-0.74050446814935,40.55600130419001,54371.49453788434,54401.12400801309,44.141342091272236,11.890534471780366,14.969610392497405,114.28855919542906,54356.0,59334.80188329724,54371.19190476191,-0.006187488191832945,54386.50867104564,54364.438,54342.367328954366
2024-09-08 11:17:00,54386.18,54391.0,54375.47,54375.89,3.75708,48.78208159631796,-21.58646193144523,-22.13722656503357,0.55076463358834,38.888016743202606,54372.59340341325,54399.182930473624,43.440780489865574,11.805137865546017,15.00963822160465,131.7121226595123,54356.74,59334.799877097226,54370.59904761904,-0.006203673858204133,54390.13639024494,54368.416000000005,54346.69560975507
2024-09-08 11:18:00,54375.88,54375.89,54371.1,54371.11,2.44551,44.87618129740461,-20.60221714722138,-21.83022468147113,1.2280075342497483,37.56764051422076,54372.222552559935,54397.02347428335,39.15039107771008,9.41644802232625,14.279664062918666,50.147759274014064,54357.4652,59334.79856998955,54369.94133333333,-0.006165103444135636,54390.41319553886,54370.838,54351.26280446115
2024-09-08 11:19:00,54371.1,54371.11,54362.0,54362.0,1.13856,37.930415280146136,-20.323025739104196,-21.52878489299774,1.2057591538935455,36.79486461439371,54369.666914419955,54394.32936087694,36.45955525687896,9.416966309182731,13.910402344138802,-21.936696960230968,54358.175896,59334.79796032068,54368.35104761904,-0.006112161994700747,54389.66577762844,54371.436,54353.20622237156
2024-09-08 11:20:00,54362.01,54372.0,54362.0,54372.0,4.91527,48.44189930604619,-19.07496380124212,-21.038020674646617,1.963056873404497,36.00189567568977,54370.25018581496,54392.611717732565,31.327227287212736,9.42974678709347,13.631087890986029,10.76951084917264,54358.87237808,59334.79533361765,54368.43704761905,-0.006004053688429994,54389.09961364361,54373.436,54357.772386356395
2024-09-08 11:21:00,54372.0,54376.0,54362.01,54362.01,2.09103,40.267018902188646,-18.676682068718947,-20.565752953461086,1.8890708847421394,34.917724102174134,54368.19013936122,54390.25773944544,22.484992363039055,9.488194303185503,13.656724470201167,-14.639386568069392,54359.554930518396,59334.79421393003,54367.524380952374,-0.005887759708659957,54379.84449618152,54368.602,54357.35950381848
2024-09-08 11:22:00,54362.01,54368.0,54359.0,54360.02,5.727,38.705657190433975,-18.310544733336428,-20.114711309436153,1.8041665760997248,34.08315367616517,54366.14760452091,54387.93175948811,20.25094964703021,9.068848023233581,13.324101293758227,-64.96159694342214,54393.0,59334.79114605835,54366.489142857135,-0.005766628952302676,54375.553474823515,54365.428,54355.302525176485
2024-09-08 11:23:00,54360.01,54367.0,54360.01,54366.99,1.70191,47.29511693258562,-17.259006425178086,-19.54357033258454,2.2845639074064543,33.308195423442555,54366.358203390686,54386.3208549121,17.427921551832696,8.634932736143544,12.871665487061065,-50.72445508382263,54392.32,59334.79023564766,54366.65914285714,-0.00561118955223233,54373.31796077592,54364.60400000001,54355.89003922409
2024-09-08 11:24:00,54366.99,54373.0,54366.99,54372.99,1.62571,53.95983852310598,-15.75983531280508,-18.78682332862865,3.0269880158235694,32.009850020089374,54368.016152543016,54385.29540453425,20.7310048379004,8.188035785520642,12.381546523699708,9.338195360290461,54391.6536,59334.78936704966,54367.58171428571,-0.005406949237804738,54377.16750241895,54366.802,54356.43649758105
2024-09-08 11:25:00,54373.0,54374.99,54372.99,54374.99,1.44341,56.17649434194497,-14.246127628597606,-17.87868418862244,3.6325565600248346,30.615551347865782,54369.75961440726,54384.50268110854,23.497449767615763,7.960386926870414,11.640007486292586,69.4751106695599,54391.000528,59334.78859616353,54368.66638095239,-0.0051610480542938824,54379.14872488381,54367.4,54355.65127511619
2024-09-08 11:26:00,54375.0,54375.0,54374.99,54374.99,0.64236,56.17649434194497,-12.897825281950645,-16.882512407288083,3.9846871253374374,29.3198478511404,54371.06721080544,54383.77093640789,23.14480264656595,6.057601012366629,10.80929266584326,105.22344871945222,54390.36051744,59334.788253096565,54369.71085714286,-0.004887718177727808,54381.56840132328,54369.996,54358.423598676716
2024-09-08 11:27:00,54375.0,54376.0,54374.99,54375.99,1.20594,57.644748333215894,-11.614707200889825,-15.828951366008432,4.2142441651186076,28.0106928245494,54372.29790810408,54383.172402838056,12.998445503530093,6.069760843039203,10.109343189711746,101.43458264018683,54389.7333070912,59334.78760916685,54370.707809523825,-0.004594617226951488,54379.68922275177,54373.19,54366.69077724824
2024-09-08 11:28:00,54376.0,54376.0,54375.99,54375.99,1.1786,57.644748333215894,-10.477053921407787,-14.758571877088304,4.281517955680517,26.795048871286326,54373.22093107806,54382.61991031206,4.3817331599857425,6.41689341787217,9.38796153330391,84.53895071548386,54389.118640949375,59334.78697983591,54371.54295238096,-0.004291887433334139,54377.18086658,54374.990000000005,54372.79913342001
2024-09-08 11:29:00,54375.99,54376.0,54375.99,54376.0,0.86565,57.665172970652414,-9.465535780262144,-13.699964657723072,4.234428877460928,25.666236628970616,54373.91569830854,54382.110686441905,1.9660726023721509,6.043110772075578,8.718107138068062,68.82926829266249,54388.516268130385,59334.78651761028,54372.21771428572,-0.003987293229900128,54376.575036301176,54375.59199999999,54374.6089636988
2024-09-08 11:30:00,54376.0,54391.99,54375.99,54391.98,5.37677,78.00455766505902,-7.290408623754047,-12.418053450929268,5.127644827175221,24.701188610005186,54378.431773731405,54382.86986440791,26.026452417412656,8.944526136382901,9.238242342491771,174.88908606909894,54359.0,59334.78365586452,54374.889809523804,-0.003629371425195052,54392.00322620871,54378.990000000005,54365.9767737913
2024-09-08 11:31:00,54391.98,54391.99,54379.28,54385.0,7.20353,62.312638694851074,-6.05997670769284,-11.146438102281984,5.0864613945891435,23.80507259239443,54380.073830298556,54383.03372099192,26.031374942758703,8.701473184650482,9.486225032313724,140.738124012352,54359.6598,59334.77981643033,54376.576,-0.003269068427819049,54394.007687471385,54380.992000000006,54367.976312528626
2024-09-08 11:32:00,54384.99,54393.48,54384.99,54393.48,1.89959,70.85901454525347,-4.350436298162094,-9.787237741458005,5.436801443295911,23.111265045283282,54383.42537272392,54383.83728091563,30.013877879522624,8.521444062947472,9.415066101434547,135.70629731600852,54360.306404,59334.77880569689,54379.30609523809,-0.0028858136825662233,54399.49693893977,54384.490000000005,54369.483061060244
2024-09-08 11:33:00,54393.47,54393.48,54384.0,54391.44,4.79317,66.5053176483195,-3.1242102075266303,-8.454632234671731,5.330422027145101,22.34048316167982,54385.42902954294,54384.42210546059,25.91199076351768,8.246833266108464,9.419704237046593,91.46082163017523,54361.633347840005,59334.77625429698,54381.55114285714,-0.0025053343973234117,54400.53599538176,54387.58,54374.62400461824
2024-09-08 11:34:00,54391.43,54409.99,54391.43,54396.87,4.36441,72.00031128088148,-1.6947258321524714,-7.1026509541678795,5.407925122015408,22.990352477842084,54388.2892721572,54385.379635809775,15.483523154529394,9.000938779928376,10.072582505828814,143.31054189203928,54362.9072139264,59334.77393367979,54384.239809523795,-0.002118668145122048,54399.495761577266,54391.754,54384.012238422736
2024-09-08 11:35:00,54396.88,54401.0,54396.88,54401.0,3.18972,75.6468289134947,-0.2259876368334517,-5.727318290700994,5.501330653867543,23.59380255713561,54391.4669541179,54386.581202285946,21.472508965060115,9.923767879244675,9.648112326840856,118.10469918512624,54365.73218109082,59334.77223908144,54387.24228571428,-0.0017254996286162148,54404.294254482535,54393.558000000005,54382.821745517474
2024-09-08 11:36:00,54400.99,54426.71,54400.99,54426.7,3.2943,87.65364968569097,2.9774509792914614,-3.9863644367025035,6.963815415993965,25.5377994884008,54400.27521558842,54389.66726364857,51.27053735969821,15.369055961429652,10.796104303495165,185.85382110909134,54368.38765022537,59334.77049804079,54393.30009523809,-0.001249205553004742,54427.53326867985,54401.898,54376.26273132015
2024-09-08 11:37:00,54426.7,54449.4,54426.7,54445.33,11.48952,91.3594073593604,6.939490339740587,-1.8011934814138855,8.740683821154473,28.086716047879413,54411.538911691314,54393.94901259868,81.96096925382153,21.883031402683212,11.646382567531536,197.3942387976362,54373.05343820734,59334.76444887713,54401.20685714285,-0.0006683422462979136,54453.248484626914,54412.268000000004,54371.28751537309
2024-09-08 11:38:00,54445.32,54475.64,54445.32,54464.0,23.67946,93.65107381614511,11.453914450175944,0.8498281049040803,10.604086345271863,31.031441888590283,54424.654183768485,54399.33755009109,102.58504639980674,28.55808093531432,12.980212384136406,167.13516505058035,54380.688094386605,59334.752029434756,54410.856857142855,2.5968805284396026e-05,54478.07252319991,54426.780000000006,54375.4874768001
2024-09-08 11:39:00,54464.0,54464.0,54446.0,54452.0,7.11277,77.74696021814404,13.903062520170351,3.460474987957335,10.442587532213016,33.76583016925038,54431.49063782636,54403.38850777639,88.04054684469884,29.43753439328344,13.338768642412377,102.8316829726991,54392.08232306021,59334.74828973894,54418.040095238095,0.0007232966859831174,54481.82627342235,54437.806000000004,54393.785726577655
2024-09-08 11:40:00,54451.99,54474.99,54451.99,54474.99,4.11889,83.9954922454362,17.497431378207693,6.267866266007408,11.229565112200286,36.50659893300555,54442.36547836977,54408.89631487052,65.85547303399653,33.690509660131134,14.02885659652578,102.44674811653246,54402.10924429299,59334.746134340756,54427.555238095236,0.0014738168420306021,54485.531736517005,54452.60400000001,54419.67626348301
2024-09-08 11:41:00,54474.98,54487.5,54471.0,54471.0,8.74312,79.35485795368125,19.7958408096747,8.973461174740866,10.822379634933835,39.253341317643766,54449.52410877733,54413.67352141895,44.90674390803906,33.86562001412206,14.20536683963108,98.24020085845498,54410.93293497783,59334.74155535198,54435.586,0.0022104948906342967,54483.91737195402,54461.464,54439.01062804598
2024-09-08 11:42:00,54471.01,54471.01,54450.0,54451.19,8.05356,59.70277090521181,19.790710411987675,11.136911022190228,8.653799389797447,39.86846396111546,54449.940581582996,54416.559404386724,38.72254496294772,31.464551907205035,14.691412065371864,43.523448350985426,54421.65232408093,59334.73732033126,54440.07057142857,0.0028307656686778334,54481.99727248147,54462.636,54443.274727518525
2024-09-08 11:43:00,54451.18,54451.19,54429.0,54439.87,7.60534,51.03603974767025,18.658135765232146,12.64115597079861,6.016979794433535,38.92993205741819,54447.42293618724,54418.35252712621,52.719710777528235,27.006909261046644,15.227025489274041,-21.23873283894705,54487.5,59334.73331174654,54442.329619047625,0.003300203871534365,54484.16985538876,54457.81,54431.45014461123
2024-09-08 11:44:00,54439.87,54439.87,54439.86,54439.87,1.16939,51.03603974767025,17.558162628716673,13.624557302382225,3.9336053263344475,38.05843814684216,54445.53470214043,54420.007717347275,60.05897342192475,21.91374081997741,14.140095097183183,-50.38404238666022,54486.33,59334.73269539086,54443.98038095237,0.00364196835462277,54485.41348671096,54455.384,54425.354513289036
2024-09-08 11:45:00,54439.87,54469.0,54439.86,54469.0,7.08779,68.16221111942913,18.82002797613677,14.663651437133135,4.156376539003636,38.22769715311609,54451.40102660532,54423.77635447441,54.28920453009778,15.925480388888555,15.21151687595577,26.66751965194365,54485.1834,59334.728981832865,54449.059047619055,0.003980991358885623,54481.33060226505,54454.186,54427.04139773495
2024-09-08 11:46:00,54469.0,54480.0,54468.99,54480.0,5.0636,72.51798882052879,20.471688542049378,15.825258858116385,4.646429683932993,38.68553186718374,54458.55076995399,54428.101250284075,64.21186906241928,14.883631316805635,14.91140852767336,113.68583615234019,54484.059732,59334.72633482478,54454.80438095238,0.004335310750733154,54488.09193453121,54455.986,54423.88006546879
2024-09-08 11:47:00,54479.99,54481.1,54479.99,54481.1,1.57633,72.9618840531877,21.620178289798787,16.984242744452867,4.6359355453459195,39.14052831866712,54464.18807746549,54432.17807718531,74.13023243195494,15.588341942278332,13.925593632839592,104.6236980290674,54482.95853736,59334.72551098209,54459.87238095239,0.004680110146651206,54499.03311621597,54461.96799999999,54424.902883784016
2024-09-08 11:48:00,54481.09,54481.1,54480.0,54480.01,1.4464,71.58695304772795,22.18665682959545,18.024725561481386,4.161931268114063,39.56302502361598,54468.143558099124,54435.85745586337,62.79431286605541,16.5731566449106,13.009479801922373,80.51511276162877,54481.8793666128,59334.72475487564,54463.94114285715,0.004990638298417282,54501.39315643303,54469.996,54438.59884356697
2024-09-08 11:49:00,54480.0,54500.01,54470.0,54470.0,30.92863,59.27691760081255,21.57912113479688,18.735604676144487,2.8435164586523918,40.46893161809409,54468.60766857435,54438.48380541235,21.398134503906476,16.10768515887719,14.223802673213777,65.5408748453957,54429.0,59334.70855363569,54465.883428571426,0.005219160092877094,54486.72106725195,54476.022,54465.322932748044
2024-09-08 11:50:00,54470.01,54470.01,54461.1,54462.86,4.91474,51.671518172539336,20.287643070390914,19.046012354993774,1.2416307153971395,40.63369288213488,54467.17075143076,54440.358897303704,28.815406439302024,15.784092838441788,13.844245339413044,1.785539694986454,54430.4202,59334.705975395365,54466.21657142857,0.005347088218993118,54489.20170321966,54474.79400000001,54460.38629678036
2024-09-08 11:51:00,54462.86,54464.0,54438.0,54438.01,6.03076,33.643526335367014,17.062266888067825,18.649263261608585,-1.5869963735407602,39.276172664811405,54459.880563573075,54440.17821289573,62.80905896733748,17.613803206513857,14.71251352945497,-74.05740418260231,54431.811996000004,59334.70279556486,54462.89199999999,0.005302479828628823,54497.80052948366,54466.39599999999,54434.991470516325
2024-09-08 11:52:00,54438.0,54447.99,54438.0,54447.99,1.41327,43.19495682477366,15.136946324848395,17.94679987425655,-2.809853549408153,38.01561817729675,54456.907922679806,54440.77911959606,60.295920661694254,17.843258828473473,14.375191134493756,-88.88027178599305,54433.175956080006,59334.70205191127,54460.96780952381,0.005169683409246136,54489.921960330845,54459.774,54429.62603966915
2024-09-08 11:53:00,54447.99,54447.99,54440.0,54440.0,1.93697,37.947320599249856,12.818624557941803,16.921164810993602,-4.102540253051799,36.845103296033145,54452.68094200986,54440.71918731944,50.51668239835999,17.8262974300435,13.919106053458341,-102.1780909673352,54434.5126369584,59334.70103102402,54458.130761904766,0.004944746058164798,54477.03034119918,54451.772,54426.51365880082
2024-09-08 11:54:00,54440.01,54440.01,54440.0,54440.0,2.38542,37.947320599249856,10.85619440372102,15.708170729539086,-4.851976325818066,35.75819662057408,54449.5107065074,54440.663865217946,36.826066863155575,17.809309333976994,12.92559847821146,-89.33639811049707,54435.82258421923,59334.6997737801,54455.407999999996,0.004658100574376,54464.185033431575,54445.772,54427.35896656842
2024-09-08 11:55:00,54440.01,54448.0,54440.0,54448.0,4.75614,47.196425402460456,9.833137224159145,14.533164028463098,-4.700026804303953,35.10980559678218,54449.13302988055,54441.22818327811,17.213954358157935,17.9849242131409,12.57377001548207,-53.91876957083003,54437.10633253485,59334.69727113893,54454.08514285715,0.004362055097681151,54451.40697717908,54442.8,54434.193022820924
2024-09-08 11:56:00,54448.0,54453.33,54447.99,54453.32,3.35108,52.80945169416739,9.343925619396032,13.495316346649686,-4.151390727253654,34.73953463392769,54450.17977241041,54442.15832302595,20.66472551494371,16.39907033463255,12.057072157233621,-17.851362663946635,54438.36440588415,59334.695509749814,54453.69066666666,0.004083008564258435,54456.19436275747,54445.862,54435.52963724253
2024-09-08 11:57:00,54453.32,54491.01,54453.32,54479.99,17.85423,71.21613374041266,10.98167805873527,12.992588689066803,-2.0109106303315336,35.657270925194126,54457.6323293078,54445.06845202396,59.02783479454229,16.21398175979103,13.887995574574244,108.72670992326776,54439.59731776647,59334.68617653376,54456.83190476191,0.003915073263466042,54481.77591739727,54452.262,54422.74808260273
2024-09-08 11:58:00,54480.0,54480.0,54475.0,54475.0,4.63119,65.48159474018641,11.741607427924464,12.742392436838337,-1.0007850089138728,36.509454624227246,54461.974246980855,54447.37087879135,62.23823005554732,15.44966411198917,13.25313874781894,125.85597685710044,54440.80557141114,59334.683753118086,54458.92571428572,0.003803223256682801,54490.381115027776,54459.262,54428.14288497223
2024-09-08 11:59:00,54475.0,54480.0,54475.0,54480.0,2.99617,68.52868751965534,12.602046592633997,12.714323267997468,-0.11227667536347141,37.30076805904371,54466.48068523564,54449.88081119202,55.122819960088236,16.759372470892835,12.663628837260445,108.31080722960557,54441.989659982915,59334.6821868924,54461.351619047615,0.003744257090511499,54494.82340998005,54467.262,54439.70059001996
2024-09-08 12:00:00,54480.0,54487.0,54476.0,54482.99,7.90878,70.40349961269652,13.371085293278156,12.845675673053607,0.5254096202245488,38.24240205339346,54470.60801392673,54452.42767186956,43.119349534390494,18.70220866508097,12.544798206027556,91.53453805754893,54443.15006678326,59334.67805518735,54464.071428571435,0.003726659016556175,54495.81967476719,54474.259999999995,54452.7003252328
2024-09-08 12:01:00,54483.0,54491.0,54482.99,54491.0,2.79529,75.16045520938488,14.460205810377374,13.168581700518363,1.2916241098590113,39.233077439378654,54475.70601044505,54455.39477403344,21.07601404863817,19.721364530740033,12.220884048454305,91.93121442123828,54444.287265447594,59334.67659728448,54467.830761904755,0.0037589828961845403,54492.334007024314,54481.795999999995,54471.257992975676
2024-09-08 12:02:00,54491.0,54500.0,54490.99,54499.99,7.35829,79.580630445375,15.865867687767604,13.708038897968212,2.1578287897993924,40.405417530120154,54481.777007833785,54458.82517603087,35.17144250852289,21.824384859874623,11.991535187850571,107.00170154330846,54445.401720138645,59334.67276664457,54472.69447619048,0.003848263466747104,54503.381721254256,54485.795999999995,54468.21027874573
2024-09-08 12:03:00,54499.99,54519.47,54499.99,54519.47,5.79368,86.04001675097958,18.3403222334382,14.634495565062211,3.7058266683759893,41.95880190694181,54491.20025587534,54463.49016249004,56.80677339916292,24.396715445221208,12.526425531575759,156.25598870344328,54446.49388573587,59334.669762679245,54479.96523809525,0.004034223281761591,54523.093386699584,54494.69,54466.28661330042
2024-09-08 12:04:00,54519.47,54556.86,54519.46,54550.89,39.0956,91.34144451184042,22.57642967254651,16.22288238655907,6.353547285987439,44.03051242966804,54506.12269190651,54470.21322691389,97.09386715882283,30.227274531961786,14.303109422177595,188.70406953775864,54449.41293030644,59334.64962436732,54490.95419047619,0.00438178079762633,54557.41493357941,54508.868,54460.32106642059
2024-09-08 12:05:00,54550.88,54550.88,54531.1,54535.66,16.04616,74.81524405039973,24.42310724251729,17.862927357750717,6.560179884766573,45.95424362934242,54513.50701892988,54475.24759407437,88.3505843768362,30.027478842455984,14.6950301777364,123.67051627337256,54455.859754488054,59334.641332655825,54499.074095238095,0.004759426184079623,54563.57729218842,54519.402,54475.226707811584
2024-09-08 12:06:00,54535.67,54535.67,54508.0,54510.71,12.27263,55.18658758125892,23.601294999702077,19.01060088614099,4.590694113561089,45.994956469493886,54512.80776419741,54477.97547145326,72.23297839409497,26.00193087002983,15.62181373646939,43.95415866042727,54461.91976921877,59334.63495793108,54502.937333333335,0.0050421712888370504,54559.46048919705,54523.344000000005,54487.22751080296
2024-09-08 12:07:00,54510.71,54521.1,54510.71,54520.0,4.07236,59.88870597868372,23.429547003208427,19.89439010955448,3.535156893653948,46.032761249634525,54514.60582314806,54481.20812749532,57.024738207503106,25.20752129985242,15.248112755292963,30.233928962381473,54467.61618306565,59334.632846718254,54507.44190476191,0.005272655634787962,54555.85836910375,54527.346,54498.833630896246
2024-09-08 12:08:00,54519.99,54524.0,54518.75,54518.76,3.68971,58.89883303863576,22.92906584352022,20.501325256347627,2.4277405871725932,46.14574316787848,54515.64436736105,54484.09673307261,57.34893030942476,22.801369575722997,14.533961844200608,30.859565720142065,54472.97081208171,59334.63093338966,54511.01923809523,0.005443463940109105,54555.87846515472,54527.204000000005,54498.52953484529
2024-09-08 12:09:00,54518.75,54529.95,54512.69,54528.01,4.4315,64.19625185677674,23.01354281706881,21.003768768491867,2.0097740485769435,45.78810305812859,54518.73577552079,54487.47467668242,34.06841821526177,20.499472190429973,14.728678855328763,31.718956307244014,54478.0041633568,59334.62863981577,54515.079809523806,0.0055894878409468935,54539.662209107635,54522.628000000004,54505.59379089237
2024-09-08 12:10:00,54528.0,54541.1,54520.0,54541.09,6.62026,70.62146513094483,23.860884687310318,21.575191952255558,2.2856927350547593,45.79224751049711,54524.32433164059,54491.59893232223,41.0977679159987,18.298830080382977,15.183773222805176,70.3561605842309,54482.735513555395,59334.625222752045,54520.12238095238,0.005748612073442157,54544.262883958,54523.714,54503.165116042
2024-09-08 12:11:00,54541.1,54541.1,54532.98,54539.0,4.6434,68.272248593178,24.086113962432137,22.077376354290877,2.00873760814126,45.79609593055359,54527.99324873045,54495.24516829745,37.19413931804593,15.469168766053182,14.679217992604475,70.58112599459,54487.18298274207,59334.62282500748,54524.05038095238,0.0058909281048101165,54547.96906965902,54529.371999999996,54510.77493034097
2024-09-08 12:12:00,54539.0,54700.0,54538.99,54656.12,110.2867,90.19819593383966,33.33099599892739,24.32810028321818,9.002895715709212,48.00179536666307,54560.02493654784,54507.6201553515,201.62383977916033,41.977380378365524,25.131416707418587,293.87640628227365,54491.36360377755,59334.56726702546,54543.032380952376,0.006424351128188674,54657.40791988958,54556.596,54455.78408011042
2024-09-08 12:13:00,54656.12,54722.85,54656.12,54677.99,69.59005,91.5125051723426,41.93891216997872,27.850262660570287,14.088649509408434,50.184925227342866,54589.51620241087,54520.72552801677,258.8460901750659,59.01122161732911,28.102744085459825,189.56875897551282,54508.05451547535,59334.53237492349,54563.205428571426,0.007262628059911151,54717.865045087536,54588.442,54459.01895491247
2024-09-08 12:14:00,54677.99,54711.0,54640.89,54643.66,32.13699,73.05924889645351,45.46649421658367,31.373508971772967,14.092985244810702,51.511126635963,54603.05215180816,54530.182025861635,237.72200335402158,64.80759153144476,31.103262365069877,104.79558653680154,54529.534063927815,59334.516142981476,54576.91552380953,0.00813169627091341,54730.43300167701,54611.572,54492.71099832299
2024-09-08 12:15:00,54643.67,54700.99,54643.67,54700.99,28.00086,80.81270974911936,52.28546597142122,35.55590037170262,16.729565599718597,52.74259937253884,54627.536613856115,54543.32110079536,223.24291020829696,76.01525642996378,32.97660076756449,90.26966122979316,54548.86565753503,59334.50217307989,54596.73942857143,0.009173608247513012,54755.17345510415,54643.552,54531.930544895855
2024-09-08 12:16:00,54700.99,54713.0,54695.76,54713.0,9.55218,82.10722149766326,57.99018212156079,40.04275672167425,17.94742539988654,53.99293017903485,54648.902460392084,54556.3733238111,104.47415832568367,81.19305200233893,31.852557855595453,90.5670889616751,54566.26409178153,59334.497419776104,54616.16476190477,0.010311509010296288,54730.58907916284,54678.352,54626.11492083716
2024-09-08 12:17:00,54713.0,54713.0,54621.2,54621.21,16.18407,50.72212807044599,54.476553098196746,42.92951599697875,11.547037101217995,52.2061837036992,54641.97934529406,54561.36076044102,137.84739700822684,75.70012247981245,36.134518008767415,29.709837509010836,54581.92268260338,59334.48920641669,54621.32276190477,0.011115456246696827,54740.29369850411,54671.369999999995,54602.44630149588
2024-09-08 12:18:00,54621.21,54621.21,54610.0,54610.0,6.136,48.03146456682853,50.20864941211039,44.38534268000508,5.8233067321053085,50.199427835950345,54633.98450897054,54565.102240407105,167.19827510505274,68.06087772572211,34.3541952938554,-28.06640003904106,54596.01541434304,59334.486085019176,54624.01714285715,0.011599197681596103,54741.37113755252,54657.772,54574.17286244747
2024-09-08 12:19:00,54610.01,54610.01,54485.01,54486.0,23.53687,28.18515750692616,36.40093399523175,42.788460943050424,-6.387526947818671,47.65745219192701,54596.988381727904,54559.01745268349,325.3116957972379,75.47549545024972,40.82889563000858,-142.65822701107436,54722.85,59334.47379754466,54609.61523809523,0.011380576571129532,54788.89584789861,54626.23999999999,54463.58415210137
2024-09-08 12:20:00,54485.99,54546.0,54485.99,54540.0,11.83554,40.938201684214135,29.475790190052066,40.125926792450755,-10.650136602398689,45.297046236762476,54582.74128629593,54557.55457170784,308.4794976637204,75.601044886331,42.198974513579536,-139.89946711817572,54718.093199999996,59334.46768761457,54602.88628571429,0.010872281987342629,54748.281748831854,54594.041999999994,54439.802251168134
2024-09-08 12:21:00,54539.99,54573.0,54527.42,54570.77,10.04968,47.33334616610259,26.16878817527322,37.33449906901525,-11.16571089374203,42.51172239037347,54579.748464721946,54558.57114311493,196.62822413681715,72.47816538728303,42.44047633403826,-73.22880773282998,54713.431536,59334.46253291724,54599.981047619054,0.010280868052701484,54663.910112068406,54565.596,54467.28188793159
2024-09-08 12:22:00,54570.77,54579.69,54556.0,54579.68,11.69408,49.2430696873963,23.990381603296555,34.66567557587151,-10.675293972574956,39.78124690078671,54579.731348541456,54560.194901336865,168.21485946043686,72.50768992253943,41.10115659589284,-44.56933507178358,54708.86310528,59334.45654600466,54597.78028571428,0.009671052185121261,54641.39742973022,54557.29,54473.18257026978
2024-09-08 12:23:00,54579.69,54623.0,54579.68,54622.99,16.07216,58.10433238807326,25.46518692036625,32.82557784477046,-7.360390924404207,37.50408061622754,54590.54601140609,54565.02529354173,181.9623921563616,69.15054903060557,41.2596454104719,4.725001741219711,54704.386043174396,59334.448392659935,54600.774000000005,0.009211384182459178,54650.86919607818,54559.888,54468.90680392182
2024-09-08 12:24:00,54622.99,54622.99,54575.12,54575.12,9.90764,47.179595915744876,22.511770152588724,30.76281630633411,-8.251046153745385,35.28878762881519,54586.68950855457,54565.80180942314,106.29882331920089,68.71005742415909,41.731813595437856,-5.363637194759258,54699.99852231091,59334.44331549967,54596.48047619048,0.008682552507657263,54630.8614116596,54577.712,54524.5625883404
2024-09-08 12:25:00,54575.13,54575.13,54510.21,54572.03,82.80985,46.502338844084214,19.69479952083202,28.54921294923369,-8.85441342840167,33.57472549966348,54583.02463141592,54566.28090100597,78.70920555418706,59.55349647448754,43.38811262433502,-48.41211120234634,54695.69875186469,59334.40085254679,54591.45085714285,0.008102105399319418,54623.47260277709,54584.117999999995,54544.7633972229
2024-09-08 12:26:00,54572.04,54617.0,54572.03,54616.99,7.06711,57.22373339708316,20.84988179487118,27.00934671836119,-6.15946492349001,31.196227838478467,54591.51597356194,54570.1816009286,87.83844351340667,42.71427054145022,43.50110457973975,70.67696034434536,54691.4849768274,59334.397262944505,54592.10133333334,0.0076572358832256455,54637.281221756704,54593.362,54549.4427782433
2024-09-08 12:27:00,54617.0,54618.0,54616.0,54617.98,2.92686,57.4490617084898,21.59622965293238,25.92672330527543,-4.330493652343051,29.006615161496562,54598.131980171456,54573.85840085717,90.09494280349463,42.374504285521006,40.5367399669012,104.1524391290244,54687.355477290854,59334.39577661599,54593.25647619047,0.007310869937407388,54646.069471401745,54601.022,54555.97452859825
2024-09-08 12:28:00,54617.99,54642.0,54617.98,54642.0,5.79671,63.107199981993034,23.850989602658956,25.51157656475214,-1.6605869620931841,27.43140977446319,54609.09898512859,54579.1000623297,108.23560655680194,46.014494722381635,39.35697282640803,113.30569866590609,54683.308567745036,59334.39284790457,54598.18580952381,0.007117086973522367,54658.9418032784,54604.824,54550.7061967216
2024-09-08 12:29:00,54641.99,54650.99,54631.11,54631.12,4.17656,58.85343611752989,24.477813043573406,25.304823860516393,-0.8270108169429875,26.137184949729846,54614.60423884644,54583.10159599665,95.37920594438037,33.40570650030363,37.96576048166441,106.40483908313725,54679.34259639014,59334.390732862186,54601.68028571428,0.006980952034590584,54663.71360297219,54616.024,54568.33439702781
2024-09-08 12:30:00,54631.11,54640.3,54622.5,54622.51,7.64933,55.31284354546209,24.003126986826828,25.044484485778483,-1.0413574989516547,24.736474037810563,54616.58067913483,54586.13301168922,37.5157724491437,27.45951316856423,36.525349018688594,69.49275072745323,54675.45594446234,59334.386852095755,54604.69219047618,0.006844801646544773,54644.87788622457,54626.119999999995,54607.36211377542
2024-09-08 12:31:00,54622.5,54629.0,54593.99,54594.0,8.29832,44.64151746482688,21.083380053620203,24.25226359934683,-3.168883545726626,23.13708482437944,54610.935509351126,54586.738164636205,64.06127940115402,25.113163527210173,36.41710980306813,-10.536535832162784,54671.64702557309,59334.38261660836,54604.764571428575,0.006599042100227763,54653.552639700574,54621.522,54589.49136029942
2024-09-08 12:32:00,54593.99,54597.0,54590.0,54596.99,10.48388,45.953757040870784,18.79408111673547,23.16062710282456,-4.36654598608909,21.73841110766219,54607.44913201334,54587.5267673565,75.54833344664075,23.533878395732987,34.31588767427755,-41.563815012134704,54667.914285061626,59334.37726899055,54605.49476190477,0.006288243275064081,54655.09816672332,54617.324,54579.54983327668
2024-09-08 12:33:00,54597.0,54597.0,54579.68,54585.99,5.31362,41.600355383298144,15.908800398465246,21.710261761952697,-5.8014613634874515,20.66958185532056,54602.08434901,54587.40855448293,69.9508433023002,24.02367557013571,33.10189569754341,-63.01211348291074,54664.256199360396,59334.37455233037,54604.8821904762,0.005895580615500223,54641.097421651146,54606.121999999996,54571.146578348846
2024-09-08 12:34:00,54585.99,54586.0,54579.68,54579.68,3.44719,39.05360288711945,12.963594133179868,19.960928236198132,-6.9973341030182645,19.67709754957476,54596.4832617575,54586.814050291934,58.628724417532794,23.419193863851785,31.18890314771886,-108.34835634748801,54660.671275373184,59334.37278756744,54602.476,0.0054308637780306574,54625.14836220876,54595.833999999995,54566.51963779123
2024-09-08 12:35:00,54579.69,54579.69,54547.06,54557.66,9.30726,31.084597075578927,8.751781883926014,17.719098965743708,-8.967317081817693,19.481462434931036,54586.77744631813,54584.57143103871,55.96300462791987,26.026124142843287,31.291838637167846,-137.09458079874375,54657.15804986572,59334.36800072569,54596.75590476191,0.004848440112265955,54610.84550231396,54582.864,54554.88249768604
2024-09-08 12:36:00,54557.67,54594.0,54557.66,54593.99,5.14025,50.91466254391926,8.250313234129862,15.82534181942094,-7.5750285852910775,18.890669254221894,54588.58058473859,54585.29593634343,55.95663891786535,25.814346229007153,31.652421591655607,-58.7656251157822,54653.715088868405,59334.365377141105,54596.00466666667,0.004332772180856458,54610.840319458934,54582.862,54554.88368054107
2024-09-08 12:37:00,54593.99,54594.0,54570.0,54570.01,7.36128,41.4643222637507,5.850469554272422,13.830367366391238,-7.979897812118816,18.34207558642055,54583.93793855395,54584.12009508624,50.5481122006604,26.985041805209946,31.10582004939449,-60.07097232077865,54650.34098709104,59334.361600941025,54591.91980952381,0.003789696348582156,54602.74005610033,54577.466,54552.19194389967
2024-09-08 12:38:00,54570.0,54577.99,54568.0,54568.01,2.21534,40.70810339622964,3.7440339697204763,11.813100687057085,-8.069066717336609,17.882623977111898,54579.955953915465,54582.88085700269,49.00852724876313,23.28602948128825,29.597547188723308,-76.11342245260589,54647.03436734922,59334.36046403683,54588.072857142855,0.003237045391678195,54598.37426362439,54573.87000000001,54549.36573637563
2024-09-08 12:39:00,54568.0,54584.68,54568.0,54576.99,11.8207,46.013142317973234,2.7673789223408676,10.003956334113841,-7.2365774117729735,17.235429014045504,54579.2144654366,54582.427714156336,48.16985778576054,18.45450710082409,28.67486524667166,-40.01068947086404,54643.79388000223,59334.354409136184,54585.49095238095,0.0027275474127448573,54597.416928892875,54573.331999999995,54549.247071107115
2024-09-08 12:40:00,54576.99,54577.0,54572.0,54572.0,7.54536,43.42246591205771,1.5725935841110186,8.317683784113276,-6.745090200002258,16.63446226262671,54577.41084907745,54581.62558229816,37.529306722426554,13.037842531940628,26.98380344333797,-46.17810955734371,54640.618202402184,59334.35054014107,54582.196476190475,0.002245667342563223,54594.96465336121,54576.2,54557.435346638784
2024-09-08 12:41:00,54572.0,54572.01,54533.76,54533.77,6.16363,28.612095033695354,-2.4310996989370324,6.167927087503215,-8.599026786440248,17.083491078285025,54566.50063680809,54577.944383659844,61.93341946970031,18.414789862032865,27.78853176881383,-198.76676047015812,54637.50603835414,59334.3473542822,54574.23314285715,0.0016618047217976943,54595.12270973485,54564.156,54533.18929026515
2024-09-08 12:42:00,54533.76,54543.01,54533.76,54543.01,5.97679,35.0383428001833,-4.803097573712876,3.9737221552599973,-8.776819728972873,17.500446407110605,54560.62797760607,54575.25712337832,68.48662093632447,18.676747191641464,26.46435092818427,-150.40917507916848,54634.45611758706,59334.344270947426,54568.3038095238,0.0010645363084418337,54592.999310468156,54558.755999999994,54524.51268953183
2024-09-08 12:43:00,54543.01,54545.0,54543.0,54544.99,6.45268,36.50803391890424,-6.448815594412736,1.889214605325451,-8.338030199738187,17.80643628578641,54556.718483204546,54572.92888311845,68.43712559225969,18.815507702510114,24.71689729045682,-92.83824953356496,54631.467195235324,59334.34094348835,54563.58123809524,0.0004889564775589688,54588.37056279613,54554.152,54519.93343720387
2024-09-08 12:44:00,54545.0,54551.33,54545.0,54545.0,5.7053,36.51673842756191,-7.6639073132610065,-0.02140977839184055,-7.642497534869166,17.823500879944213,54553.78886240341,54570.78050749396,51.260913446880295,18.802601152546362,23.40426176971018,-63.79902782430881,54628.538051330615,59334.338001441356,54559.68028571429,-4.828504724194393e-05,54573.38445672344,54547.754,54522.12354327656
2024-09-08 12:45:00,54545.01,54555.0,54534.09,54555.0,4.98086,45.485256807711565,-7.730843476878363,-1.563296518089145,-6.1675469587892175,18.154950365448702,54554.09164680255,54569.56662230212,27.01030261676351,18.86662512043327,23.22610021473113,-47.0580315066457,54625.667490304004,59334.33543833154,54557.850857142854,-0.0005008861896576343,54557.85915130839,54544.35400000001,54530.848848691625
2024-09-08 12:46:00,54554.99,54571.0,54551.2,54551.2,3.93733,42.73240013664886,-7.9983194628875935,-2.8503011070488347,-5.148018355838759,17.776341048244397,54553.36873510192,54568.15380520196,18.07292514803703,14.780892473801911,22.981378770821973,9.084579871966103,54622.85434049792,59334.333410604726,54555.88619047619,-0.0008899625264335641,54556.87646257402,54547.840000000004,54538.803537425985
2024-09-08 12:47:00,54551.1,54551.1,54524.74,54541.21,5.10831,35.881512716884814,-8.913654557749396,-4.062971797188947,-4.850682760560449,18.187997216727233,54550.32905132644,54566.08120480181,19.762758497017785,14.55135671753255,23.2298517157632,-80.59820010587377,54620.097453687966,59334.33077433062,54553.025619047614,-0.0012537794985167062,54557.361379248505,54547.479999999996,54537.59862075149
2024-09-08 12:48:00,54541.21,54541.22,54524.74,54524.74,3.08174,27.241265324340063,-10.843063483269361,-5.41899013440503,-5.424073348864331,18.57024937317558,54543.931788494825,54562.90111212475,41.988458217223524,15.993011567110297,22.747719450351774,-138.1388003218475,54617.39570461421,59334.329178456304,54548.39552380953,-0.0016415366775523925,54564.42422910862,54543.43000000001,54522.435770891396
2024-09-08 12:49:00,54524.75,54530.58,54476.08,54491.0,35.94205,17.11183908520286,-14.922650949331,-7.319722297390225,-7.6029286519407755,20.05734802886011,54530.69884137112,54557.37025734593,93.19548606874014,21.36241726032779,25.01573948961236,-244.73666280570922,54614.74799052192,59334.31043542994,54539.79,-0.00214621350966304,54579.227743034375,54532.630000000005,54486.032256965635
2024-09-08 12:50:00,54491.0,54494.34,54482.5,54494.34,8.99192,20.61823503108802,-17.682411488836806,-9.392260135679543,-8.290151353157263,21.438225351995737,54521.609131028345,54552.52177601163,97.06026416474197,22.59480107559189,24.07461524035409,-161.72839506173156,54609.201270901045,59334.3057495883,54532.26466666667,-0.002691408154953751,54569.02813208237,54520.498,54471.96786791763
2024-09-08 12:51:00,54494.33,54500.0,54494.33,54500.0,1.37349,26.906067873020334,-19.191598105389858,-11.352127729621607,-7.839470375768251,22.449615939410176,54516.20684827126,54548.48163939535,77.91758415049117,24.788714212536398,22.759999866042957,-93.19071940629395,54603.876420065004,59334.30503467723,54526.44304761905,-0.0032148311064914797,54549.21679207524,54510.257999999994,54471.29920792475
2024-09-08 12:52:00,54500.0,54511.0,54500.0,54509.0,3.47402,36.5031601935946,-19.437352883534913,-12.96917276040427,-6.468180123130644,22.867008995581603,54514.405136203444,54545.4445902111,48.441099573872634,24.99268346444185,21.919999875611317,-51.23635213405098,54598.764563262404,59334.303229793106,54522.488190476186,-0.003662711623650374,54528.03654978693,54503.81599999999,54479.595450213055
2024-09-08 12:53:00,54509.01,54513.0,54509.0,54512.99,1.38325,40.648870646149085,-19.09009690763196,-14.193357589849809,-4.896739317782151,23.15893868092249,54514.05135215258,54542.94808327179,33.563303293223726,24.279438124497545,20.639999884496223,-26.843700559225905,54593.85718073191,59334.302511737296,54519.62733333334,-0.0040193228910926524,54518.24765164661,54501.466,54484.68434835339
2024-09-08 12:54:00,54512.99,54513.0,54512.99,54513.0,0.44643,40.66052260447959,-18.599681577135925,-15.074622387307032,-3.5250591898288928,23.43001624588188,54513.788514114436,54540.64438455858,29.865072039116058,23.054746536497927,19.16642846417521,-12.393107849387029,54589.14609350263,59334.30227999255,54517.37733333334,-0.004291594195640147,54520.79853601956,54505.866,54490.933463980444
2024-09-08 12:55:00,54513.0,54513.0,54487.0,54487.0,7.67099,25.215421364557415,-20.07756493271154,-16.075210896387933,-4.002354036323606,24.390937037929067,54507.09138558582,54536.51789343869,39.6394934366981,21.299504534491987,19.65454071673412,-72.42943251506586,54584.62344976253,59334.298276460475,54512.222571428574,-0.004580353273100037,54524.21774671835,54504.398,54484.57825328165
2024-09-08 12:56:00,54487.0,54495.0,54477.0,54483.01,28.55118,23.56687702508097,-21.324937192111975,-17.125156155532743,-4.199781036579232,25.52360425685053,54501.071039189366,54532.40190163572,52.8060623788333,18.205343448520463,19.5363592369674,-113.94279485373792,54580.281711772026,59334.28336323436,54506.98123809524,-0.004873109351918398,54527.40303118942,54501.0,54474.59696881058
2024-09-08 12:57:00,54483.01,54490.0,54483.0,54490.0,4.09316,32.80262805554729,-21.50159708546562,-18.00044434151932,-3.5011527439462995,26.575366674420458,54498.30327939203,54529.14021689451,52.34348310918722,13.739328952913736,18.640905005755446,-90.71425644391233,54576.11364330114,59334.2812283295,54503.24333333333,-0.0051214487158184165,54523.37174155459,54497.2,54471.0282584454
2024-09-08 12:58:00,54489.99,54490.0,54483.0,54483.01,1.79938,28.648551241446015,-21.95258022601047,-18.79087151841755,-3.1617087075929184,27.552003205021112,54494.47995954403,54525.591738671865,44.84540520577866,11.755723573699424,17.80941179105863,-85.30757133224995,54572.112297569096,59334.280288457674,54499.097142857136,-0.005344398250410575,54513.626702602895,54491.204000000005,54468.781297397116
2024-09-08 12:59:00,54483.01,54483.01,54456.01,54456.02,7.32422,18.0545578854982,-24.208791174001817,-19.874455449534405,-4.334335724467412,29.10912829994108,54484.86496965802,54520.240066466344,48.72703233528591,17.37894732350195,18.465882377411585,-162.57744137806213,54568.271005666335,59334.27644151079,54491.94266666667,-0.00562696264450882,54504.17151616765,54479.808000000005,54455.44448383236
2024-09-08 13:00:00,54456.02,54475.05,54446.07,54475.05,8.82538,37.583324475975076,-24.182531475998985,-20.736070654827323,-3.4464608211716623,30.76117904686488,54482.411227243516,54516.7639075074,46.79587503436778,18.242679629708796,19.21689077902527,-117.09079232563278,54561.53534532635,59334.27182419073,54488.26819047619,-0.005858238980218781,54500.81593751719,54477.418000000005,54454.02006248282
2024-09-08 13:01:00,54475.05,54478.0,54440.0,54477.99,48.7111,40.224300550452405,-23.651843319719774,-21.319225187805817,-2.332618131913957,32.41845440826145,54481.305920432635,54513.7812992376,45.548953536199406,18.351277553593082,20.558541437666324,-96.98034765088813,54552.298117700244,59334.246354775765,54485.710952380956,-0.006023269561129204,54499.188476768104,54476.414000000004,54453.639523231905
2024-09-08 13:02:00,54478.0,54481.0,54477.99,54481.0,4.76786,43.17809347660875,-22.726411364572414,-21.60066242315914,-1.1257489414132742,33.74991424249986,54481.229440324474,54511.25966083471,38.723553146162885,16.99711246924713,19.305074192118873,-13.788086797945274,54541.06830593022,59334.243863379794,54484.157142857155,-0.006114301379689003,54493.97577657308,54474.614,54455.25222342692
2024-09-08 13:03:00,54481.0,54498.0,54480.99,54498.0,2.32895,57.43368163658676,-20.386242039436183,-21.35777834641455,0.9715363069783649,33.87245183975605,54485.422080243356,54510.239686924346,53.667722890284494,14.871293153904773,19.14114032125338,80.84352309448286,54530.96147533719,59334.242650674765,54485.28657142857,-0.006079041184074491,54504.44586144514,54477.612,54450.77813855486
2024-09-08 13:04:00,54498.0,54498.0,54497.99,54497.99,1.73855,57.42351232822911,-18.321251918154303,-20.750473060762502,2.429221142608199,33.98623675149395,54488.564060182514,54509.297403314784,39.87269301325432,12.178471399328357,17.774630298306857,114.22094677688933,54521.865327803476,59334.24174539481,54486.348,-0.005948845683687113,54505.942346506636,54486.00600000001,54466.06965349338
2024-09-08 13:05:00,54497.99,54499.5,54497.99,54499.5,2.04105,58.74705489118267,-16.374137128907023,-19.875205874391405,3.501068745484382,33.99074914255964,54491.298045136886,54508.54375690596,37.49414845109277,13.240453544696619,16.612870991285085,97.47296254065598,54513.67879502313,59334.24068293242,54487.575999999994,-0.005743611436650089,54509.64307422554,54490.89599999999,54472.14892577445
2024-09-08 13:06:00,54499.49,54539.0,54499.49,54539.0,7.75505,79.12109586032082,-11.511022839564248,-18.202369267425976,6.691346427861728,31.805567341132804,54503.223533852666,54510.88654483628,76.78128834508243,21.783626676541235,18.24838020619344,169.24595529044439,54440.0,59334.23667905022,54494.07542857143,-0.0053442333085621,54541.48864417254,54503.098,54464.70735582746
2024-09-08 13:07:00,54539.0,54539.0,54529.0,54529.35,4.87006,69.11416809419948,-8.339511383928766,-16.229797690726535,7.890286306797769,29.776469954093592,54509.7551503895,54512.30681061811,71.00655406242004,25.12970922293256,17.659210191465338,136.26855558978514,54441.98,59334.23415961317,54499.00247619047,-0.004856045352517621,54548.27127703121,54512.768,54477.26472296879
2024-09-08 13:08:00,54529.35,54529.35,54518.75,54518.76,3.63777,59.246372812654194,-6.604458119443734,-14.304729776469975,7.70027165702624,28.336564505138675,54512.006362792126,54512.803209801335,64.67687240251689,25.970250759661397,17.154980892074853,83.01075900011328,54443.9204,59334.232273532885,54502.36171428571,-0.004357765737207853,54549.25843620126,54516.92,54484.58156379874
2024-09-08 13:09:00,54518.76,54533.0,54518.75,54532.0,3.47539,66.43591354015497,-4.113639087503543,-12.26651163867669,8.152872551173147,26.81084480021916,54517.00477209409,54514.27988597047,54.989265858821454,23.56552925286488,16.94748225692665,77.67313984299285,54445.821992000005,59334.23047659764,54507.43142857143,-0.003818191658440072,54551.216632929405,54523.721999999994,54496.22736707058
2024-09-08 13:10:00,54532.0,54535.0,54531.0,54534.99,3.00619,67.96732716750569,-1.8767450985178584,-10.188558330644925,8.311813232127067,25.286980770015102,54521.50107907057,54515.87297166505,27.323137148006936,22.748451573028806,16.022662095717603,79.57303982899045,54447.68555216001,59334.228923229064,54512.47123809524,-0.0032559587779302217,54544.481568573996,54530.81999999999,54517.15843142599
2024-09-08 13:11:00,54535.0,54568.0,54534.99,54567.99,5.98407,80.03305103060359,2.529673213059141,-7.644912021904112,10.174585234963253,24.592102120660332,54533.12330930293,54519.88197384466,66.45083716209047,25.88690883389872,17.236043374595063,147.15646258496741,54449.51184111681,59334.22585238494,54521.416,-0.0025781242565581564,54569.84341858104,54536.617999999995,54503.39258141895
2024-09-08 13:12:00,54567.99,54589.0,54567.99,54580.99,13.3202,83.05101799067253,6.990204104316945,-4.717888796659901,11.708092900976846,24.67208783027539,54545.089981977195,54524.582591241226,94.02337053851807,28.39907214996979,17.505611704981273,182.6827823091872,54454.251367472134,59334.2190355185,54531.35133333334,-0.0018003511632473297,54593.957685269255,54546.945999999996,54499.93431473074
2024-09-08 13:13:00,54581.0,54581.0,54575.0,54575.0,2.49234,76.64550142285408,9.927426835594815,-1.788825670208958,11.716252505803773,24.746360274917944,54552.5674864829,54528.46085345344,82.41576528367295,29.228387439544072,16.68378229748261,118.57815035788967,54462.33628542381,59334.21775841074,54539.554857142866,-0.0010069813461636105,54599.40188264183,54558.193999999996,54516.98611735816
2024-09-08 13:14:00,54575.0,54583.0,54575.0,54582.99,2.46985,79.21190574987105,12.75291556425509,1.119522576683852,11.633392987571238,24.88487644702361,54560.17311486217,54532.65540318779,70.0018731119053,28.799686902002577,16.06351213337671,95.76026587724445,54469.93610829838,59334.21649495256,54547.690571428575,-0.000206666471036392,54603.392936555945,54568.39199999999,54533.39106344404
2024-09-08 13:15:00,54582.99,54582.99,54561.5,54561.5,3.97621,58.47317794567797,13.106983194236818,3.517014700194445,9.589968494042374,24.22633903277395,54560.504836146625,54534.87421832719,32.128840114644845,23.92425475654988,16.451118409563943,48.17730243067166,54477.079941800475,59334.214451713386,54551.93295238095,0.00048732085589787456,54589.75842005732,54573.693999999996,54557.62957994267
2024-09-08 13:16:00,54561.51,54561.51,54557.0,54557.0,1.61898,54.86378036440887,12.876044919219567,5.388820743999469,7.487224175220097,23.364662583651487,54559.62862710997,54536.57620153279,41.745131059069536,23.489188271567656,15.598181380309521,8.632202831761669,54483.795145292446,59334.21361899069,54554.780000000006,0.0010631722509678889,54592.368565529534,54571.496,54550.623434470464
2024-09-08 13:17:00,54557.01,54557.01,54557.0,54557.0,2.26457,54.86378036440887,12.548374818637967,6.82073155892717,5.727643259710797,22.56453445232349,54558.97147033247,54538.147262953345,41.932286357841804,21.82620962901136,14.484739853144701,-13.4021142508329,54490.1074365749,59334.21245420913,54556.903238095234,0.0015330512223802979,54587.66414317892,54566.698,54545.731856821076
2024-09-08 13:18:00,54557.0,54558.7,54557.0,54558.7,3.53702,56.33019954421573,12.284264343026734,7.913438115747083,4.370826227279651,21.90323085896065,54558.90360274936,54539.72824272617,39.6537312145374,17.265062734200384,13.571544149348442,-29.664687837311167,54496.04099038041,59334.210635591466,54558.69123809523,0.001914834137199317,54583.26486560727,54563.438,54543.61113439273
2024-09-08 13:19:00,54558.7,54570.7,54553.0,54570.7,7.85976,65.75451546823693,12.894613522046711,8.90967319700701,3.9849403250397017,21.84976310376971,54561.852702062024,54542.11068559339,20.523381379869534,14.143330273231648,13.866433852966201,-15.269669437494043,54501.61853095759,59334.20660452492,54561.501047619044,0.0022604346861554497,54571.24169068994,54560.98,54550.71830931007
2024-09-08 13:20:00,54570.7,54578.0,54570.7,54576.0,1.90851,69.26943250464231,13.648652183430386,9.857468994291686,3.7911831891386996,22.11542971666205,54565.38952654652,54544.71755593236,31.744372465502238,9.878575532585776,13.397402863468823,50.49640222245119,54506.86141910013,59334.205626789866,54564.339428571424,0.0025815071974268624,54579.752186232756,54563.880000000005,54548.00781376725
2024-09-08 13:21:00,54575.99,54600.0,54575.99,54600.0,5.88488,80.27228298139082,15.998412933135114,11.085657782060373,4.912755151074741,23.179634749862494,54574.04214490989,54548.97005162987,62.03038919050596,13.942056444007529,14.15544551607834,150.21389284986947,54511.78973395412,59334.20262715835,54570.025428571425,0.0029532688156301457,54603.495194595256,54572.48,54541.46480540475
2024-09-08 13:22:00,54600.0,54602.0,54581.1,54581.11,9.67381,59.98655790428998,16.150180894488585,12.098562404546016,4.05161848994257,24.23454987664091,54575.80910868241,54551.44235535065,54.288590321244556,13.950714362398573,14.637199407787135,100.58473006456924,54518.8465552378,59334.19767657295,54572.5199047619,0.0032695641327936875,54604.446295160626,54577.302,54550.15770483938
2024-09-08 13:23:00,54581.11,54581.11,54562.02,54579.0,10.01449,58.021192466558716,15.916720683075255,12.862194060251865,3.0545266228233903,23.91124121746346,54576.60683151181,54553.562174169834,39.817453447176376,14.102804610718158,14.955256592945465,21.800769655411074,54527.16189971402,59334.192549379884,54574.13923809523,0.00352115625125171,54601.27072672359,54581.362,54561.45327327641
2024-09-08 13:24:00,54579.0,54579.0,54578.99,54579.0,0.52071,58.021192466558716,15.55242313072813,13.400239874347118,2.1521832563810115,23.61102603394154,54577.20512363386,54555.51893000293,34.57488335481321,13.82357796982768,13.887738264878077,44.01051929542736,54534.64570974262,59334.192282788405,54575.310952380954,0.0037117061479962827,54600.309441677404,54583.022,54565.73455832259
2024-09-08 13:25:00,54579.0,54579.0,54570.01,54575.93,6.41005,54.294178254845505,14.844868944361224,13.689165688349942,1.1557032560112823,22.756667424843208,54576.8863427254,54557.0890123104,34.62052799999947,13.350677556660761,13.537899817386641,9.663182975058723,54541.38113876835,59334.18899887476,54575.65419047618,0.0038349232697907467,54600.318263999994,54583.007999999994,54565.697735999995
2024-09-08 13:26:00,54575.92,54600.0,54575.92,54600.0,4.28821,71.51143444407356,16.041459038293397,14.159624358338633,1.881834679954764,22.878101617586662,54582.66475704405,54560.3898575173,34.62052799999947,14.353014863380238,14.29090697328772,105.93961586914152,54547.443024891516,59334.18681311024,54579.131142857135,0.003986449491762346,54600.318263999994,54583.007999999994,54565.697735999995
2024-09-08 13:27:00,54599.99,54630.0,54599.99,54627.01,6.76538,81.09897943270863,18.9507936242735,15.117858211525608,3.8329354127478936,23.97477651945234,54593.751067783036,54565.51448386213,77.68177443191234,19.32403952204321,15.413699332338743,193.40931615457757,54552.898722402366,59334.18338437364,54586.028380952375,0.00423935935355559,54631.02888721596,54592.188,54553.347112784046
2024-09-08 13:28:00,54627.01,54643.2,54622.53,54639.01,13.35527,83.97433075093498,21.971488315575698,16.488584232335626,5.482904083240072,25.344010698772763,54605.06580083728,54571.16798510351,100.93807162190205,23.528104048559886,15.789149380028707,184.2373115457273,54562.150875714084,59334.1766331095,54594.03028571428,0.004583986353783379,54654.65903581095,54604.19,54553.72096418905
2024-09-08 13:29:00,54639.01,54643.2,54616.6,54616.61,14.52491,62.631702627678614,22.300847537357186,17.65103689333994,4.649810644017247,26.236607425618306,54607.95185062796,54574.66352471094,88.01313264880446,23.218962774942437,16.56135299574084,96.55207957532531,54573.49775311411,59334.16925556893,54598.511999999995,0.004886046990828065,54655.7185663244,54611.712,54567.7054336756
2024-09-08 13:30:00,54616.6,54634.54,54604.0,54604.01,12.70454,53.460286467686906,21.299623593884462,18.380754233448844,2.918869360435618,26.295942788557618,54606.96638797097,54576.920945887025,57.74410721960885,22.013144661792484,17.559827781759413,45.24521888990779,54583.256067678136,59334.162785420755,54600.78885714285,0.005091932223636877,54646.200053609806,54617.328,54588.4559463902
2024-09-08 13:31:00,54604.0,54609.0,54604.0,54609.0,2.43855,56.488310877080416,20.67052080519352,18.838707547797778,1.8318132573957406,26.35103991128698,54607.47479097823,54579.38856543418,50.43460239327396,22.188793069957985,16.662697225919455,16.838525032139632,54591.6482182032,59334.161544832,54603.28333333333,0.005232454920996771,54644.34530119664,54619.128000000004,54593.91069880337
2024-09-08 13:32:00,54608.99,54609.0,54591.1,54594.0,6.03832,45.75074590823408,18.74549131769163,18.82006430177655,-0.07457298408492008,25.631446972344516,54604.10609323367,54580.51252193924,60.56398374156561,21.25533264100524,16.75107599549674,-27.461544087191704,54643.2,59334.15846314597,54603.28257142857,0.005259216558709281,54642.80799187078,54612.526,54582.244008129215
2024-09-08 13:33:00,54594.0,54600.0,54583.0,54583.0,8.6788,39.194502816309544,16.14616062159621,18.28528356574048,-2.1391229441442725,24.512222802420744,54598.82956992525,54580.703866405456,46.9623573384597,20.79969682236243,16.76885628153269,-73.92339979012577,54642.157999999996,59334.15402360659,54601.47895238095,0.005158965951923634,54624.80517866923,54601.324,54577.84282133077
2024-09-08 13:34:00,54583.0,54600.0,54583.0,54600.0,8.57089,51.961384495754785,15.281771493631823,17.68458115131875,-2.4028096576869267,23.472943216062955,54599.12217744393,54582.18818437427,35.87176938522316,19.127503441462526,16.785366547137496,-68.5705920386464,54639.791679999995,59334.14965496294,54601.82485714285,0.00502873082492155,54615.93788469261,54598.002,54580.06611530739
2024-09-08 13:35:00,54600.0,54600.0,54588.36,54588.37,13.62893,44.32177479270448,13.502643014529895,16.84819352396098,-3.345550509431085,22.50789788587358,54596.43413308295,54582.66370865318,36.21612412814284,17.360001827744004,16.417840365199062,-79.20155484113764,54637.52001279999,59334.14269115138,54600.39152380952,0.0048325478713248295,54612.98206206407,54594.873999999996,54576.765937935925
2024-09-08 13:36:00,54588.37,54588.37,54576.0,54576.01,2.40212,37.3234751545481,10.968879755804664,15.672330770329719,-4.703451014525054,20.92526809681791,54591.32809981221,54582.15188491063,33.39537643066433,19.785014085085884,16.128708910542173,-107.82083841445355,54635.339212287996,59334.14146057432,54597.420952380955,0.004546937905018908,54604.97368821533,54588.276,54571.578311784666
2024-09-08 13:37:00,54576.0,54582.0,54565.0,54582.0,10.66966,42.59476044819948,9.336570880681393,14.405178792400054,-5.0686079117186615,20.042737135544794,54588.99607485916,54582.140201455964,32.31544471262896,18.9974997510047,16.19094398836059,-114.22541241318112,54631.778859550715,59334.13600152511,54595.29761904762,0.004226264846315735,54602.03372235632,54585.876000000004,54569.71827764369
2024-09-08 13:38:00,54581.99,54582.0,54568.0,54575.0,4.30275,38.101087615548956,7.3928921792976325,13.002721469779571,-5.6098292904819385,19.2232441000769,54585.49705614437,54581.59095519012,36.81547455886903,14.29587695448078,16.034447989191978,-107.0508485239566,54626.43655078666,59334.13379681703,54592.21238095238,0.003862577930077932,54602.68373727943,54584.276,54565.86826272056
2024-09-08 13:39:00,54575.0,54576.0,54569.99,54570.0,16.07999,34.94143580169661,5.3869571035320405,11.479568596530067,-6.092611492998026,18.462286281428142,54581.622792108275,54580.69934325242,25.305556051360327,13.228855544100206,15.318415989964125,-100.77336339033882,54621.52162672373,59334.12554887046,54588.498571428565,0.003460270566544821,54590.92877802568,54578.276,54565.62322197432
2024-09-08 13:40:00,54570.0,54596.99,54569.99,54596.99,13.28559,57.67654667290824,5.907014156939113,10.365057708611877,-4.458043551672764,17.805368979839255,54585.464594081204,54581.952470694545,37.248573436401784,12.456801315199197,16.15281484782383,24.882290130639003,54616.999896585825,59334.1187728899,54588.43990476191,0.003139227894328562,54598.6242867182,54580.0,54561.3757132818
2024-09-08 13:41:00,54596.98,54602.69,54596.98,54602.69,3.04664,61.119838847050914,6.701850718367496,9.632416310563002,-2.9305655921955065,17.49246156178761,54589.7709455609,54583.54766525651,50.28340767073678,11.354179460810649,15.406899501550637,123.61691870250998,54612.839904858956,59334.11722090034,54589.16990476191,0.0029006852182139227,54610.477703835364,54585.335999999996,54560.19429616463
2024-09-08 13:42:00,54602.69,54602.7,54587.0,54587.0,6.40648,48.17389133270094,5.996587617286423,8.905250571907686,-2.9086629546212635,16.55735532898616,54589.07820917068,54583.81322946755,49.85648490386666,11.07369516292124,15.427835251439669,50.18079853468222,54609.01271247024,59334.11394655501,54588.039523809515,0.002665836846121278,54611.26424245193,54586.335999999996,54561.40775754806
2024-09-08 13:43:00,54587.0,54596.98,54587.0,54596.98,1.30171,55.386706034328235,6.171819231902191,8.358564303906588,-2.1867450720043973,15.68904239852767,54591.053656878015,54584.82605797005,46.12807733817317,11.51179646689924,15.03870416205135,62.09622941311982,54605.49169547262,59334.1132826516,54588.735142857135,0.0024740656282635502,54613.79603866909,54590.732,54567.66796133092
2024-09-08 13:44:00,54596.97,54598.0,54582.36,54598.0,5.11265,56.13542863083114,6.320142357522855,7.950879914629842,-1.630737557106987,14.576013288800832,54592.79024265851,54585.839438126204,20.485729639127385,11.285729046784917,15.081653864761927,54.6130206608786,54602.7,59334.110675640404,54589.75371428572,0.0023182088494263916,54606.57486481957,54596.33200000001,54586.089135180446
2024-09-08 13:45:00,54598.0,54598.0,54579.69,54579.69,4.92848,41.23012769450682,4.903698739617539,7.341443679627382,-2.4377449400098428,13.704987797495017,54589.515181993884,54585.36640442419,33.36156109791773,11.52587196534231,15.312250017278767,-4.102616832040002,54599.683999999994,59334.10815282703,54588.38819047619,0.0021230542168189774,54609.552780548955,54592.871999999996,54576.19121945104
2024-09-08 13:46:00,54579.68,54579.69,54579.68,54579.68,1.33659,41.22295411826375,3.7372691388227395,6.620608771466453,-2.8833396326437137,12.896877403794516,54587.05638649541,54584.928988699256,31.977705717348726,11.21113876193791,14.219232158901859,-61.25555676031216,54598.0,59334.10746864612,54587.30047619047,0.0019057798130299316,54604.25885285868,54588.270000000004,54572.28114714133
2024-09-08 13:47:00,54579.69,54579.69,54575.0,54575.01,3.53054,37.56066644988155,2.4082742192331352,5.77814186101979,-3.369867641786655,12.481803889957515,54584.04478987156,54584.165989568544,38.57530607753142,11.748885153030098,13.538572718980463,-92.51335113481267,54598.0,59334.10565964003,54585.726476190466,0.0016625916226634318,54605.15965303876,54585.871999999996,54566.58434696123
2024-09-08 13:48:00,54575.01,54578.0,54575.0,54576.8,6.98144,40.01196048814873,1.4823861857221345,4.91899072596026,-3.4366045402381253,12.096378484251728,54582.233592403674,54583.599374986356,33.10511693112494,11.572324845905813,12.785817524767571,-104.87978306714275,54595.36,59334.10208378393,54584.46723809524,0.001415653565624557,54598.38855846556,54581.835999999996,54565.28344153443
2024-09-08 13:49:00,54576.81,54576.81,54572.0,54572.01,2.19411,35.532491453597984,0.3579737812760868,4.006787337023425,-3.6488135557473385,11.967588313207356,54579.67769430276,54582.707884602794,11.684293692262145,11.271610015399677,12.216116272998292,-99.70188300428168,54592.9312,59334.100958842144,54582.79028571429,0.001156909879125001,54582.48014684613,54576.638,54570.79585315387
2024-09-08 13:50:00,54572.01,54592.0,54572.01,54591.99,3.09664,58.68457731068454,1.0667905723166768,3.4187879840820754,-2.3519974117653986,11.625540043855176,54582.75577072707,54583.421893479506,27.641970969096292,10.857116104970203,12.771393682069698,13.198876053704089,54565.0,59334.099377826555,54583.933142857146,0.0009706124235120671,54592.918985484546,54579.098,54565.27701451545
2024-09-08 13:51:00,54592.0,54592.0,54591.99,54591.99,0.46189,58.68457731068454,1.609974205493927,3.057025228364446,-1.447051022870519,11.307923793742438,54585.0643280453,54584.080978596474,34.61016126842878,9.466001919422638,11.859865561922009,81.129757980569,54565.54,59334.099142004816,54584.92380952382,0.0008389557259133379,54598.86508063421,54581.56,54564.25491936578
2024-09-08 13:52:00,54591.99,54592.0,54591.99,54591.99,2.93435,58.68457731068454,2.017198143679707,2.849059811427498,-0.8318616677477912,11.012994418637751,54586.795746033975,54584.689364858285,34.98802490832168,9.716338593939215,11.01344659321344,85.12757889320473,54566.0692,59334.09764384887,54585.81933333333,0.0007479214805219331,54602.45001245417,54584.956000000006,54567.461987545845
2024-09-08 13:53:00,54592.0,54592.0,54591.99,54592.0,1.58255,58.69740577949822,2.3140579454629915,2.7420594382345973,-0.4280014927716058,10.739131427469115,54588.09680952548,54585.25172140765,31.971997231143177,9.169927426384925,10.227486122269768,87.13807956071633,54566.587816,59334.09683586736,54586.55438095239,0.0006865869958454464,54603.98199861557,54587.996,54572.01000138443
2024-09-08 13:54:00,54591.99,54592.0,54591.99,54592.0,1.22584,58.69740577949822,2.5202693805258605,2.6977014266928503,-0.17743204616698982,10.484830078526809,54589.07260714411,54585.77081976091,0.0,8.38106411331853,9.49766568496493,72.81916218820213,54567.09605968,59334.09621000672,54587.0799047619,0.0006464429976794949,54591.99399999999,54591.99399999999,54591.99399999999
2024-09-08 13:55:00,54591.99,54592.0,54588.0,54588.0,2.56894,49.79215718082601,2.334021708506043,2.6249654830554894,-0.2909437745494463,9.8134815611061,54588.804455358084,54585.94229516392,6.391992405347992,8.282823532584766,9.104975278896008,38.605239654665326,54567.5941384864,59334.09489731179,54587.119619047626,0.0006066441059483186,54594.39199620267,54591.195999999996,54588.00000379732
2024-09-08 13:56:00,54588.01,54594.99,54584.0,54584.01,5.30648,42.13952370368262,1.8432120314682834,2.4686147927380486,-0.6254027612697652,9.452477928954535,54587.60584151857,54585.79365707439,12.779993072355865,8.075864460430802,9.239619901831862,11.474966170568377,54568.08225571667,59334.092183492256,54586.767238095235,0.0005533247145326372,54595.98999653618,54589.6,54583.21000346382
2024-09-08 13:57:00,54584.0,54606.97,54584.0,54606.97,3.80768,71.92983930937116,3.2692362214729656,2.628739078485032,0.6404971429879334,9.613584556422088,54592.44688113893,54587.42260653021,31.095455084185232,9.606938008326159,10.220361337415383,142.85113540792753,54569.158565488004,59334.090245597654,54589.50466666667,0.0005743130702074908,54608.14372754209,54592.596,54577.048272457905
2024-09-08 13:58:00,54606.97,54614.0,54606.96,54613.99,4.49133,76.38987091127808,4.909235387749504,3.0848383403379267,1.8243970474115776,10.333055649164837,54597.8326608542,54589.46625218173,46.05390892029391,11.472919472864351,9.993192670457205,227.0625433795623,54571.42725155872,59334.087963160324,54593.08295238096,0.0006681754917535379,54620.02095446014,54596.99399999999,54573.967045539845
2024-09-08 13:59:00,54614.0,54614.0,54608.0,54608.01,7.94745,65.71626365845654,5.661152279979433,3.6001011282662283,2.0610511517132046,11.001135949568818,54600.37699564065,54590.8926943216,47.59660457218706,9.866502989025916,9.707964622567404,127.9825345526701,54574.833071434026,59334.08391925492,54595.711619047615,0.0007841204900344561,54623.99430228609,54600.195999999996,54576.3976977139
2024-09-08 14:00:00,54608.01,54627.0,54608.0,54626.99,5.09237,77.62408868523917,7.699820474408625,4.420044997494708,3.279775476913917,12.552762788194213,54607.03024673049,54593.66941014302,55.8019638248079,13.708395364018328,10.371681435241161,144.5994962216617,54577.96642571931,59334.081338511205,54600.601238095245,0.0009762562213421928,54635.894981912395,54607.99399999999,54580.09301808759
2024-09-08 14:01:00,54627.0,54631.0,54626.99,54630.99,10.63433,79.4308686986634,9.528408712511009,5.441717740497968,4.086690972013041,14.238855505916959,54613.02018504786,54596.540224747405,39.40520451149496,16.556270819782025,9.917275618438367,135.72948064549809,54582.86978314738,59334.07595376655,54605.573619047624,0.0012235792719856229,54637.09260225575,54617.39,54597.68739774425
2024-09-08 14:02:00,54630.99,54631.0,54617.98,54631.0,7.23898,79.43585015766362,10.85327518152917,6.52402922870421,4.3292459528249605,14.732933066263229,54617.51513878589,54599.19097668992,37.795584484614665,18.070764975313338,10.138898788549684,93.84866696004795,54588.645409169694,59334.07228828872,54610.01419047619,0.0014948866826162916,54641.0937922423,54622.195999999996,54603.29820775769
2024-09-08 14:03:00,54631.0,54648.0,54630.99,54648.0,5.46086,86.23596812440414,13.123717284819577,7.843966839927283,5.279750444892294,16.221914916051787,54625.13635408942,54602.94551694454,51.02407743850199,21.179185067626946,10.629691732224853,130.82024144203305,54593.72796006933,59334.069533165675,54616.205238095245,0.0018285032732993818,54654.51003871925,54628.998,54603.48596128075
2024-09-08 14:04:00,54648.0,54648.0,54644.01,54644.02,4.22356,78.90555173226194,14.435502781299874,9.162274028201802,5.273228753098072,17.604540919426878,54629.857265567065,54606.1050925642,32.95575067210302,21.827784132409633,10.15542803706579,114.45097975494328,54601.326045659625,59334.0674004799,54621.141904761906,0.0021717047988853598,54652.67787533605,54636.2,54619.722124663946
2024-09-08 14:05:00,54644.02,54644.02,54615.0,54615.01,6.82215,45.25675604471049,12.984559762517165,9.926731175064875,3.05782858745229,16.379825011354857,54626.1454491753,54606.79008544388,46.47195763459604,19.187263053015247,11.502897462989434,7.581506012461153,54607.86039926728,59334.06393433289,54621.715047619036,0.0023985354977513504,54657.0399788173,54633.804000000004,54610.568021182706
2024-09-08 14:06:00,54615.01,54630.0,54615.0,54630.0,2.41163,56.70491625259526,12.895592328859493,10.5205034058238,2.375088923035694,15.242588811002266,54627.10908688148,54608.57546348666,46.69027100363746,14.23564165984989,11.752690501347331,-9.363813708590687,54613.47994336986,59334.062712943225,54624.067619047615,0.0025866043921685426,54656.951135501826,54633.60600000001,54610.26086449819
2024-09-08 14:07:00,54630.0,54630.0,54621.0,54621.0,4.2466,49.27990443963527,11.960981463977078,10.808599017454455,1.1523824465226227,14.186583767817718,54625.58181516111,54609.531197064614,51.01730497016979,12.828538373548575,11.556069751251092,-31.19392906523379,54615.0,59334.060558104764,54624.858190476196,0.0027033689589887047,54657.11465248509,54631.60600000001,54606.09734751492
2024-09-08 14:08:00,54621.0,54630.0,54621.0,54630.0,3.8036,56.16731203847561,11.810377721245459,11.008954758212656,0.8014229630328025,13.206007656289207,54626.686361370834,54611.10572036734,39.288886551585165,12.01120051924113,11.373493340447443,-25.769230769238618,54615.0,59334.05863174361,54626.572571428565,0.0027942647699860765,54647.6504432758,54628.00600000001,54608.361556724216
2024-09-08 14:09:00,54630.0,54630.0,54623.04,54623.05,1.98645,49.88949863407063,11.003376182401553,11.007839043050437,-0.004462860648883904,12.295472695584163,54625.77727102813,54612.02451110832,22.806718275896856,9.919691534332141,11.058243816129705,-50.318616294836396,54619.62,59334.05762420566,54626.99838095239,0.0028336003754890894,54635.21535913795,54623.812,54612.40864086205
2024-09-08 14:10:00,54623.05,54632.99,54623.04,54632.98,3.19595,57.94804397704094,11.037852171262784,11.013841668692908,0.024010502569876024,11.658355791472479,54627.577953271095,54613.6364717923,18.289983227776247,9.898164427076827,10.979083543548805,-3.6309109408511584,54648.0,59334.05600662062,54628.41438095238,0.0028666926790004224,54636.55099161389,54627.406,54618.261008386115
2024-09-08 14:11:00,54632.98,54654.99,54632.98,54654.99,4.73145,70.54649048489817,12.694859260293015,11.350045187012931,1.3448140732800837,12.669406025780857,54634.43096495332,54616.817512423666,48.457380515363184,12.554958875274178,11.767006147580659,119.9228605400491,54623.04,59334.053623077954,54632.29866666667,0.0029673128870891297,54656.632690257684,54632.404,54608.17530974232
2024-09-08 14:12:00,54654.99,54666.88,54654.98,54666.87,3.68222,75.33305396163941,14.796105734487355,12.039257296507817,2.7568484379795386,14.239155137225909,54642.540723714985,54620.667703775696,66.23181953033782,16.441125405021506,11.77650570846734,163.08001110378547,54623.04,59334.05177281287,54637.30961904761,0.003145537307966575,54674.69390976517,54641.578,54608.46209023483
2024-09-08 14:13:00,54666.88,54669.6,54666.87,54669.6,2.77348,76.39106598514708,16.49154265033576,12.929714367273405,3.561828283062354,15.829804431563685,54649.30554278624,54624.43172656219,73.9379144837294,19.28017127995947,11.130326729290811,139.67027728928102,54624.7936,59334.05037999334,54642.18095238095,0.0033716985024691655,54686.466957241864,54649.498,54612.529042758135
2024-09-08 14:14:00,54669.6,54669.6,54666.87,54666.88,2.92763,72.66469428326589,17.414958551366,13.826763204091925,3.5881953472740733,17.306835919163046,54653.69915708968,54627.6969783651,54.45888546506467,21.23074196973729,10.530303391484034,97.87497363055685,54627.481984,59334.048908904486,54646.10304761905,0.003603925104575613,54685.493442732535,54658.264,54631.03455726747
2024-09-08 14:15:00,54666.87,54666.88,54633.0,54633.0,15.61117,42.024076195305604,15.237293419100752,14.10886924709369,1.1284241720070618,16.305688680556734,54648.524367817256,54628.10490310625,54.42917304256116,19.469315719520285,12.198138863520702,0.6030039990472762,54630.009064959995,59334.04100760439,54645.1279047619,0.0037020025321451086,54685.482586521284,54658.268000000004,54631.05341347872
2024-09-08 14:16:00,54633.0,54635.0,54633.0,54635.0,1.82911,43.70561536117333,13.517045313550625,13.990504460385079,-0.473459146834454,15.37605195899373,54645.14327586294,54628.635295175,66.36931024309888,19.164835539425937,11.469700373269223,-49.96934120146793,54632.3845210624,59334.04008223035,54644.40028571429,0.003705922868766519,54687.454655121546,54654.27,54621.08534487845
2024-09-08 14:17:00,54635.0,54648.0,54634.99,54647.99,5.98276,54.085052503723,13.051471495084115,13.802697867324888,-0.7512263722407724,14.890227796938387,54645.8549568972,54630.124118623076,61.60296588794154,17.49755894495557,11.57972177517871,-17.92154451707584,54633.0,59334.03706383254,54645.366571428574,0.0036858211033093825,54681.29548294396,54650.49399999999,54619.69251705602
2024-09-08 14:18:00,54648.0,54650.0,54648.0,54650.0,2.97374,55.60494028590969,12.698312845343025,13.581820862928517,-0.8835080175854912,14.561071545692753,54646.8912176729,54631.65303257515,48.8028520297521,16.579911276058233,10.896170219808948,-2.887845684884713,54633.0,59334.03556417827,54646.600952380955,0.003650477246200609,54670.97542601488,54646.574,54622.172573985124
2024-09-08 14:19:00,54650.0,54650.0,54634.99,54635.0,5.80972,42.89055098608433,11.080330281074566,13.081522746557727,-2.001192465483161,13.697962965033197,54643.91841325467,54631.910491607836,28.99069916915323,14.927223345665775,11.190015204108454,-70.74243112145827,54669.6,59334.03262496235,54645.77838095238,0.00354566464617041,54654.69334958457,54640.198,54625.70265041542
2024-09-08 14:20:00,54635.0,54635.0,54631.01,54631.02,2.61077,39.97985779285824,9.368915676233883,12.339001332492959,-2.9700856562590765,13.152276741542964,54640.693809941,54631.841992253394,30.687292456670548,15.175123398004214,10.675728403814846,-98.21176436861087,54668.9078,59334.03130302097,54644.23476190477,0.0033776636631337514,54655.14564622834,54639.802,54624.45835377167
2024-09-08 14:21:00,54631.01,54635.0,54601.05,54604.02,19.52808,25.752671229576222,5.7674493541926495,11.024690936832899,-5.257241582640249,14.184746183468366,54631.52535745575,54629.70183900313,65.96058433940925,20.55792207744774,12.33817637497072,-165.55855892198298,54667.391888,59334.02135839972,54639.08142857143,0.0030714069767849663,54666.5862921697,54633.60599999999,54600.62570783029
2024-09-08 14:22:00,54604.01,54604.02,54599.88,54599.88,7.56356,24.17006311220274,2.549805377049779,9.329713824876276,-6.779908447826497,15.19287468654885,54623.614018091816,54627.40785138751,76.46706563295447,23.022014033081525,11.752592348187054,-164.7019867549464,54663.411374719995,59334.017503317475,54633.537809523805,0.0026649014981281675,54662.217532816474,54623.984,54585.75046718352
2024-09-08 14:23:00,54599.64,54599.64,54591.0,54591.0,3.81959,20.869047333395173,-0.7085744384021382,7.322056172220593,-8.030630610622731,16.49999253750313,54615.46051356886,54624.60724743463,70.24906068168639,24.136493741549785,11.54740718045922,-135.4986047877787,54658.3288647424,59334.01555285559,54627.09704761904,0.0021717582813311743,54647.30853034084,54612.183999999994,54577.05946965915
2024-09-08 14:24:00,54591.01,54591.01,54568.04,54568.05,9.41884,14.659700852538975,-5.0841304255664,4.840818852663195,-9.924949278229594,18.511116034350987,54603.60788517665,54620.25668993966,81.44584241580742,27.12382577321747,12.36330666756936,-137.59974174436755,54651.59597826816,59334.010719888145,54617.901523809516,0.0015554694071492944,54639.5169212079,54598.793999999994,54558.07107879209
2024-09-08 14:25:00,54568.04,54580.0,54568.04,54570.88,5.60692,18.258605213862324,-8.228578786729486,2.226939324784659,-10.455518111514145,20.378587852852572,54595.425913882485,54616.45848302123,59.066275716089876,30.580649875293748,12.3344990484572,-109.9443546340111,54641.56926087598,59334.00784459487,54609.70171428572,0.0008902531162018902,54616.29913785805,54586.766,54557.23286214196
2024-09-08 14:26:00,54570.88,54577.0,54570.88,54577.0,2.1399,26.321703497406375,-10.11019982425205,-0.24048850502268282,-9.869711319229367,22.11266882717547,54590.81943541186,54613.423215096525,48.72505555702082,31.490967525333165,11.890606259281872,-83.74425449224907,54632.74574957086,59334.00674864033,54603.11895238095,0.00024098626116345184,54605.72452777851,54581.362,54556.99947222149
2024-09-08 14:27:00,54577.0,54577.0,54576.99,54577.0,0.96376,26.321703497406375,-11.46918838842248,-2.4862284817026428,-8.982959906719838,23.722886874761013,54587.364576558895,54610.62142931987,31.664632116793655,29.268317210682255,11.041991526476169,-66.00459881023153,54624.981059622354,59334.00625504868,54597.39209523809,-0.0003701745982009982,54592.6183160584,54576.786,54560.9536839416
2024-09-08 14:28:00,54577.0,54577.0,54571.0,54571.01,2.31901,23.108946039408323,-12.88105477472709,-4.565193740307532,-8.315861034419559,25.437977451903333,54583.27593241917,54607.57439629527,14.392459106820752,24.691451334585352,10.681849274585014,-66.55659934240451,54618.14813246767,59334.00506586785,54591.74847619046,-0.0009502504998572949,54579.98422955341,54572.788,54565.59177044659
2024-09-08 14:29:00,54571.0,54571.01,54571.0,54571.01,0.54446,23.108946039408323,-13.840425250891712,-6.420240042424369,-7.420185208467344,27.030561559249772,54580.20944931438,54604.761750426405,11.824377494573127,20.3615004114448,9.919574326400516,-66.18767647849918,54612.13515657155,59334.0047866706,54587.017904761895,-0.001482731547666838,54579.29218874729,54573.380000000005,54567.46781125272
2024-09-08 14:30:00,54571.01,54578.0,54571.0,54578.0,2.7796,36.19557007823627,-13.87673630486097,-7.911539294911689,-5.96519700994928,27.770621329871172,54579.65708698578,54602.70315423977,12.476921379740816,12.895431279790682,9.711033303086195,-31.76109005229817,54606.84373778297,59334.00336339349,54583.80971428571,-0.0019325690274426776,54581.042460689874,54574.804000000004,54568.56553931013
2024-09-08 14:31:00,54578.0,54605.99,54577.99,54605.99,12.9503,64.90061706792365,-11.514225178427296,-8.63207647161481,-2.882148706812485,26.182098480615668,54586.24031523934,54602.95598852902,52.10168979068112,13.298571523233727,11.017388067151467,162.78725992964726,54568.04,59333.99677130848,54584.87638095239,-0.0022038614258526384,54606.65284489534,54580.602,54554.55115510466
2024-09-08 14:32:00,54605.99,54619.99,54605.98,54619.99,4.76008,72.36336774280821,-8.415229564518086,-8.588707090195467,0.17347752567738084,24.753869841386862,54594.6777364295,54604.26629710371,80.34167575386527,17.370845597773464,11.23114606235456,206.846059548534,54568.799,59333.994355466595,54588.20971428572,-0.0022895185946394422,54629.37083787693,54589.2,54549.029162123064
2024-09-08 14:33:00,54619.99,54628.0,54619.98,54624.01,3.26046,74.24987328331,-5.570657735224813,-7.985097219201336,2.4144394839765226,23.856762073438063,54602.010802322126,54605.785043480355,86.46257492585573,21.666750566629176,11.001778486471862,147.5279317322034,54570.846639999996,59333.992702126336,54592.36485714286,-0.0022282803823315354,54643.03128746293,54599.8,54556.568712537075
2024-09-08 14:34:00,54624.0,54628.49,54624.0,54628.49,1.73796,76.40387870576374,-2.9211423962042318,-6.972306254601915,4.0511638583976834,23.05008108704748,54608.63060174159,54607.53157859725,73.09483570451266,24.28395044073698,10.536651451723726,111.676928649,54574.2758416,59333.99182166636,54597.222,-0.0020508843415013305,54647.84341785225,54611.295999999995,54574.74858214774
2024-09-08 14:35:00,54628.49,54636.0,54628.0,54628.0,5.89163,75.57414264952212,-0.851110237177636,-5.74806705111706,4.896956813939424,22.705993952100897,54613.47295130619,54609.10607255131,32.98689143503725,25.36939381112833,10.355462062314889,94.02308854019716,54578.612974272,59333.98883662622,54602.037904761906,-0.0018010329234839056,54637.78944571751,54621.295999999995,54604.802554282476
2024-09-08 14:36:00,54628.01,54628.01,54606.1,54606.1,6.93459,47.757876003476454,-0.966599454615789,-4.791773531816806,3.8251740772010168,21.210570491548662,54611.62971347964,54608.87483620121,32.823628052778076,24.33441614282392,11.180786200721217,32.767216114348976,54584.3516768448,59333.98530681675,54603.70542857143,-0.0015881727664937575,54637.72981402638,54621.31799999999,54604.9061859736
2024-09-08 14:37:00,54606.1,54606.1,54559.01,54568.98,8.16076,27.311502139148374,-4.007206682472315,-4.634860161947907,0.6276534794755921,21.7969980151899,54600.967285109735,54605.80600264728,90.39970247003657,25.323860161045523,13.745730043526594,-82.47196664750344,54636.0,59333.98112026146,54600.36438095238,-0.001538888516863243,54656.31585123502,54611.116,54565.91614876498
2024-09-08 14:38:00,54568.99,54568.99,54558.69,54558.69,1.37762,23.906784408570218,-7.164637340392801,-5.140815597636886,-2.0238217427559153,22.351901716006275,54590.3979638323,54602.18169475134,117.06644881790271,27.134422421018265,13.499606468988668,-124.12632089817532,54634.4602,59333.98041200252,54595.86104761905,-0.001635106861800966,54656.585224408955,54598.052,54539.51877559105
2024-09-08 14:39:00,54558.7,54558.7,54535.54,54535.54,5.05841,17.88690706530022,-11.403483156820585,-6.3933491094736254,-5.010134047346959,23.561706018808337,54576.683472874225,54597.05541053971,133.09858901980624,32.89573050832207,14.189634578346352,-144.3885244484534,54631.429392,59333.97779877833,54588.360190476196,-0.0019042735203519397,54646.0112945099,54579.462,54512.9127054901
2024-09-08 14:40:00,54535.54,54535.54,54535.15,54535.16,6.25022,17.79862615436197,-14.624875370172958,-8.039654361613493,-6.585221008559465,24.69592972689637,54566.30260465567,54592.29422511358,104.59655657473195,37.82993161075103,13.203946394178715,-113.83814980304092,54625.67602848,59333.97456960163,54581.14523809524,-0.002275390649577613,54613.19227828737,54560.89400000001,54508.59572171264
2024-09-08 14:41:00,54535.16,54535.16,54517.39,54517.39,8.07242,13.938283007935468,-18.399642769581988,-10.111652043207194,-8.287990726374794,26.221277266725423,54554.07445349175,54586.53236164331,73.62630290535162,43.85012800061139,13.530093080309099,-104.94208033118944,54618.4339462016,59333.970383547836,54571.95942857142,-0.0027579870448393414,54579.96515145268,54543.152,54506.338848547326
2024-09-08 14:42:00,54517.4,54546.36,54517.39,54546.35,4.53772,39.57027767998187,-18.837199646390218,-11.856761563843799,-6.980438082546419,26.91772751251111,54552.14334011881,54583.44141074767,54.69123190753453,42.979984709939075,14.632943574572819,-66.43023492226618,54608.32955158144,59333.96804460798,54567.20266666667,-0.003185589752610828,54565.97161595377,54538.626000000004,54511.28038404624
2024-09-08 14:43:00,54546.36,54558.7,54546.35,54558.7,1.96821,47.56244356501948,-17.980160736246035,-13.081441398324246,-4.898719337921788,26.82933612571269,54553.78250508911,54581.53822530554,54.702972492945264,39.50503776731283,14.469876176388942,-22.140708427225853,54599.23559642329,59333.96703272392,54564.32742857142,-0.0035075984837081055,54565.97948624648,54538.628000000004,54511.27651375353
2024-09-08 14:44:00,54558.69,54574.0,54558.69,54573.99,1.94287,56.17376545431346,-15.884074288282136,-13.641967976315826,-2.2421063119663103,25.92328734633488,54558.83437881683,54580.95759258974,77.57080997044977,33.60341761876174,14.529885020932422,37.31734330525455,54591.05103678096,59333.96603706619,54563.608095238094,-0.0036834985883495543,54585.10340498523,54546.31800000001,54507.53259501478
2024-09-08 14:45:00,54573.99,54576.74,54573.99,54576.74,4.81315,57.67393961046566,-13.841453005246876,-13.681864982102038,-0.15958802314483833,24.940140808445115,54563.31078411262,54580.63316239053,86.45188053115271,25.500454725632547,13.688464662294392,92.20636663010012,54583.684933102864,59333.96357191006,54563.29361904762,-0.0037369264117489646,54597.859940265575,54554.634,54511.40805973442
2024-09-08 14:46:00,54576.74,54589.0,54576.73,54589.0,3.18597,64.225185928192,-11.105365640978562,-13.166565113877343,2.0611994728987817,23.40767416087616,54569.73308808447,54581.27676528357,59.43494971145992,22.26740647702949,13.587145757844564,120.98765432099034,54517.39,59333.961944355106,54564.892380952384,-0.0036548533735189254,54598.67347485572,54568.95599999999,54539.23852514426
2024-09-08 14:47:00,54588.99,54595.27,54588.99,54590.38,3.95898,64.95780338969925,-8.725065106118564,-12.278265112325588,3.5532000062070246,21.788696330378965,54574.89481606335,54581.97701410791,46.1003687523189,24.558169767418143,13.065206775141297,111.46196678294035,54518.8222,59333.959922497226,54566.97028571429,-0.0034734464566749893,54600.81218437616,54577.762,54554.71181562384
2024-09-08 14:48:00,54590.38,54600.0,54590.38,54599.99,2.35003,70.07829606286259,-5.994116651680088,-11.021435420196488,5.0273187685164,20.513105004205702,54581.16861204751,54583.3626284073,38.110998714269954,27.896682241890538,12.819120576917104,98.62829555965925,54521.880112,59333.95872476509,54570.649809523806,-0.003192116360288532,54605.07549935713,54586.02,54566.96450064286
2024-09-08 14:49:00,54600.0,54600.0,54579.68,54579.68,4.72108,51.13019609977218,-5.406346590199973,-9.898417654197186,4.492071063997212,19.305919395566626,54580.796459035635,54583.07934929905,33.124712209857535,26.652158638787615,13.354897678565862,57.79548730121642,54526.56730528,59333.956308266315,54571.89276190476,-0.0029223459486874804,54603.72035610494,54587.15800000001,54570.59564389508
2024-09-08 14:50:00,54579.69,54579.69,54563.58,54570.55,3.69853,44.621834748806705,-5.6125512817452545,-9.0412443797068,3.4286930979615455,18.909444620794904,54578.234844276725,54582.115553199124,40.10056437259482,24.233021756317395,13.551690701525485,-13.087265535498318,54530.9732669632,59333.95441152903,54572.37857142857,-0.002698865759246279,54605.970282186296,54585.92,54565.8697178137
2024-09-08 14:51:00,54570.55,54576.37,54570.0,54570.0,1.87491,44.214982413043,-5.7540216095148935,-8.383799825668419,2.6297782161535252,18.541289472792588,54576.17613320754,54581.18358756842,46.45091240273905,15.675227593605387,13.038712794273852,-37.37550072480986,54535.11487094541,59333.953449898276,54573.12961904762,-0.00251269792015101,54605.345456201365,54582.119999999995,54558.894543798626
2024-09-08 14:52:00,54570.0,54570.01,54558.69,54558.7,1.45182,36.099908324426536,-6.700711790996138,-8.047182218733962,1.3464704277378239,18.685864969730233,54571.80709990565,54579.454080832395,55.24698260650621,13.448426140909074,12.915947594682843,-112.13084961380484,54539.007978688685,59333.95270350202,54572.36428571428,-0.0023950487312256307,54603.40749130325,54575.784,54548.16050869675
2024-09-08 14:53:00,54558.69,54558.7,54538.0,54538.01,3.01945,25.725724482129877,-9.016543565187021,-8.241054488024574,-0.7754890771624474,19.583933218249125,54563.35782492924,54576.26607461452,57.3121180839953,17.514662812746842,13.471951337919576,-171.99983744466238,54600.0,59333.95114444522,54568.840190476185,-0.0023977094093180244,54592.044059042,54563.388,54534.731940958
2024-09-08 14:54:00,54538.01,54545.99,54538.0,54545.99,2.87206,34.44494521578572,-10.09160784908454,-8.611165160236567,-1.4804426888479725,20.417853734730958,54559.01586869693,54573.93714579802,51.74460574160912,19.738441683919906,13.08038338521089,-127.23453959003332,54598.76,59333.94966395991,54566.356571428565,-0.0024476293507873456,54582.522302870806,54556.65,54530.7776971292
2024-09-08 14:55:00,54545.99,54545.99,54545.0,54545.01,2.95975,33.859184592781645,-10.89706724131247,-9.068345576451748,-1.8287216648607227,21.192208500035516,54555.5144015227,54571.71198073664,45.55581542915024,21.35851579053686,12.216784571981394,-89.323271360425,54597.5448,59333.948137960964,54563.63914285714,-0.002525796821308504,54574.31990771458,54551.542,54528.764092285426
2024-09-08 14:56:00,54545.01,54545.01,54525.01,54528.0,16.63477,25.00300572487977,-12.760865144147829,-9.806849489990965,-2.954015654156864,22.597420217192525,54548.63580114202,54568.34952067998,40.369071323410026,23.52718940324377,12.77272853112558,-108.08096592865635,54596.353904,59333.93953089876,54558.39066666666,-0.0026754657367392457,54563.32653566171,54543.14200000001,54522.9574643383
2024-09-08 14:57:00,54528.0,54546.0,54528.0,54545.99,2.93979,43.694008129746926,-12.640582986612571,-10.373596189315286,-2.2669867972972852,23.827820883787243,54547.974350856515,54566.629557550754,27.886643102843664,21.836835446673724,13.14610506461661,-65.30118589490917,54593.50014784,59333.93801550744,54555.71561904762,-0.0027970182430413007,54554.54332155142,54540.6,54526.65667844858
2024-09-08 14:58:00,54546.0,54547.0,54545.99,54546.99,1.40469,44.614739667702196,-12.322520521462138,-10.763381055744656,-1.5591394657174824,24.890601936235022,54547.72826314239,54565.11882235455,28.90072330449766,16.29293794154478,12.27924041714414,-24.438614900309233,54590.7605419264,59333.93729157496,54553.29495238096,-0.0028854751727887505,54556.84636165224,54542.39599999999,54527.945638347745
2024-09-08 14:59:00,54547.0,54556.09,54546.99,54556.08,4.83474,52.9984410069393,-11.207770492961572,-10.85225894318804,-0.3555115497735315,25.15929521506012,54549.81619735679,54564.42352832727,36.441277248450206,13.44126664373981,12.052151815919455,30.18410588810105,54588.130520249346,59333.93480463712,54552.34342857143,-0.0029097997118309794,54562.63463862423,54544.414000000004,54526.19336137578
2024-09-08 15:00:00,54556.08,54556.09,54511.0,54516.01,16.45245,29.431877147799867,-13.403134197214968,-11.362433993993426,-2.040700203221542,26.612031980243014,54541.364648017596,54560.69941076364,58.05436320872104,15.346356211993811,14.411998114782103,-151.25865720340494,54585.60569943937,59333.92627071924,54546.246,-0.0030278219942844855,54567.64118160436,54538.614,54509.58681839564
2024-09-08 15:01:00,54516.01,54532.0,54516.0,54526.54,5.95163,38.11031778934076,-14.130406225362094,-11.91602844026716,-2.2143777850949338,27.961001833627133,54537.6584860132,54558.07176378182,58.94864883586706,13.553474506762681,14.525426820869097,-131.1572123177124,54581.12935747301,59333.92319035177,54542.24771428571,-0.003159961038546509,54567.796324417934,54538.322,54508.84767558207
2024-09-08 15:02:00,54526.54,54541.1,54523.81,54538.01,11.18516,46.681272512352564,-13.624190222049947,-12.257660796623718,-1.3665294254262292,28.540667455735477,54537.746364509905,54556.52855118322,56.976705131077324,11.99547456724174,14.722896333664224,-37.17310087170524,54576.92159602463,59333.9174151046,54540.38676190477,-0.003248668705430165,54565.21435256554,54536.726,54508.237647434464
2024-09-08 15:03:00,54538.01,54538.01,54528.0,54528.0,1.77728,40.768542611581914,-13.870839333736512,-12.580296504046277,-1.290542829690235,29.078928390550367,54535.309773382425,54554.334047246055,54.05633061575645,12.464508907898116,14.386260881259782,-50.232572594772186,54572.96630026315,59333.91649552542,54537.78142857143,-0.0033339515419371045,54559.95616530788,54532.928,54505.89983469212
2024-09-08 15:04:00,54528.01,54528.01,54528.0,54528.01,0.9129,40.77753508167731,-13.905212975842005,-12.845279798405423,-1.0599331774365819,29.578742115735622,54533.48483003682,54552.309120534825,27.92783786309883,12.426465130821809,13.359385104027085,-66.15614122323274,54569.24832224736,59333.91602318461,54535.669619047614,-0.0034067349350833565,54541.27791893155,54527.314,54513.35008106845
2024-09-08 15:05:00,54528.01,54528.01,54522.54,54522.54,2.01018,37.08214720619323,-14.210033202842169,-13.118230479292773,-1.091802723549396,30.254162399114808,54530.748622527615,54550.019188185994,20.413428513900726,12.618957919723881,12.795857596596662,-83.59360646705834,54565.753422912516,59333.914981920054,54533.23361904761,-0.0034809469481236833,54538.826714256946,54528.619999999995,54518.413285743045
2024-09-08 15:06:00,54522.54,54538.37,54518.0,54520.73,10.94277,35.794125131791574,-14.431302233075257,-13.38084483004927,-1.0504574030259874,30.023340503770736,54528.243966895716,54547.76617371015,24.09287030858104,13.175658030434564,13.336867768268515,-60.962734870837856,54562.46821753777,59333.90931148795,54531.008285714284,-0.003552614287199685,54539.5044351543,54527.458000000006,54515.411564845715
2024-09-08 15:07:00,54520.72,54531.99,54520.72,54531.98,2.18677,49.005232984492515,-13.542765977756062,-13.413229059590629,-0.12953691816543333,29.809005886665524,54529.17797517179,54546.55185265553,16.3195441027201,12.346712431559093,13.189234356249106,-29.884569682632435,54559.3801244855,59333.90818097616,54530.644571428566,-0.0035722984411671807,54534.41177205136,54526.252,54518.09222794864
2024-09-08 15:08:00,54531.99,54531.99,54531.98,54531.99,0.55241,49.01642281471398,-12.691488102769654,-13.268880868226436,0.5773927654567821,29.60998088506783,54529.88098137884,54545.43171014357,18.754196962574497,11.102761272174362,12.247860473659511,86.24130355164316,54556.47731701637,59333.90789539308,54530.33961904762,-0.003549300099902848,54536.42709848129,54527.05,54517.672901518716
2024-09-08 15:09:00,54531.98,54531.99,54517.0,54517.01,4.68348,35.15110275354938,-13.074885914640618,-13.230081877509273,0.155195962868655,30.128713492016054,54526.66323603413,54543.24542474792,24.36997955966217,7.027797511666613,12.443727582683687,-120.93952896244568,54553.74867799538,59333.90546659119,54528.170666666665,-0.003545386450954338,54537.03498977983,54524.85,54512.66501022017
2024-09-08 15:10:00,54517.0,54527.19,54517.0,54527.19,2.8164,47.30634958055374,-12.41418749470904,-13.066903000949228,0.6527155062401881,30.610393769896543,54526.7949270256,54542.010392075004,24.093648617970757,6.071725736648708,12.28274704106359,-78.38697833795702,54551.18375731566,59333.90400912461,54527.625714285714,-0.0035110669740292897,54537.82682430899,54525.780000000006,54513.73317569102
2024-09-08 15:11:00,54527.19,54527.19,54527.18,54527.18,0.42771,47.29589953593346,-11.755871781148016,-12.804696756988985,1.0488249758409687,31.057668313642715,54526.8911952692,54540.86959268462,21.87560979060072,6.067367366036614,11.406122252416337,5.7108366606117285,54548.77273187672,59333.90378778741,54527.087142857126,-0.0034510320265053675,54538.00780489531,54527.07000000001,54516.13219510471
2024-09-08 15:12:00,54527.19,54534.0,54527.18,54534.0,2.89721,55.36523201977989,-10.562081728858175,-12.356173751362824,1.7940920225046497,30.777108056118646,54528.6683964519,54540.341162478115,23.504565677867504,5.370761282560694,11.078542091529433,116.84210526304055,54546.50636796412,59333.902290627455,54527.63704761904,-0.003345194420700467,54539.226282838936,54527.474,54515.72171716107
2024-09-08 15:13:00,54534.0,54543.67,54533.99,54543.66,4.42805,64.58221187517009,-8.73581223799556,-11.632101448689372,2.896289210693812,29.625207353497462,54532.416297338925,54540.59645767211,35.19089654549316,7.571353693692018,10.978646227848781,190.2927941090147,54544.37598588627,59333.900006998796,54529.59866666668,-0.0031721005892716204,54547.40344827275,54529.808000000005,54512.21255172726
2024-09-08 15:14:00,54543.66,54561.99,54543.66,54561.98,5.2594,75.9053280543055,-5.743996400560718,-10.454480439063643,4.7104840385029245,27.82910908360097,54539.807223004194,54542.24134554349,52.26971130169113,13.021463140219794,11.503742925859187,220.42052259118003,54511.0,59333.897305003426,54534.121238095235,-0.002889597043702212,54564.93685565085,54538.802,54512.66714434916
2024-09-08 15:15:00,54561.98,54561.99,54561.98,54561.98,2.41608,75.9053280543055,-3.334522494864359,-9.030488850223787,5.6959663553594275,26.16130354726851,54545.35041725315,54543.7597035786,56.9659735585592,15.611637684843123,10.682761288297442,154.68749999994972,54512.0198,59333.89606375317,54538.206,-0.0025402809581257985,54574.242986779274,54545.759999999995,54517.277013220715
2024-09-08 15:16:00,54561.98,54562.18,54561.98,54562.18,0.91865,76.02581925203361,-1.3928033665361,-7.50295175348625,6.11014838695015,24.626292942819397,54549.55781293986,54545.17664945717,47.10840841491881,16.643268011230308,9.933992624847418,109.08386957357325,54513.019204000004,59333.89559182081,54541.97990476191,-0.002155529606946126,54576.31420420747,54552.76000000001,54529.20579579255
2024-09-08 15:17:00,54562.17,54562.18,54562.17,54562.18,2.16723,76.02581925203361,0.14435895186761627,-5.973489612415476,6.117848564283093,23.200925952973794,54552.71335970489,54546.48459949893,29.474164404018666,17.74682234734924,9.225136008787034,82.02303057871084,54514.98563584001,59333.89447846356,54545.52361904762,-0.0017593564798386058,54573.13308220202,54558.39600000001,54543.658917798
2024-09-08 15:18:00,54562.18,54567.0,54546.0,54546.0,6.43225,48.03958094685733,0.05633103662694339,-4.767525482606993,4.823856519233936,22.444165532546094,54551.03501977867,54546.447322614404,25.73047934474016,17.33500158914537,10.066197722445102,31.178119375670235,54516.873410406406,59333.891162863256,54546.584476190474,-0.0014270487948687348,54571.72923967237,54558.864,54545.99876032763
2024-09-08 15:19:00,54546.0,54551.0,54546.0,54550.99,0.94939,54.2696292747379,0.3847840257003554,-3.7370635809455233,4.121847606645879,21.74145942786323,54551.023764834,54546.79675933638,27.42421643981652,14.47842042057652,9.704326456556165,0.09603512136052958,54519.88100578202,59333.890673996284,54548.13933333333,-0.0011311523227810218,54570.37810821991,54556.666000000005,54542.9538917801
2024-09-08 15:20:00,54551.0,54556.0,54534.0,54534.0,4.089,36.425416964776126,-0.7175936498242663,-3.133169594721272,2.4155759448970056,21.865468143246495,54546.7678236255,54545.81239323359,42.48144139985379,13.534117920103814,10.582588852516439,-70.3888661481379,54522.7081454351,59333.8885609797,54547.157904761894,-0.0009309889885151425,54572.31072069992,54551.06999999999,54529.829279300066
2024-09-08 15:21:00,54534.01,54534.01,54490.0,54490.0,12.07073,18.016012382171212,-5.083073667410645,-3.523150409259147,-1.559923258151498,23.781074994650957,54532.575867719126,54541.519132215624,100.04930928093381,22.290264169867825,12.97026107733684,-226.6366214693945,54567.0,59333.8822661851,54540.18342857143,-0.0009592933264944078,54586.658654640465,54536.634,54486.60934535953
2024-09-08 15:22:00,54490.0,54494.7,54481.01,54481.02,6.75747,16.03166075816202,-9.161748055339558,-4.650869938475229,-4.510878116864329,25.807566306130607,54519.68690078934,54536.86535281442,116.63292639645806,30.057998327015216,13.021671000383856,-179.82013365564893,54565.46,59333.87873568962,54532.41142857143,-0.001169724589612817,54578.71846319823,54520.402,54462.08553680177
2024-09-08 15:23:00,54481.02,54490.57,54472.01,54474.01,13.84226,14.532265258193377,-12.812085560923151,-6.283113062964814,-6.528972497958337,27.921413544623686,54508.26767559201,54532.03032567486,122.78710538157611,36.36818255443325,13.417265928927701,-124.90575671189293,54562.082,59333.87149325701,54524.19019047619,-0.0015159491211635511,54567.39755269079,54506.004,54444.61044730921
2024-09-08 15:24:00,54474.01,54474.01,54461.1,54461.11,4.65064,12.044642405171473,-16.555089754059736,-8.337508401183799,-8.217581352875937,30.14370004953915,54496.47825669401,54526.57491600757,99.39832674757054,40.96132795532339,13.381032648290258,-110.1627323599384,54556.67768,59333.869053533665,54514.658476190474,-0.001981510635474287,54537.72716337379,54488.028000000006,54438.32883662622
2024-09-08 15:25:00,54461.1,54467.73,54433.0,54433.01,6.69216,8.321256879789345,-21.54057634693163,-10.978121990333367,-10.562454356598263,32.74644207112543,54480.61119252051,54519.37761477622,79.2215742362896,46.96035240346638,14.905958887698327,-115.75453239437816,54549.0314656,59333.86552258894,54502.00942857142,-0.0026037839049664166,54507.44078711815,54467.83,54428.21921288186
2024-09-08 15:26:00,54433.0,54443.0,54388.67,54423.7,52.37618,7.410474313920645,-25.943785770439717,-13.971254746354639,-11.972531024085079,35.73237036601204,54466.38339439039,54512.01779825497,90.1213061636663,50.002678640098,17.72196182429143,-128.99031929348754,54537.428319039995,59333.837835334256,54489.0159047619,-0.003332587903739011,54499.63065308184,54454.57000000001,54409.509346918174
2024-09-08 15:27:00,54423.7,54423.7,54387.0,54396.99,14.46329,5.382320841326489,-31.228650295750413,-17.422733856233794,-13.805916439516619,38.52243320244292,54449.035045792785,54503.16950608152,109.4235629508621,52.77345049106551,19.077535979698975,-126.45543729405011,54519.5773207552,59333.830148171044,54473.511523809524,-0.004190626479770456,54492.475781475434,54437.764,54383.05221852457
2024-09-08 15:28:00,54396.99,54397.0,54372.0,54378.79,8.99654,4.398088707909324,-36.46518346748053,-21.23122377848314,-15.233959688997388,41.26589866333235,54431.47378434459,54493.601851767555,114.43795552657684,55.62794685380532,19.500569124006194,-122.83502932477361,54501.01649584947,59333.82534894132,54456.97733333333,-0.005155428486008642,54475.93897776328,54418.719999999994,54361.501022236705
2024-09-08 15:29:00,54378.8,54418.82,54378.79,54409.69,13.18474,30.347739174239308,-37.68736548558809,-24.522452119904134,-13.164913365683955,42.3312957560235,54426.027838258444,54487.14709393928,76.90700442242087,48.042879505327946,20.966957043719955,-73.32703811449429,54480.37385651356,59333.81835938222,54446.30780952381,-0.006029643774809881,54446.88950221121,54408.436,54369.98249778879
2024-09-08 15:30:00,54409.69,54409.69,54379.57,54379.58,5.99366,23.036193752539504,-40.61736717514577,-27.741435130952464,-12.87593204419331,43.320593056379565,54414.415878693835,54478.8727020978,69.42446993218618,41.826969078187034,21.620745826311573,-78.49771137401125,54463.034039471386,59333.815162571314,54433.07399999999,-0.00690173667904659,54432.46223496609,54397.75,54363.03776503391
2024-09-08 15:31:00,54379.58,54387.59,54377.0,54377.01,5.4256,22.481427122030894,-42.655090810279944,-30.724166266817964,-11.93092454346198,44.28857536006596,54405.06440902038,54471.03710962874,51.440931576740695,39.87091444811845,20.83283541014621,-84.6684288526601,54448.468593155965,59333.812267246336,54421.23657142857,-0.0077307446020654326,54414.13246578837,54388.412,54362.691534211626
2024-09-08 15:32:00,54377.01,54381.53,54371.1,54381.53,15.81197,26.230821404260382,-43.404930230281025,-33.26031905951058,-10.144611170770446,45.30299351601801,54399.18080676528,54464.15194734961,49.084595399399404,35.54427917764163,20.08977573799293,-81.52043019682445,54436.23361825101,59333.80383703761,54411.76533333333,-0.008464060919666951,54409.86229769971,54385.32000000001,54360.77770230031
2024-09-08 15:33:00,54381.52,54381.53,54319.0,54359.1,86.84643,20.365178186226004,-45.28705592708138,-35.66566643302474,-9.621389494056643,47.024644120814,54389.160605073965,54456.071028322716,64.99756919741048,31.443147231289693,23.12122032813621,-139.21083393441384,54424.509566965826,59333.757325350096,54400.8698095238,-0.009165657446843908,54413.88078459871,54381.382000000005,54348.8832154013
2024-09-08 15:34:00,54359.1,54359.1,54331.1,54351.99,12.36488,18.76871175720136,-46.81274351372849,-37.89508184916549,-8.917661664563,48.623319682410276,54379.86795380547,54448.06479537482,47.8966404011735,26.434372342408157,23.469704590412196,-141.06239138325245,54403.40765357266,59333.75069379072,54390.85380952381,-0.009823520610057705,54393.79032020059,54369.842000000004,54345.89367979942
2024-09-08 15:35:00,54352.0,54389.99,54351.99,54384.0,12.20524,42.9361244956236,-44.921099958948616,-39.300285471122116,-5.6208144878265,48.25483449698869,54380.9009653541,54443.13673419214,51.18173394589394,21.474871724396856,24.50758283395418,-18.066877391479128,54319.0,59333.74418992756,54386.83923809524,-0.010290027811871834,54396.31686697295,54370.726,54345.135133027055
2024-09-08 15:36:00,54384.0,54429.89,54384.0,54424.0,10.97132,60.54031320677515,-39.736238484874775,-39.38747607387265,-0.34876241100212724,46.113144823711934,54391.67572401557,54441.66467771583,100.80688850267325,21.536246552715397,26.034898345814554,145.6244317803948,54320.4198,59333.73839084914,54389.16752380952,-0.010444897476495782,54430.52744425133,54380.123999999996,54329.72055574866
2024-09-08 15:37:00,54423.99,54451.81,54423.45,54451.8,7.07794,68.61525509498738,-33.00352663499507,-38.11068618609713,5.107159551102065,43.329341857468606,54406.706793011675,54442.44431789154,153.08592672552913,30.317939995684263,26.20097703539927,167.08729530582383,54324.798608000005,59333.73467087368,54395.74552380953,-0.010264281967560211,54470.720963362764,54394.178,54317.635036637235
2024-09-08 15:38:00,54451.8,54467.68,54448.0,54467.68,7.15953,72.47610261581046,-26.085720751070767,-35.70569309909186,9.619972348021093,40.24758181979796,54421.95009475875,54444.38552420758,170.99881815130357,38.63733836052985,25.735192961442202,149.44454428124467,54332.419291520004,59333.730920262315,54404.65238095238,-0.009789647441558889,54501.39340907566,54415.89400000001,54330.394590924356
2024-09-08 15:39:00,54467.67,54482.0,54448.0,54457.81,10.93055,66.38517996278229,-21.155864622625813,-32.79572740379865,11.639862781172837,37.83008681617268,54430.91507106906,54445.41817619162,120.94748017578968,42.9252848049762,26.32553632133919,106.11761630049625,54343.240148198405,59333.725182550574,54412.18066666667,-0.009154619036192564,54497.5317400879,54437.058000000005,54376.58425991211
2024-09-08 15:40:00,54457.81,54457.82,54447.0,54447.0,5.14082,59.78206370603052,-17.914685437972366,-29.819519010633396,11.90483357266103,35.54983062456746,54434.936303301794,54445.53985494611,58.274757491686614,44.03975557546959,25.217998012672087,67.77553845032593,54357.116133378564,59333.72247803099,54418.031428571434,-0.008460247172145496,54478.795378745854,54449.65800000001,54420.52062125417
2024-09-08 15:41:00,54447.0,54447.0,54432.0,54432.01,4.82362,51.292441512825,-16.366927553266578,-27.129000719160036,10.762073165893458,33.1185628264434,54434.204727476346,54444.49909687333,47.38001165782043,42.85373138213277,24.48814101176694,36.41001825781335,54369.60452004071,59333.71993260478,54421.66161904762,-0.007793146966615751,54474.95000582892,54451.26000000001,54427.5699941711
2024-09-08 15:42:00,54432.0,54434.78,54422.47,54422.47,5.05691,46.2738579737493,-15.728804680031317,-24.848961511334295,9.120156831302978,31.18269940170064,54431.27104560726,54442.804550960005,65.92221331819019,41.149147851802354,23.618273796640562,5.7493529536300985,54380.84406803664,59333.71725888051,54423.68628571429,-0.007191959932491529,54478.35510665909,54445.39399999999,54412.4328933409
2024-09-08 15:43:00,54422.47,54422.48,54418.0,54422.47,5.45024,46.2738579737493,-15.04960522458714,-22.889090253984868,7.8394850293977285,29.5366973290317,54429.07078420545,54441.24035473231,55.94564076747338,35.21696070297158,22.251254239737893,-35.96000860028347,54390.95966123298,59333.71437719539,54425.29495238096,-0.0066467192955194584,54464.324820383736,54436.352,54408.37917961626
2024-09-08 15:44:00,54422.47,54422.48,54412.5,54412.51,2.86644,40.340000139904745,-15.140493340986723,-21.33937087138524,6.198877530398516,28.19888942159852,54424.930588154086,54439.030327445216,46.49905118384049,24.68795012060409,21.374736079756843,-88.50361609041953,54400.06369510968,59333.712858561026,54425.453904761904,-0.006185124408340939,54450.54152559192,54427.292,54404.04247440808
2024-09-08 15:45:00,54412.5,54419.54,54381.1,54419.53,8.23634,46.17746884561041,-14.479160744536784,-19.967328846015548,5.488168101478763,27.922133467489903,54423.58044111556,54437.530302257124,25.082184934057295,18.851116207540283,22.593683502631524,-118.91959710732058,54482.0,59333.70850119383,54426.23523809524,-0.005762154170078559,54434.339092467024,54421.797999999995,54409.25690753297
2024-09-08 15:46:00,54419.54,54437.15,54419.54,54437.14,5.97171,58.423442799898176,-12.391231664754741,-18.452109409763388,6.060877745008646,26.92048999170561,54426.97033083667,54437.500279006585,32.12114022031892,18.395238032458092,22.23842039530089,-14.389052709184007,54479.982,59333.70535323645,54428.959619047615,-0.005308824943143543,54438.88457011016,54422.824,54406.76342988984
2024-09-08 15:47:00,54437.14,54437.15,54344.27,54354.84,20.87278,25.66934220188365,-17.1794213411049,-18.197571796031692,1.0181504549267935,27.703144910069504,54408.93774812751,54431.14179600608,113.55158053160994,30.992309297626516,27.284247509922587,-175.4597879218171,54478.004360000006,59333.69416535121,54420.181047619044,-0.005139436111945405,54466.0737902658,54409.297999999995,54352.52220973419
2024-09-08 15:48:00,54354.83,54357.59,54300.0,54304.91,59.78478,18.22910409042005,-24.718095060859923,-19.50167644899734,-5.216418611862583,29.09525147778793,54382.93081109563,54421.43165785177,195.86644584899477,46.378927650785116,29.44894411635644,-216.71205453757074,54472.654985600006,59333.66179941588,54404.78571428572,-0.005336639816416193,54483.7192229245,54385.786,54287.8527770755
2024-09-08 15:49:00,54304.92,54304.92,54189.23,54223.0,86.3531,11.606488508609075,-36.876906720943225,-22.97672250338652,-13.900184217556706,31.473388039517484,54342.948108321725,54406.16768417087,312.8754220612318,72.28854100081426,35.609019536616344,-200.50571003605958,54462.29568646401,59333.614289357036,54378.91742857143,-0.006054418234832912,54504.321711030614,54347.884,54191.44628896938
2024-09-08 15:50:00,54222.99,54248.0,54095.52,54168.0,89.85859,8.978258654162175,-50.37025595068553,-28.455429192846324,-21.914826757839208,34.23969373054153,54299.211081241294,54387.84709308081,380.15821022650925,96.57219662001064,43.95694671257255,-164.41394600533894,54440.45043154689,59333.564319527686,54347.249142857145,-0.0072757057311745215,54487.657105113256,54297.578,54107.49889488675
2024-09-08 15:51:00,54168.01,54191.0,54124.8,54189.16,18.97518,17.59333367972782,-58.67997109135467,-34.50033757254799,-24.179633518806682,36.808406157921006,54271.69831093097,54372.56347053614,283.6373885143694,106.39936157391371,45.54573623310288,-115.89675824101052,54405.9573883922,59333.55381089037,54320.84028571429,-0.00869190968962735,54389.80069425719,54247.982,54106.16330574282
2024-09-08 15:52:00,54190.0,54209.27,54180.0,54180.0,9.29112,16.76885688142832,-65.2524263030864,-40.65075531865567,-24.601670984430726,38.64825593487283,54248.77373319823,54357.75089587951,197.82653080843738,111.84199028586471,44.38318364502387,-76.46132561942012,54374.91364955298,59333.548656232386,54295.71142857142,-0.010193935614033844,54311.92726540422,54213.014,54114.100734595784
2024-09-08 15:53:00,54180.01,54183.0,54114.0,54147.84,14.01592,14.003938550733011,-72.22363849116664,-46.965331953157865,-25.258306538008775,40.75399714445989,54223.54029989867,54341.603903888776,99.5730256048264,115.14089083949993,46.14152767037931,-83.41715785183793,54346.97428459769,59333.54083177844,54269.034380952384,-0.011784632782835832,54231.38651280241,54181.6,54131.813487197585
2024-09-08 15:54:00,54147.84,54189.16,54147.83,54189.15,11.76731,31.431092910593733,-73.56696839930373,-52.28565924238704,-21.28130915691669,42.53260621661499,54214.942724924,54329.876680512716,62.28320020827232,108.86914321011119,45.797847122495206,-54.99985760259066,54321.828856137916,59333.53431497061,54250.81742857142,-0.013195406939193789,54205.97160010414,54174.83,54143.688399895866
2024-09-08 15:55:00,54189.16,54243.55,54189.16,54243.54,14.93033,48.0609068183696,-69.44226142248954,-55.71697967840755,-13.72528174408199,42.73173070264399,54222.092043693,54323.235397396355,123.22864538732392,93.6149991778757,46.41228661374566,1.5493759918656829,54299.197970524125,59333.526133906955,54242.308190476186,-0.01420425801590225,54251.552322693664,54189.938,54128.32367730634
2024-09-08 15:56:00,54243.54,54254.29,54227.0,54234.0,13.40358,45.726693602731864,-66.18031423071807,-57.809646588869654,-8.370667641848414,42.65257327889059,54225.06903276975,54316.37113605818,141.8070282175031,64.50318452050882,45.04640899847817,47.35924726507923,54278.83017347171,59333.51877568179,54234.32190476189,-0.014907089892385983,54269.809514108754,54198.906,54128.00248589125
2024-09-08 15:57:00,54234.01,54261.1,54234.0,54261.09,4.43711,53.43334145450596,-60.70944034279819,-58.38960533965536,-2.3198350031428276,42.4063440091366,54234.07427457731,54312.11874097679,164.71484004688682,47.98072942980369,43.76452264144392,101.33789548699305,54095.52,59333.51635276563,54231.74257142857,-0.015248417331957455,54297.48142002344,54215.123999999996,54132.76657997655
2024-09-08 15:58:00,54261.1,54261.1,54222.29,54227.83,5.81969,44.18879024450785,-58.38451703638566,-58.388587679001425,0.004070642615765507,42.31079783384025,54232.51320593298,54305.634991670886,95.21439472826023,36.60980252687776,43.410628167054895,72.66527853918711,54098.8316,59333.5131540477,54226.265523809525,-0.015422540584960336,54278.729197364126,54231.121999999996,54183.514802635866
2024-09-08 15:59:00,54227.83,54227.84,54192.0,54194.7,8.13122,36.616449234015654,-58.540494308734196,-58.41896900494798,-0.12152530378621407,42.55319911338754,54223.059904449736,54297.10153077313,87.48594129034609,36.27293507332314,42.869869012265006,0.9945718406154478,54102.076968,59333.50865583364,54218.13,-0.015566075480068229,54275.97497064517,54232.231999999996,54188.48902935482
2024-09-08 16:00:00,54194.71,54194.71,54165.0,54165.01,8.72278,30.918634048575825,-60.36400363255234,-58.80797593046886,-1.5560277020834832,43.050581903412414,54208.547428337304,54286.940643790585,133.25876891092048,36.60912733716724,41.929878368531725,-68.44110928757979,54105.25742864,59333.50380249607,54208.177047619036,-0.015759293968643607,54283.15538445546,54216.526,54149.89661554454
2024-09-08 16:01:00,54165.01,54177.0,54141.39,54141.39,11.95976,26.919627474750058,-62.988986679614754,-59.64417808029803,-3.344808599316721,43.736070946805,54191.758071252974,54275.74444042209,171.33918632901623,41.44644245486687,41.47845848506522,-94.0797656295576,54108.3742800672,59333.49711771357,54197.66647619047,-0.01603171424004416,54283.67359316451,54198.004,54112.33440683549
2024-09-08 16:02:00,54141.4,54194.71,54141.4,54194.71,11.30639,45.88110685972426,-60.074326825553726,-59.730207829349176,-0.3441189962045499,43.85241503113439,54192.49605343973,54269.51102192809,117.62782189626887,40.977050378483895,42.32428287898911,-60.01936712364555,54111.42879446585,59333.49086303964,54196.298095238104,-0.016122780416321373,54243.54191094814,54184.728,54125.91408905187
2024-09-08 16:03:00,54194.7,54194.71,54153.12,54155.99,4.38359,37.42040481458569,-60.19492862849438,-59.82315198917822,-0.3717766393161597,43.96044882372597,54183.369540079795,54260.77863562593,85.03624208677502,39.89269825905264,42.27183410191821,-75.68597199770242,54114.42221857653,59333.48841977795,54190.816571428564,-0.016196131723823996,54212.87812104339,54170.36,54127.84187895661
2024-09-08 16:04:00,54156.0,54171.0,54153.29,54163.01,3.72518,39.83422566596065,-59.04343512789637,-59.667208616921855,0.6237734890254814,44.06076591684671,54178.27965505985,54253.25797134702,69.75325543887448,41.55825026992572,40.51741738035256,-69.53621314802828,54117.355774205,59333.486346308215,54186.909238095235,-0.016197710454558898,54198.898627719434,54164.022,54129.14537228056
2024-09-08 16:05:00,54163.0,54163.01,54129.0,54129.0,6.18542,32.53778526201104,-60.18145662883035,-59.77005821930356,-0.4113984095267895,44.44875535272909,54165.959741294886,54243.699665858796,89.20438144178479,43.39489715192467,40.05260185318467,-98.69465000607781,54120.2306587209,59333.48288080356,54178.51476190476,-0.016241833435165928,54201.422190720885,54156.81999999999,54112.2178092791
2024-09-08 16:06:00,54129.0,54135.17,54086.0,54104.01,19.87443,28.013384088785344,-62.38074462382792,-60.292195500208436,-2.0885491236194866,45.26323733784111,54150.47230597117,54232.95430694659,123.39274003158789,46.96528330040297,40.703844577957064,-158.91877850258157,54261.1,59333.4716923237,54167.36123809523,-0.01637081687968309,54211.04037001579,54149.344,54087.6476299842
2024-09-08 16:07:00,54104.01,54129.0,54104.0,54129.0,5.54538,38.30745286108623,-61.399437558655336,-60.51364391189782,-0.8857936467575129,46.019542038302276,54145.10422947838,54224.95782179686,84.8583978441311,37.20972532570866,39.582141393817274,-103.87030071840347,54257.598,59333.46858543145,54160.26342857142,-0.01642943958003003,54178.63119892207,54136.202000000005,54093.77280107794
2024-09-08 16:08:00,54128.99,54129.0,54080.0,54100.01,34.86409,31.947726001004142,-62.243491139408434,-60.859613357399944,-1.38387778200849,46.95945487902863,54133.83067210879,54215.34645088941,90.18807001381356,33.23993830934343,40.25484557997318,-116.5962527553193,54254.16604,59333.44894352113,54149.47971428571,-0.016510666217423746,54170.100035006915,54125.00600000001,54079.9119649931
2024-09-08 16:09:00,54100.0,54109.56,54084.0,54084.0,11.19243,28.781164598614737,-63.47261014268588,-61.38221271445714,-2.0903974282287408,47.832231088274526,54121.373004081586,54205.24287774408,69.98312920281023,34.25965993415665,39.20521375283207,-109.04178374360191,54247.1993984,59333.44261861363,54137.41028571428,-0.016629019335365865,54144.19556460141,54109.204000000005,54074.2124353986
2024-09-08 16:10:00,54084.0,54089.0,54072.01,54086.0,6.18659,29.823859741577053,-63.55271636869293,-61.8163134453043,-1.7364029233886242,48.76464765174891,54112.529753061186,54196.070348686844,64.67781051587372,36.04710936046051,37.61841277048678,-102.48230172562413,54240.511422464,59333.43912387405,54127.12695238095,-0.016727631970869475,54132.94290525794,54100.60400000001,54068.26509474207
2024-09-08 16:11:00,54086.01,54152.12,54084.0,54149.0,10.01933,54.82472678639531,-57.86558915124624,-61.02616858649269,3.160579435246447,47.42741513873923,54121.64731479589,54192.44955263402,101.71344770978612,36.42286658010331,39.79709757259506,15.300649970211252,54230.401337116156,59333.433532020645,54126.65314285715,-0.016549545490911276,54160.45872385489,54109.602,54058.745276145106
2024-09-08 16:12:00,54149.01,54160.58,54140.0,54160.58,8.51087,58.115993424669874,-51.82666510166746,-59.18626788952765,7.35960278786019,45.93559108181682,54131.380486096925,54189.99804858525,129.68913911709387,30.79487778329889,38.42444774598125,97.5969456227175,54220.89785688919,59333.42879266763,54128.790857142856,-0.016119710534505113,54180.76256955854,54115.91799999999,54051.07343044144
2024-09-08 16:13:00,54160.58,54171.97,54134.07,54136.0,12.99283,49.01929307833707,-48.46549480525573,-57.04211327267327,8.57661846741754,44.21071643513847,54132.535364572694,54185.84435254024,128.33941239089472,29.24600479683225,38.38698719269697,90.09801245827732,54211.96458547584,59333.42152313289,54128.29171428571,-0.015596620003584041,54187.28570619545,54123.116,54058.946293804554
2024-09-08 16:14:00,54136.0,54161.1,54135.99,54161.1,6.86118,57.22397480647238,-43.2775067404873,-54.289191966236075,11.011685225748778,42.60904712036573,54139.67652342952,54183.94094080638,111.29822699684883,28.968291629116596,37.43863096464723,96.97340262919019,54203.567310347295,59333.41770282542,54131.69828571429,-0.014912705182486491,54194.185113498424,54138.536,54082.886886501576
2024-09-08 16:15:00,54161.1,54210.0,54153.12,54209.99,8.37939,68.91659874632505,-34.81959578672104,-50.39527273033307,15.57567694361203,39.750831335459,54157.25489257214,54185.94471459051,100.2711299044895,39.842546729759924,38.82730018145795,147.12869809235292,54072.01,59333.41308128649,54141.66076190476,-0.013945227828253089,54213.46956495224,54163.333999999995,54113.19843504775
2024-09-08 16:16:00,54209.99,54227.84,54189.02,54227.84,10.54023,72.24100932354703,-26.372291241321363,-45.590676432530735,19.21838519120937,37.153487515316144,54174.901169429104,54189.16742885278,136.87226104699948,48.491709301999606,38.82677873992522,142.38154997276243,54074.7698,59333.407288230956,54153.349904761904,-0.012737707905156144,54247.5381305235,54179.102,54110.6658694765
2024-09-08 16:17:00,54227.83,54265.97,54218.52,54218.53,25.17364,67.70866321669294,-20.196171825511556,-40.5117755111269,20.315603685615343,35.55823884721142,54185.80837707183,54191.4260881718,143.04396136841387,53.36264041578732,39.44272311564516,135.95423346790218,54080.892608,59333.39342727555,54163.48219047619,-0.011429782736532834,54262.2139806842,54190.691999999995,54119.17001931579
2024-09-08 16:18:00,54218.52,54231.1,54187.14,54194.01,19.30732,56.50460975570889,-17.083187419098977,-35.826057892721316,18.74287047362234,33.29847173937462,54187.85878280387,54191.62485062012,93.65475989942206,51.165399038954014,39.76538575024187,62.90233878739004,54091.99725152,59333.3827454854,54169.749523809514,-0.010176706420648137,54249.121379949705,54202.293999999994,54155.46662005028
2024-09-08 16:19:00,54194.01,54220.0,54194.0,54220.0,4.81908,64.06746589108252,-12.37628297055926,-31.136102908288905,18.759819937729645,31.20011656781188,54195.894087102904,54193.80755441858,46.085804882488446,45.70402672436265,38.78214391093888,60.40063316708567,54102.4356164288,59333.380092815314,54179.18695238095,-0.00890069686828351,54237.116902441245,54214.074,54191.031097558756
2024-09-08 16:20:00,54220.0,54250.0,54219.99,54250.0,7.41677,71.04189891970184,-6.154334665057831,-26.13974925964269,19.98541459458486,29.90511759787081,54209.42056532718,54198.13005023253,71.94570377419586,38.56607969800489,38.15556220301482,103.09794772475495,54112.24767944307,59333.37603420036,54191.75771428571,-0.0075386485915454925,54258.0488518871,54222.076,54186.1031481129
2024-09-08 16:21:00,54249.99,54255.0,54240.77,54255.0,9.66874,72.12403281887751,-0.810593574817176,-21.07391812267759,20.263324547860414,28.80695705828868,54220.81542399539,54202.50466175311,89.81386175582884,39.76741062379969,36.44659347422827,108.11982365307016,54121.471018676486,59333.37074847321,54203.60476190476,-0.006144694262041369,54272.41493087791,54227.507999999994,54182.60106912208
2024-09-08 16:22:00,54254.99,54258.0,54233.17,54233.17,11.2991,60.31529782701121,1.6439111947402125,-16.53035225919403,18.17426345393424,27.568237661203035,54223.90406799654,54204.863533925956,88.17035131753073,37.67195290269493,35.616836797497804,74.81689034838502,54130.140957555894,59333.36454491876,54211.341142857134,-0.004855882950483794,54274.52117565877,54230.436,54186.350824341236
2024-09-08 16:23:00,54233.18,54233.18,54196.0,54220.53,9.77051,54.154556658370815,2.53990312309179,-12.716301182736865,15.256204305828655,25.764024547673404,54223.060550997405,54206.068646700885,58.24065030019847,27.075169619985893,35.728491311962266,-24.244419116486878,54138.29070010254,59333.35916732501,54216.124,-0.0037289508280474353,54264.86032515009,54235.73999999999,54206.61967484989
2024-09-08 16:24:00,54220.54,54234.29,54204.47,54221.0,5.5823,54.36255450739846,3.250439213690697,-9.522953103451353,12.77339231714205,24.059756634667963,54222.54541324805,54207.21721233928,57.39161391167727,17.914412849194374,35.30645621825065,-28.544868910284006,54145.95145809639,59333.356095168856,54219.66923809524,-0.002749925165562576,54264.63580695583,54235.93999999999,54207.24419304415
2024-09-08 16:25:00,54221.0,54238.5,54220.82,54238.49,14.1837,62.050965567665266,5.165298666855961,-6.585302749389891,11.750601416245852,22.36140801872084,54226.53155993603,54209.6228113901,50.96303134053596,17.52265736313902,34.04742363123277,24.043062200927533,54153.152570610604,59333.348316050025,54224.26076190477,-0.0018436701466856492,54259.11951567027,54233.638,54208.15648432973
2024-09-08 16:26:00,54238.49,54250.0,54227.3,54227.3,10.90816,54.944393356736015,5.714031302057265,-4.125435939100461,9.839467241157726,21.064239524025197,54226.72366995203,54210.98259512933,27.82871904145577,17.523547616448717,33.23689337185879,35.03140048654,54159.92161637397,59333.342320293305,54226.50800000001,-0.0010618356370291036,54242.012359520726,54228.098,54214.18364047927
2024-09-08 16:27:00,54227.31,54239.99,54227.3,54232.01,5.4449,57.40821645692504,6.454559363228327,-2.0094368786347037,8.46399624186303,19.85972592180781,54228.04525246403,54212.60008781169,27.207127953748568,17.2472599099069,31.76925813101138,13.03340083440793,54166.284519391535,59333.33933022676,54228.747809523804,-0.0003779117922307803,54241.469563976876,54227.866,54214.26243602313
2024-09-08 16:28:00,54232.01,54237.19,54230.0,54230.01,3.61037,55.85193117609266,6.801644774539454,-0.24722054799987214,7.048865322539326,18.741249005463096,54228.53643934803,54213.93931182618,22.91737863427261,12.080561841300232,30.013596835939303,-9.739862799642149,54172.26564822804,59333.337346816894,54229.80657142857,0.00020455402348360278,54241.22068931714,54229.762,54218.303310682866
2024-09-08 16:29:00,54230.0,54250.0,54230.0,54250.0,3.28729,66.68438854214861,8.590710042371938,1.52036557007449,7.070344472297449,18.103401369719545,54233.902329511024,54216.713210916474,32.43360978044802,12.285491758010648,29.298339919086494,82.44110431421471,54177.887909334364,59333.335547971015,54232.87438095238,0.0007656499723197161,54251.77880489022,54235.562,54219.345195109774
2024-09-08 16:30:00,54249.99,54285.26,54247.52,54247.52,13.85424,64.33433254964191,9.69666476740531,3.155625409540654,6.541039357864655,18.464019994032817,54237.30674713327,54219.082963922905,37.81400168412074,11.98730851833744,29.90131563915212,188.32917705738961,54183.172834774305,59333.327963074305,54235.23047619048,0.001277878731000497,54256.27500084206,54237.368,54218.46099915794
2024-09-08 16:31:00,54247.52,54255.91,54243.54,54254.65,5.23208,68.2006013030029,11.021425138671475,4.728785355366819,6.292639783304656,18.643503513828467,54241.64256034995,54221.818889774986,39.7810709168989,11.924402801837553,28.6490788077843,98.50149850151242,54191.33980799236,59333.32510264535,54238.3498095238,0.0017585473277550823,54262.72853545845,54242.838,54222.947464541554
2024-09-08 16:32:00,54254.65,54254.66,54232.0,54245.0,7.57312,57.99074956489023,11.163941952188907,6.015816674731237,5.14812527745767,18.358479867255504,54242.481920262464,54223.60205209999,33.38130691362312,12.253370373669869,28.221287464371386,34.09769382519402,54198.85342335297,59333.32095448582,54239.838476190474,0.002159200270657466,54262.12665345681,54245.436,54228.74534654319
2024-09-08 16:33:00,54245.01,54250.0,54238.0,54242.99,3.88196,55.89911340277704,10.98803413425776,7.0102601666365425,3.977773967621217,18.093815052580606,54242.60894019685,54225.09343270768,16.252778323338134,10.960316751494565,27.06262407405914,17.38630766708768,54205.76594948473,59333.31882731358,54240.57352380952,0.002477564927657099,54256.158389161676,54248.03200000001,54239.90561083834
2024-09-08 16:34:00,54243.0,54261.1,54240.0,54240.01,18.38774,52.52839112602722,10.487274058847106,7.705662945078656,2.7816111137684505,18.183944106041594,54241.959205147636,54226.24086096094,19.84477289498318,8.981184280022175,26.636722354483386,37.874116408513174,54212.12547352596,59333.308745629525,54240.69228571428,0.0027115399680974974,54255.95638644749,54246.034,54236.11161355251
2024-09-08 16:35:00,54240.01,54240.01,54206.6,54206.6,20.58474,29.001038581397864,7.310242386563914,7.626578833375708,-0.3163364468117944,16.97607708507895,54233.11940386073,54224.73002550242,65.50749748968519,14.096627530617795,27.120527900591963,-173.28741118414428,54285.26,59333.29738538215,54236.45152380953,0.0027532460348937172,54270.60374874484,54237.85,54205.096251255156
2024-09-08 16:36:00,54206.02,54237.0,54206.01,54230.0,6.15263,48.418535903402734,6.604474069114076,7.4221578805233825,-0.8176838114093066,15.833698473399135,54232.339552895544,54225.13540815608,56.53651764499955,13.901744773124767,27.39691876483525,-103.12589005974105,54283.6868,59333.29400539426,54235.79171428571,0.0027432981293427374,54261.1882588225,54232.92,54204.6517411775
2024-09-08 16:37:00,54230.0,54238.5,54227.0,54238.49,4.49876,53.90698288941323,6.6535219791621785,7.268430700251143,-0.6149087210889643,14.82813148841524,54233.877164671656,54226.162684451774,52.92985701322323,13.74795212885848,26.261424567347017,-39.84401824692567,54280.579728000004,59333.29153808512,54236.294095238096,0.002724405468212118,54258.08292850661,54231.617999999995,54205.15307149338
2024-09-08 16:38:00,54238.5,54238.5,54214.06,54227.99,7.03808,46.55528498212163,5.7785193790114135,6.970448436003197,-1.1919290569917838,14.13505371492953,54232.40537350374,54226.30324718625,47.81064487621188,13.900986094661626,26.131322812536684,-69.47971176118156,54277.59693888001,59333.28767015583,54235.22542857144,0.0026571793925763264,54252.5233224381,54228.617999999995,54204.71267756189
2024-09-08 16:39:00,54228.0,54228.0,54210.0,54210.0,7.77819,36.36017890008443,3.5920242435167893,6.294763597505916,-2.702739353989127,13.642861618810773,54226.8040301278,54225.04915124885,49.02449318001163,15.79429126692566,25.550514040212637,-105.84689308725517,54274.73346132481,59333.28338042684,54231.691523809524,0.002490461170929664,54247.12824659,54222.615999999995,54198.10375340999
2024-09-08 16:40:00,54210.0,54210.01,54173.01,54179.01,8.06841,25.02966773681993,-0.6341132471934543,4.9089882285660424,-5.543101475759497,14.376889800635288,54214.855522595855,54221.50767807587,84.735676569122,22.758187585505873,26.368334465911737,-191.32390322677537,54271.98452287182,59333.2789037309,54224.29695238095,0.0021477517543316343,54259.46583828456,54217.098,54174.73016171544
2024-09-08 16:41:00,54179.0,54183.0,54179.0,54179.01,1.78833,25.02966773681993,-3.9379632670097635,3.1395979294508813,-7.077561196460644,15.058487398043766,54205.89414194689,54218.23862591619,98.11063585442025,25.165009392593994,24.77059628977518,-152.3079123656029,54266.04605149951,59333.27791149065,54217.36228571428,0.0016976873199640208,54255.95531792721,54206.9,54157.84468207279
2024-09-08 16:42:00,54179.0,54222.0,54179.0,54221.99,5.11123,53.7888933430256,-3.052968686897657,1.9010846061811737,-4.954053293078831,14.096304855436781,54209.918106460165,54218.52719315341,83.58679840622062,23.620545599012427,26.07269655479124,-33.80466494808328,54260.46388840953,59333.27509921661,54216.66304761905,0.0013465709876201903,54245.39339920311,54203.6,54161.80660079689
2024-09-08 16:43:00,54222.0,54224.93,54221.99,54224.93,2.02089,55.19958454825966,-2.0902752843976486,1.1028126280654091,-3.193087912463058,13.098572024482094,54213.671079845124,54219.01971675699,80.82740824628854,22.106200964004074,24.42036108659203,50.127041742301316,54255.21665510496,59333.2739879336,54216.43219047618,0.0010847868351763444,54243.40170412314,54202.988,54162.57429587685
2024-09-08 16:44:00,54224.93,54271.0,54224.93,54270.99,29.14776,71.53558416055085,2.362094478638028,1.354668998179933,1.0074254804580949,13.553563113612823,54228.000809883844,54223.01743085262,137.08662594012276,27.41006945866657,25.96676386612115,146.36405327330036,54173.01,59333.258104218105,54222.58142857144,0.001057903487232178,54283.72931297006,54215.186,54146.64268702994
2024-09-08 16:45:00,54271.0,54311.0,54252.0,54310.86,26.73309,79.35510184117116,9.004012731980765,2.8845377449400997,6.1194749870406655,14.865875888865546,54248.71560741289,54229.774551556264,181.02516060287599,39.41225907647616,28.32628073282678,182.8227571116082,54174.9698,59333.24365116978,54233.82314285714,0.0013310942671060193,54332.068580301435,54241.556,54151.04341969856
2024-09-08 16:46:00,54310.87,54388.4,54310.87,54373.0,37.27276,86.36209411780719,19.0622220446312,6.12007460487832,12.94214743975288,17.26977538348125,54279.786705559665,54240.791893744245,226.83744305290747,60.16321641968735,31.84154639476779,188.91608371039953,54180.411007999995,59333.22374938708,54252.814857142854,0.002014808937956104,54393.772721526446,54280.35399999999,54166.93527847354
2024-09-08 16:47:00,54373.01,54373.01,54352.0,54353.02,5.11699,76.36204922989585,25.13150601272355,9.922360886447366,15.209145126276182,19.501967771338688,54298.095029169745,54249.42482499469,215.55492568353657,69.28623486804157,31.067864509427377,126.9356515472812,54192.89034752,59333.22100617833,54267.92352380953,0.0028682200907726753,54414.337462841766,54306.56,54198.78253715823
2024-09-08 16:48:00,54353.01,54356.0,54339.0,54340.01,19.89298,70.02623251871334,28.562409338002908,13.650370576758476,14.912038761244432,21.09380594897888,54308.57377187731,54256.392915379714,142.28693478365312,73.35577674726373,30.06301704446828,82.148062304805,54204.6209266688,59333.21031375825,54280.249619047616,0.003746132993538981,54400.71946739183,54329.576,54258.432532608174
2024-09-08 16:49:00,54340.0,54341.0,54340.0,54341.0,1.93167,70.25161881779945,31.00391582546581,17.121079626499945,13.882836198965865,22.571941399644768,54316.68032890798,54262.901152658196,80.88806192475022,73.88327568972898,27.987087255577684,62.129470935578276,54215.64767106868,59333.209275699424,54291.75533333333,0.004598937579807005,54384.02203096238,54343.578,54303.133969037626
2024-09-08 16:50:00,54340.99,54361.1,54340.99,54344.0,7.23793,71.04339268071253,32.80277229483909,20.257418160167774,12.545354134671314,24.257085273837948,54323.51024668099,54269.13952553065,49.143323146228795,67.08818688020884,27.424438165893605,58.04387972534845,54226.012810804554,59333.20538845437,54302.38104761905,0.005400048304576466,54374.777661573105,54350.20599999999,54325.63433842688
2024-09-08 16:51:00,54344.01,54387.0,54344.0,54366.2,10.94287,76.57890668409448,35.609252180591284,23.327784964252476,12.281467216338807,26.185128329651487,54334.182685010746,54276.605715874444,39.26124972375692,56.06478879131986,28.536978296901204,70.2221011510814,54235.75604215628,59333.19953757453,54314.881047619056,0.006201461481110137,54368.476624861876,54348.846,54329.21537513812
2024-09-08 16:52:00,54366.2,54367.0,54360.0,54367.0,8.0286,76.77093280370427,37.466075428055774,26.155443057013137,11.310632371042637,27.975454024335484,54342.38701375806,54283.55912234564,49.14498226507567,47.55780432506957,26.998622704265404,67.03978564753152,54244.914679626905,59333.195245582385,54326.27142857143,0.006959340790769201,54376.214491132545,54351.64200000001,54327.06950886747
2024-09-08 16:53:00,54366.99,54380.0,54360.0,54360.0,25.27404,70.68574120609627,37.93548309569451,28.511451064749412,9.424032030945096,29.81940650455914,54346.79026031854,54289.43918985752,44.159415596019244,30.973937503160236,26.498721082532164,76.79247288963349,54253.52379884929,59333.18171539133,54335.404571428575,0.00761662160661234,54377.71970779801,54355.64,54333.56029220199
2024-09-08 16:54:00,54360.01,54360.01,54333.0,54333.01,3.06863,51.718331173043396,35.71789100514434,29.9527390528284,5.765151952315939,30.38465883627282,54343.34519523891,54292.790790637715,53.498744675016496,18.89385226313658,26.535241005208583,-90.08568368432091,54261.61637091833,59333.18006372218,54339.51047619047,0.008066145378221303,54380.7913723375,54354.041999999994,54327.292627662486
2024-09-08 16:55:00,54333.01,54387.11,54333.0,54387.0,21.59706,70.63376152808274,37.880314398527844,31.538254121968286,6.3420602765595575,31.36059810095831,54354.25889642918,54300.03765289635,69.51256923527399,17.163729587256725,28.504866647693724,85.38054867595712,54269.22338866323,59333.16856479946,54349.34838095238,0.008535796964976503,54397.39828461763,54362.64199999999,54327.885715382356
2024-09-08 16:56:00,54387.0,54396.88,54386.99,54396.88,1.41768,72.9600555864192,39.93098441444454,33.21680018046354,6.714184233981001,32.41822987955869,54364.914172321885,54307.48706421202,89.10807730843953,20.966219497375643,27.17523331571556,164.94936072404593,54276.37398534344,59333.16781149371,54358.52276190476,0.009017579531624227,54413.332038654225,54368.778000000006,54324.223961345786
2024-09-08 16:57:00,54396.88,54396.88,54386.0,54392.0,3.39622,69.68801625299332,40.6932930090843,34.71209874618769,5.981194262896608,33.35733319387162,54371.685629241416,54313.98805927264,96.20690953117446,23.26703266217381,26.011288078878547,128.1542599207973,54286.01446651596,59333.16600507762,54365.38085714286,0.00945152929434511,54421.88145476559,54373.778000000006,54325.67454523442
2024-09-08 16:58:00,54391.99,54399.0,54391.99,54399.0,2.75224,71.86028019044008,41.38520666005206,36.04672032896057,5.338486331091495,34.26592591763372,54378.514221931066,54320.527439328594,98.54207548777049,24.32622126692517,24.654053216101655,111.76669566057556,54294.883709194684,59333.164543262996,54371.58114285714,0.009841462336447792,54430.84903774389,54381.578,54332.306962256116
2024-09-08 16:59:00,54398.99,54399.0,54394.0,54399.0,3.13971,71.86028019044008,41.455677963116614,37.12851185579178,4.327166107324835,35.10961916112711,54383.6356664483,54326.56379014948,18.614694444622728,23.923120778789006,23.25019227209439,85.30073639479485,54305.29533827522,59333.16287565004,54376.56228571429,0.01016586666194036,54404.08334722231,54394.776,54385.46865277769
2024-09-08 17:00:00,54398.99,54414.0,54394.0,54413.99,5.26284,76.95327792035253,42.234244619787205,38.14965840859087,4.0845862111963385,36.16900337540232,54391.224249836225,54333.288883214904,29.464717361552175,24.273738988177275,23.018035681230508,96.85489765250863,54314.66580444769,59333.16008886093,54382.70266666667,0.010466470062749108,54414.906358680775,54400.174,54385.44164131922
2024-09-08 17:01:00,54414.0,54429.0,54404.0,54429.0,5.36751,81.07010187545627,43.56030972550798,39.231788671974286,4.3285210535336915,37.40884487521081,54400.66818737717,54340.65127681376,53.21810069057392,27.773410225969116,23.15960456114261,119.58165089032177,54326.58590791397,59333.15725532254,54390.454000000005,0.010771717145150895,54433.207050345285,54406.598,54379.98894965471
2024-09-08 17:02:00,54429.0,54444.0,54378.0,54378.01,15.68218,46.91068393885966,40.03525748952961,39.39248243548535,0.6427750540442645,37.266757052360795,54395.00364053288,54343.52502475117,68.11942619508773,27.07152905878124,26.21963280677528,38.508263879099566,54340.92388080601,59333.148890555174,54390.683047619044,0.010862370453881116,54437.85971309755,54403.8,54369.74028690246
2024-09-08 17:03:00,54378.01,54378.01,54348.0,54352.18,3.94118,37.34523110311233,34.75670935603557,38.465327819595394,-3.708618463559823,35.898421622975256,54384.29773039966,54344.19079207801,108.12203461492027,28.089354033593345,26.49037332057719,-171.58896614606866,54444.0,59333.14677740295,54387.106190476195,0.010691225394146457,54448.49701730746,54394.436,54340.37498269254
2024-09-08 17:04:00,54352.18,54365.5,54347.1,54365.5,4.60182,44.36528867038625,31.287570968197542,37.029776449315825,-5.742205481118283,34.593128445069134,54379.59829779975,54345.82996191816,116.55390499401256,22.30456186581483,25.91248951196464,-149.72792607802936,54444.0,59333.14431663421,54385.19885714286,0.010379130281633116,54446.012952497,54387.736,54329.45904750299
2024-09-08 17:05:00,54365.5,54365.5,54199.73,54254.99,60.19916,20.97165090031045,19.39741900086665,33.50330495962599,-14.105885958759345,34.39510601050268,54348.446223349805,54338.84227253985,227.13014412393386,48.63136451370751,35.90231168968122,-220.16539193231992,54440.124,59333.11140996093,54368.35209523809,0.009568262791526366,54469.50107206197,54355.936,54242.370927938035
2024-09-08 17:06:00,54254.98,54303.99,54254.98,54303.99,8.98398,38.286240439417824,13.769551573466742,29.556554282394146,-15.787002708927403,34.21122803554811,54337.33216751235,54336.161328498325,182.0401783400448,53.28484766918262,36.8385751404179,-126.64207428636344,54425.70036,59333.106546469775,54359.09780952382,0.008615806109989256,54421.954089170016,54330.933999999994,54239.91391082997
2024-09-08 17:07:00,54303.98,54310.87,54295.0,54300.01,5.955,37.485736313020084,8.885842887342733,25.422412003383865,-16.536569116041132,33.83094885330879,54328.001625634264,54333.38045707538,158.78705025999807,56.661595547717035,35.34081977324538,-79.19608234411986,54412.142138400006,59333.10332017547,54349.912952380946,0.007578341955816838,54394.727525129994,54315.333999999995,54235.940474869996
2024-09-08 17:08:00,54300.0,54300.0,54223.8,54223.81,14.51949,25.321905298738372,-1.1203202472170233,20.113865553263686,-21.23418580048071,34.48726399405604,54301.9537192257,54324.95196037727,192.68551182324882,68.88047267231421,38.26004693229921,-109.99728953055713,54399.397410096004,59333.095334742386,54331.13942857143,0.006239729089535958,54386.00275591162,54289.659999999996,54193.31724408837
2024-09-08 17:09:00,54223.81,54241.99,54214.06,54217.99,15.77322,24.59056075782962,-9.41141307062935,14.20880982848508,-23.62022289911443,35.21246751471736,54280.96278941927,54316.724117271326,145.71700299881923,75.69754927046114,37.522186437135005,-109.0696671424105,54387.41736549024,59333.08664992918,54312.62990476191,0.004723861999549833,54333.016501499405,54260.157999999996,54187.299498500586
2024-09-08 17:10:00,54217.99,54222.0,54171.48,54186.16,15.92847,20.672178585011835,-18.339176244859118,7.699212613816241,-26.038388858675358,36.352861678988454,54257.26209206445,54306.68072363507,188.7807918277831,79.76210135974311,38.45060169162514,-124.59523932681239,54376.156123560824,59333.077825089276,54291.486000000004,0.0030307497438585265,54340.7823959139,54246.39200000001,54152.001604086116
2024-09-08 17:11:00,54186.15,54193.0,54095.21,54145.0,62.75184,16.57403943265416,-28.408287834412477,0.4777125241704967,-28.886000358582972,38.05883786419856,54229.196569048334,54294.243744893916,204.30704415540094,79.74785773492496,42.689130142223405,-144.55903303029908,54359.78203367596,59333.0427809976,54266.86095238095,0.001137748868351384,54316.747522077705,54214.594000000005,54112.440477922304
2024-09-08 17:12:00,54145.0,54168.0,54131.17,54131.17,11.12148,15.347278631283316,-37.07669961729698,-7.033169904122999,-30.04352971317398,39.64295860760795,54204.689926786246,54281.69961067131,149.73533120786306,81.72897560412162,42.270620846350425,-112.77956942879848,54333.32483030837,59333.03655364219,54242.74428571429,-0.0008597958648445781,54255.69366560393,54180.826,54105.95833439607
2024-09-08 17:13:00,54131.18,54168.98,54041.61,54131.0,58.17185,15.330540884715276,-43.459225092570705,-14.318380941812542,-29.140844150758163,41.68684018309086,54186.26744508969,54270.10733292737,137.62239342546673,80.3433508550823,48.34914792875416,-114.67353285741905,54309.513347277534,59333.003980106856,54221.15571428571,-0.0028405560954551353,54231.075196712736,54162.264,54093.45280328727
2024-09-08 17:14:00,54130.99,54142.0,54128.85,54136.01,6.52057,18.47486416752544,-47.56485929579503,-20.96767661260904,-26.59718268318599,43.58473021746784,54173.703083817265,54259.792153471426,83.10893769237737,67.86377620687746,45.8349230767004,-71.8236711110159,54277.36494560423,59333.000332432224,54202.78752380953,-0.00470151803910947,54187.42246884619,54145.868,54104.31353115381
2024-09-08 17:15:00,54136.0,54205.36,54136.0,54192.01,11.2773,45.58162076838903,-45.77223812401644,-25.92858891489052,-19.84364920912592,43.64044256165429,54178.27981286295,54254.57814166593,92.21300127607537,65.38113772291914,47.515285714078985,-12.707137782840544,54249.07435213173,59332.99409178388,54194.53342857143,-0.0061918468336835866,54193.14450063804,54147.038,54100.93149936196
2024-09-08 17:16:00,54192.01,54231.58,54186.01,54228.0,18.48088,56.68793549092011,-40.97514474869968,-28.93790008165235,-12.037244667047325,43.07844807590666,54190.70985964721,54252.53366923009,158.29242560570128,55.14185355311754,47.37633673450189,65.52628191373896,54041.61,59332.98393643574,54193.335047619046,-0.007228417603678182,54242.78421280285,54163.638,54084.49178719715
2024-09-08 17:17:00,54228.01,54228.01,54196.86,54199.0,10.38611,47.34477466763807,-39.06317535493872,-30.962955136309628,-8.100220218629094,42.55659605342671,54192.78239473541,54248.41569467393,150.798111301061,39.64499173837327,46.21731268203757,68.14528905147073,54045.409400000004,59332.97819680617,54189.69866666666,-0.008006675525292868,54252.603055650536,54177.204000000005,54101.804944349475
2024-09-08 17:18:00,54199.0,54228.0,54198.99,54203.0,9.72293,48.74307033223736,-36.80094092559011,-32.130552294165724,-4.670388631424387,42.072019175409615,54195.33679605156,54244.92217969902,121.32727299246471,37.5217135942097,44.988218919035035,78.60841537505135,54049.132812,59332.97282786477,54188.054476190475,-0.008548460805677302,54252.26763649624,54191.60400000001,54130.940363503774
2024-09-08 17:19:00,54203.0,54203.01,54156.0,54178.91,11.34773,40.8946525528122,-36.53086049319245,-33.01061393397107,-3.520246559221377,42.120454759035376,54191.23009703867,54239.84431972217,64.55902827400132,34.69949682535913,45.13263185338982,20.288467574869628,54052.78175576001,59332.966532307815,54184.745904761905,-0.008978527549923107,54232.463514136994,54200.183999999994,54167.90448586299
2024-09-08 17:20:00,54178.92,54182.0,54152.0,54155.82,5.57899,34.504473653880254,-37.74489023426577,-33.95746919403001,-3.787421040235756,42.20946654149988,54182.377572779005,54233.38091051277,97.02561791491462,34.7498819172828,44.051729578147686,-19.574226463370998,54056.35772064481,59332.96342330414,54179.08323809524,-0.009380841117660566,54241.45880895745,54192.945999999996,54144.43319104254
2024-09-08 17:21:00,54155.81,54173.0,54153.12,54171.31,4.5912,41.82274414254561,-37.03024242188985,-34.57202383960198,-2.45821858228787,42.29212033950263,54179.61067958425,54228.60622508872,70.1643362678733,33.625228771458524,42.32517746542266,-21.492232700679477,54059.86216623191,59332.960872424126,54176.89704761905,-0.009673291267402875,54216.69016813393,54181.60799999999,54146.525831866056
2024-09-08 17:22:00,54171.32,54224.0,54153.12,54224.0,8.01172,60.045687049146146,-31.84514521935489,-34.02664811555257,2.181502896197678,40.96221377366453,54190.708009688184,54228.251900081894,96.46633653171011,33.72339794305861,44.36480764646371,50.44316138190351,54063.29652290727,59332.95646654128,54182.961904761905,-0.009671143022728215,54234.84116826585,54186.60799999999,54138.37483173414
2024-09-08 17:23:00,54224.0,54233.99,54191.1,54194.97,6.89182,49.7440448488741,-29.735622964151844,-33.16844308527242,3.432820121120578,39.478534605621306,54191.77350726614,54225.691753921754,92.88922178525536,28.68495403025166,44.259464243144826,54.986711236535335,54066.66219244913,59332.95265499528,54185.154285714285,-0.009557261173519701,54231.44661089263,54185.002,54138.55738910737
2024-09-08 17:24:00,54194.97,54216.93,54194.97,54216.92,5.68113,56.513420663411395,-25.99299871333642,-31.733354210885224,5.740355497548805,38.10083252100974,54198.06013044961,54225.01700362009,104.13946942334587,23.178465387538367,42.66664536863442,55.03568823218406,54073.35530475116,59332.94952645283,54190.49257142858,-0.00927576251121553,54244.67373471168,54192.60400000001,54140.534265288334
2024-09-08 17:25:00,54216.93,54216.93,54169.03,54175.92,12.66293,43.4077570212845,-26.03518200727558,-30.593719770163297,4.558537762887717,37.26718426771529,54192.525097837206,54221.24031103393,84.54230261666817,24.058372831015905,43.04045641373206,-20.299567213254594,54079.780692561115,59332.942497231,54190.07123809523,-0.00902348169450929,54238.89515130833,54196.623999999996,54154.35284869166
2024-09-08 17:26:00,54175.92,54211.0,54175.92,54211.0,8.93734,54.291157696836834,-22.973129807287478,-29.069601777588133,6.096471970300655,36.493082318227586,54197.143823377904,54220.452594800554,68.92022869690845,21.959654241051044,42.4718523841799,34.585560571092834,54085.94906485867,59332.9375698518,54194.03276190477,-0.008657749482545595,54239.02211434845,54204.562,54170.101885651544
2024-09-08 17:27:00,54210.99,54223.91,54209.0,54223.91,2.50782,57.869274796284685,-19.28242646191211,-27.112166714452933,7.829740252540823,35.3843808361274,54203.83536753343,54220.718549046665,68.83910495956661,24.02124133967134,40.50314864245301,108.82487863649945,54091.87070226433,59332.936190714514,54198.95533333334,-0.008168326230322149,54238.96355247979,54204.54400000001,54170.124447520226
2024-09-08 17:28:00,54223.9,54223.91,54202.0,54213.96,5.46726,53.962448859576966,-16.9648392088493,-25.082701213332207,8.117862004482909,34.49368339533296,54206.36652565007,54220.19866065846,67.07029270540806,24.63967856818877,39.17506659656376,71.9563703875889,54097.55547417376,59332.9331782255,54201.66638095239,-0.0076369029044837,54241.87714635271,54208.342000000004,54174.8068536473
2024-09-08 17:29:00,54214.0,54214.0,54191.14,54192.01,3.55559,45.780620141998284,-16.7067313700245,-23.40750724467067,6.700775874646169,33.88389802241634,54202.77739423755,54218.030302146275,68.69778619175486,23.92838490974046,38.009704696809244,-6.096466544002531,54103.012855206805,59332.93121067785,54200.70838095238,-0.007164270054084649,54237.70889309588,54203.36,54169.01110690412
2024-09-08 17:30:00,54192.0,54204.0,54192.0,54200.0,5.21724,49.14849572176845,-15.676741110321018,-21.861354017800743,6.184612907479725,33.31766874756519,54202.08304567816,54216.64335582733,44.44051452886197,18.81004247002075,36.151868647037155,-44.63946817032304,54108.25194099853,59332.928328117,54200.81571428571,-0.0067085784243933536,54230.39625726443,54208.176,54185.95574273557
2024-09-08 17:31:00,54200.0,54220.36,54197.0,54219.61,14.37065,57.01268370512701,-13.12678587994742,-20.11444039023008,6.98765451028266,32.21157858923004,54206.46478425863,54216.87155922523,48.17002391083224,15.918773960098589,35.2381637436774,61.29209351466081,54113.28146335859,59332.92041858484,54203.80438095238,-0.006200103558361225,54233.98301195542,54209.898,54185.812988044585
2024-09-08 17:32:00,54219.6,54219.61,54155.0,54155.0,20.4375,35.37997208422722,-16.13343878059095,-19.318240068302252,3.184801287711302,32.07271686298948,54193.59858819397,54212.1122085156,91.08846497627383,21.734013996262416,37.33615204770048,-158.76723653831777,54118.10980482424,59332.909027797636,54197.98209523809,-0.005898644821330915,54241.66023248814,54196.116,54150.571767511865
2024-09-08 17:33:00,54155.01,54186.96,54150.0,54186.95,14.54412,47.2558593115589,-15.756503716649604,-18.605892797971723,2.849389081322119,32.038575474905706,54191.93644114547,54210.1766540144,84.14360279781977,22.098690357134277,37.309284044293236,-126.5240013767199,54122.74501263127,59332.9009717191,54196.87695238095,-0.005622283186733174,54232.78580139891,54190.714,54148.64219860109
2024-09-08 17:34:00,54186.96,54200.0,54181.0,54199.99,3.18274,51.61128849181319,-14.241395005963568,-17.732993239570092,3.491598233606524,31.52989856661981,54193.9498308591,54209.39306524407,85.49477778073924,21.250459679989856,36.00147804112943,-28.5993285202839,54127.19481212602,59332.899213250326,54197.4339047619,-0.005316672258108861,54235.05738889037,54192.31,54149.56261110963
2024-09-08 17:35:00,54199.99,54200.0,54180.64,54180.64,2.29983,44.9951171182521,-14.43563866562181,-17.073522324780438,2.6378836591586285,31.065634624159607,54190.62237314433,54207.18129099453,85.53389879938914,20.756287640401005,34.81280103819166,-53.21241387432523,54131.46661964098,59332.8979378013,54194.990190476194,-0.005063898152039708,54231.2049493997,54188.438,54145.67105060031
2024-09-08 17:36:00,54180.64,54195.0,54180.64,54181.1,6.1679,45.19553482877342,-14.386620009616308,-16.536141861747613,2.149521852131304,30.634532391875133,54188.241779858254,54205.17503784111,58.56452417561377,20.877896045253028,33.35188667832087,-47.21219414362558,54135.56755485534,59332.894517490924,54192.51895238096,-0.004845843000546653,54210.018262087804,54180.736,54151.45373791219
2024-09-08 17:37:00,54181.1,54218.0,54174.0,54217.99,3.53809,59.42346875808586,-11.241472971320036,-15.477208083662099,4.235735112342063,29.33748567303399,54195.67883489369,54206.16080416102,56.675480163510656,20.044338434483276,34.11246620129795,72.69992663243455,54139.504452661124,59332.89256955076,54195.37495238095,-0.004518085090983491,54221.67174008175,54193.333999999995,54164.99625991824
2024-09-08 17:38:00,54218.0,54218.0,54206.2,54206.2,9.21637,54.04264363947747,-9.58973129777587,-14.299712726484854,4.709981428708984,28.133085148395782,54198.309126170265,54206.16381922556,58.08821956058091,19.355298354374593,32.51871861549116,98.78134882696075,54143.283874554676,59332.88748367258,54196.43971428571,-0.0041645448614915015,54226.228109780284,54197.183999999994,54168.1398902197
2024-09-08 17:39:00,54206.2,54217.0,54199.01,54216.99,12.47168,58.199467112510604,-7.325606268095726,-12.904891434807029,5.579285166711303,27.234306745528105,54202.979344627696,54206.99660236206,66.47837281160173,20.64616211172251,31.48095300009879,84.47472886722744,54146.91211957249,59332.88061591454,54199.04523809524,-0.003761915681218569,54233.823186405796,54200.583999999995,54167.344813594194
2024-09-08 17:40:00,54217.0,54220.0,54214.06,54214.07,3.89457,56.53875097364042,-5.701170916996489,-11.46414733124492,5.762976414248431,26.271482404722455,54205.75200847077,54207.54070987267,54.89336487771652,21.38152348666556,29.656599214377614,105.00037559159655,54150.39523478959,59332.878470078234,54200.87028571429,-0.003346862438153883,54234.716682438855,54207.27,54179.82331756114
2024-09-08 17:41:00,54214.06,54214.06,54188.0,54194.99,3.69508,46.20141872949011,-5.885545830911724,-10.34842703117828,4.4628812002665565,26.159239224649912,54203.06150635308,54206.5752706517,34.362470277395914,19.968838055239583,29.400413556207763,7.051659213933101,54153.739025398005,59332.876426570154,54200.1220952381,-0.0030035123149363676,54227.22923513869,54210.047999999995,54192.8667648613
2024-09-08 17:42:00,54194.98,54196.99,54193.38,54196.99,0.81934,47.41087747871507,-5.803383204132842,-9.439418265769193,3.636035061636351,26.055013414582554,54201.543629764805,54205.83794214003,35.24676671149791,14.077224984999544,27.558241159335818,-33.15889451734116,54156.94906438208,59332.87597362318,54199.916000000005,-0.002709883161737149,54223.47138335575,54205.848,54188.22461664425
2024-09-08 17:43:00,54196.98,54202.0,54183.0,54191.1,3.67458,43.921380960457135,-6.142732904467266,-8.780081193508808,2.637348289041542,26.25609050041188,54198.9327223236,54204.70425428311,42.332291263883235,13.719792351466783,26.94693821938326,-59.02714270033847,54160.0307018068,59332.87393991569,54199.0861904762,-0.0024781086325750927,54223.994145631936,54202.827999999994,54181.66185436805
2024-09-08 17:44:00,54191.1,54220.0,54191.1,54220.0,2.5135,60.87610307377554,-4.033189417226822,-7.830702838252411,3.797513421025589,25.580052282928136,54204.1995417427,54205.8808501075,45.695005281144404,15.106341896753518,27.08644263228456,61.51840895111288,54162.98907373453,59332.87255663127,54202.118380952386,-0.00218877505329877,54226.277502640565,54203.42999999999,54180.58249735942
2024-09-08 17:45:00,54219.99,54219.99,54206.0,54207.15,2.4086,52.419888583921086,-3.3595221332943765,-6.936466697260805,3.5769445639664283,24.95230250955038,54204.93715630702,54205.978477022305,41.70609513799718,13.137891931041123,26.151696729978518,53.606950551356505,54165.82911078515,59332.871227746946,54203.24676190475,-0.0019153289086141759,54222.89904756899,54202.045999999995,54181.192952430996
2024-09-08 17:46:00,54207.16,54219.99,54202.36,54219.99,2.69963,59.213339428445096,-1.7691614734212635,-5.903005652492897,4.133844179071634,24.49722904711714,54208.70036723027,54207.05628648213,47.01529933544225,10.966035896457734,25.543004106408436,68.14096738364186,54168.55554635374,59332.86974202608,54206.20580952381,-0.0016142731431300328,54230.553649667716,54207.045999999995,54183.538350332274
2024-09-08 17:47:00,54220.0,54243.0,54214.06,54240.01,21.36603,67.81213226807967,1.0940460119309137,-4.503595319608135,5.597641331539049,22.992829810528885,54216.5277754227,54209.591187521975,64.6497040016402,14.661164003929986,25.78564667023657,172.7347701781156,54171.17292449959,59332.858029466224,54211.21523809523,-0.0012323703743279053,54247.97485200082,54215.65,54183.32514799918
2024-09-08 17:48:00,54240.0,54250.99,54236.0,54236.01,19.35768,64.54934798606581,3.005743659872678,-3.001727523711973,6.007471183584651,21.441876923918773,54221.39833156703,54211.62340386644,47.81850858606049,16.543238563648735,25.014529050933813,159.25775607072833,54175.48254902961,59332.84740956787,54215.185999999994,-0.0008247166887940095,54248.54125429303,54224.632,54200.72274570697
2024-09-08 17:49:00,54236.0,54236.01,54220.0,54224.01,2.53533,55.01923575091868,3.5119940260919975,-1.6989832137511791,5.210977239843176,20.466439332514476,54222.05124867527,54212.57621895364,46.99892734292371,16.843170193705824,24.371348404438688,65.64795586277208,54181.52314510725,59332.846015378316,54217.21371428571,-0.00045895296170044367,54248.933463671456,54225.433999999994,54201.93453632853
2024-09-08 17:50:00,54224.02,54245.74,54224.01,54245.73,5.15893,65.94109656479421,5.601255777110055,-0.2389354155789325,5.840191192688987,19.13436229533213,54227.970936506455,54215.12650980336,38.79054198249651,19.52898028737279,24.182680661264207,92.4035846002464,54187.080493498666,59332.843190522486,54221.72438095238,-5.781647104006972e-05,54252.54527099125,54233.15,54213.75472900875
2024-09-08 17:51:00,54245.74,54257.05,54238.0,54257.05,3.92519,70.43133476234568,8.077329732725048,1.4243176140818636,6.653012118643184,18.109241737320396,54235.240702379844,54218.35139366465,43.58188067546871,21.324539644917625,23.816060614031255,116.0648905926896,54192.19325401877,59332.841046005815,54227.12885714286,0.00039067784455336705,54262.35294033773,54240.562,54218.771059662264
2024-09-08 17:52:00,54257.05,54263.87,54253.0,54263.86,11.55289,73.0009555866973,10.46847223660734,3.233148538586959,7.235323698020381,17.432077495934077,54242.39552678488,54221.85205569045,57.195355083749746,22.437460664499643,22.891341998743492,132.99301358211406,54198.67892861689,59332.834742595296,54233.06933333333,0.0008753956223749583,54273.929677541884,54245.33200000001,54216.734322458135
2024-09-08 17:53:00,54263.87,54263.87,54201.0,54201.01,6.84013,37.198947299653554,7.208900440658908,4.028298919001349,3.180601521657559,17.50318004886197,54232.04914508866,54220.248820637345,92.17069297361013,20.65218427953527,25.74696042740486,-56.26409729902587,54263.87,59332.830964263114,54230.08066666666,0.0011353869611075492,54284.417346486814,54238.33200000001,54192.246653513204
2024-09-08 17:54:00,54201.01,54201.01,54176.79,54176.8,4.72658,30.324429558367783,2.6416701111811562,3.750973157437311,-1.1093030462561546,18.21606340459655,54218.2368588165,54216.906603665244,136.11917685375374,26.89542554996506,25.637891825447458,-186.77194128575107,54263.87,59332.8283410941,54224.01619047619,0.0011442131315599464,54296.949588426876,54228.89,54160.83041157312
2024-09-08 17:55:00,54176.8,54176.8,54145.65,54159.99,4.64727,26.278112379299472,-2.307717413183127,2.5392350433132234,-4.84695245649635,19.568406118316144,54203.67514411237,54212.5284033833,167.65191893784504,33.99259089141962,26.031613837915604,-181.35291122052539,54263.87,59332.825753534635,54216.06533333334,0.0009216060127191315,54295.56795946893,54211.742000000006,54127.91604053108
2024-09-08 17:56:00,54160.0,54180.0,54160.0,54161.11,4.28532,27.056304093778763,-6.069799178279936,0.8174281989945913,-6.887227377274527,20.681756020566677,54193.03385808428,54208.57314158459,154.43706488976022,39.17035959835049,25.60149856377892,-108.41801581098794,54256.7768,59332.82336802467,54208.59714285714,0.0005557646693057507,54269.772532444884,54192.554000000004,54115.33546755512
2024-09-08 17:57:00,54161.1,54180.81,54156.0,54156.0,11.13809,25.57807374427024,-9.355762963721645,-1.217210033548656,-8.138552930172988,21.804472706590587,54183.775393563206,54204.52905377039,66.41133761650417,42.45305994669499,25.54496295208026,-84.54775416622795,54250.109191999996,59332.81716166592,54200.789333333334,9.019436443596225e-05,54204.187668808256,54170.982,54137.77633119175
2024-09-08 17:58:00,54156.0,54156.0,54145.65,54149.5,4.52766,23.609155018606018,-12.34213615214685,-3.4421952572682946,-8.899940894878554,23.07760898875518,54175.206545172405,54200.29604963421,36.10695539825247,44.89099974072919,24.459608455503,-86.32937785809062,54243.841640479994,59332.814635602874,54192.44914285714,-0.0004457778834335475,54178.733477699134,54160.68000000001,54142.62652230088
2024-09-08 17:59:00,54149.5,54150.0,54149.5,54149.5,1.75827,23.609155018606018,-14.541236101460527,-5.662003426106741,-8.879232675353785,24.259806965050878,54168.7799088793,54196.388661200814,19.878838703327347,46.525735685227446,22.7482078515385,-74.25578492951774,54237.950142051195,59332.81365463306,54184.78038095238,-0.0010050199138424913,54165.15941935167,54155.22000000001,54145.280580648345
2024-09-08 18:00:00,54149.51,54157.0,54147.0,54147.01,4.12897,22.647480027458982,-16.29709804351296,-7.789022349587986,-8.508075693924974,24.975644521037374,54163.33743165948,54192.59030264691,20.741856527864,44.29105664605704,21.837621576428607,-65.50685164694579,54232.41213352812,59332.811349902724,54177.32866666667,-0.001562840073698407,54162.99492826393,54152.623999999996,54142.253071736064
2024-09-08 18:01:00,54147.01,54163.36,54146.0,54161.17,6.77553,39.472202272171174,-16.357478789628658,-9.50271363759612,-6.854765152032538,25.293948204668204,54162.7955737446,54190.17335628946,20.820481555958395,35.85845681963766,21.517791463826605,-43.71681234146131,54227.20640551644,59332.80757823284,54172.46,-0.0020416824389153806,54163.04624077798,54152.636,54142.22575922202
2024-09-08 18:02:00,54161.18,54161.18,54144.0,54147.0,4.77623,31.297515172671467,-17.348745997674996,-11.071920109611895,-6.276825888063101,25.650420692945033,54158.84668030845,54186.852328882575,21.14440947964613,16.77510778013494,21.20794921641044,-66.61159989435606,54222.31302118545,59332.804912212785,54166.45285714285,-0.002494118906020142,54161.40820473982,54150.835999999996,54140.26379526017
2024-09-08 18:03:00,54147.0,54156.0,54146.99,54153.12,4.63531,37.95692735698189,-17.43946821483405,-12.345429730656326,-5.094038484177725,25.98143086063066,54157.415010231336,54184.25753435315,21.205680093655246,9.164371102222237,20.336667129524127,-43.6445847986862,54216.04797949061,59332.802327908255,54162.10942857143,-0.0028825168847646633,54162.162840046825,54151.56,54140.95715995317
2024-09-08 18:04:00,54153.13,54170.0,54151.1,54154.01,14.03841,38.988955971242014,-17.240809345479647,-13.324505653620992,-3.916303691858655,25.457485240893305,54156.5637576735,54181.93080094137,21.03073189940187,5.584925835399418,20.234048048843935,34.99090909104689,54210.284141131364,59332.79450249422,54158.55980952381,-0.0032024998833488547,54162.9773659497,54152.462,54141.9466340503
2024-09-08 18:05:00,54154.0,54189.99,54154.0,54175.01,17.70026,58.523738447277715,-15.213474797179515,-13.702299482332698,-1.5111753148468168,23.947446324040552,54161.17531825513,54181.3984316382,38.3709953501384,8.618319566091893,21.359473188212082,181.77330042031366,54204.98140984085,59332.78467590235,54158.68371428571,-0.00338098564914896,54177.24749767507,54158.062,54138.87650232493
2024-09-08 18:06:00,54175.01,54175.01,54149.8,54149.8,13.51339,40.05050506131213,-15.462788472468674,-14.054397280359893,-1.4083911921087804,22.727065385119083,54158.33148869134,54178.96778305065,39.712960153919994,8.518958199764763,21.634510817625443,33.16424937350039,54200.102897053584,59332.77713707698,54156.227619047626,-0.003541248316883895,54175.64448007696,54155.788,54135.93151992304
2024-09-08 18:07:00,54149.8,54161.99,54149.8,54161.98,10.99021,49.32445907706579,-14.51028165428579,-14.145574155145074,-0.3647074991407173,21.593854513263427,54159.24361651851,54177.661030508294,36.180949298650376,8.861418743237385,20.959902902080415,20.935831504533034,54195.6146652893,59332.77102030311,54156.48180952381,-0.003631617305629945,54176.87447464933,54158.78400000001,54140.69352535068
2024-09-08 18:08:00,54161.99,54161.99,54149.81,54149.82,12.13432,41.61240960347389,-14.56868478358956,-14.230196280833972,-0.33848850275558817,20.54158727511175,54156.88771238889,54175.51941277689,38.164946903663804,8.840666385686992,20.332766980503266,-43.4865200555576,54191.48549206615,59332.764250891596,54155.48638095238,-0.0037080099652489307,54177.20647345183,54158.123999999996,54139.041526548164
2024-09-08 18:09:00,54149.82,54169.99,54149.81,54166.33,19.43939,53.46649357038682,-13.131380286213243,-14.010433081909827,0.8790527956965839,19.110201148363934,54159.248284291665,54174.81253487098,38.99673632666236,9.300709228007122,20.32185505332448,61.52374325967683,54187.68665270086,59332.75344075957,54156.949238095236,-0.003705022118950247,54180.086368163335,54160.588,54141.08963183667
2024-09-08 18:10:00,54166.33,54166.33,54157.0,54160.0,14.59188,48.898929183602064,-12.360598924606165,-13.680466250449095,1.3198673258429299,17.781056887812397,54159.43621321875,54173.673109111674,26.68480264431855,8.712667146822287,19.536722549515712,37.113121185791776,54184.19172048479,59332.74531638752,54157.50771428571,-0.003664558456231164,54170.928401322155,54157.585999999996,54144.24359867784
2024-09-08 18:11:00,54160.0,54160.0,54151.1,54155.0,13.6961,45.2359517164405,-12.014709266091813,-13.34731485357764,1.3326055874858262,16.89110801635754,54158.327159914064,54172.23671610309,22.851324078787002,8.66774024952286,18.776956653121836,-59.481132075421506,54180.976382846005,59332.7376834143,54157.4100952381,-0.0036115913755846137,54170.0516620394,54158.626000000004,54147.20033796061
2024-09-08 18:12:00,54155.01,54155.01,54142.0,54148.01,13.43312,40.185887714446295,-12.164400168774591,-13.11073191661703,0.9463317478424393,16.568325841019636,54155.74786993555,54170.3731225567,26.8685780082742,8.540540181323482,18.365031177898995,-154.69035364432023,54178.01827221832,59332.730186917615,54156.38999999999,-0.0035706662246862077,54169.26628900415,54155.83200000001,54142.39771099587
2024-09-08 18:13:00,54148.0,54148.01,54062.94,54062.96,71.49349,15.279719427910607,-18.927669107710244,-14.274119354835674,-4.65354975287457,18.838787300468613,54132.55090245166,54162.11057466773,152.8997838729265,31.14052493536828,23.129671808049043,-286.152975639587,54174.41644499649,59332.6896350986,54144.04409523809,-0.0038391500719005688,54214.90989193646,54138.46,54062.010108063536
2024-09-08 18:14:00,54062.96,54073.0,54000.0,54051.0,140.46803,13.832989375724708,-24.964900679718994,-16.41227561981234,-8.552625059906653,21.907610614471526,54112.163176838745,54153.5636073856,191.98371090448927,43.58838067548519,26.69183810747411,-203.31656914632686,54161.03927159691,59332.60978122851,54130.92771428572,-0.004339034861293796,54211.38585545224,54115.39399999999,54019.40214454775
2024-09-08 18:15:00,54050.99,54095.0,54044.53,54084.01,9.55098,34.40361932355903,-26.777148769702762,-18.485250249790425,-8.291898519912337,23.72556092633174,54105.12488262906,54148.21332989441,173.05175726595917,44.49090340127151,28.39027824265461,-90.62279491693647,54148.01,59332.60438566825,54123.12704761905,-0.004845050034889935,54186.721878632976,54100.195999999996,54013.67012136702
2024-09-08 18:16:00,54084.01,54084.01,53987.0,53987.0,46.93393,18.6783655618233,-35.63053802801005,-21.91430780543435,-13.7162302225757,26.169004736579115,54075.5936619718,54135.81230451792,208.0266566890641,62.23651122850936,33.291686939608,-125.57498116051526,54127.2886,59332.577381755546,54103.12657142857,-0.0056737081073378855,54170.60932834453,54066.596,53962.582671655466
2024-09-08 18:17:00,53987.01,53997.57,53938.02,53952.0,33.02529,15.592707209579501,-44.95293088818289,-26.522032421984058,-18.430898466198833,28.905268836784007,54044.69524647885,54121.672896478085,198.74393891057116,77.32319264616189,35.167280729636204,-145.10042979421283,54104.842424,59332.55825607325,54079.98323809524,-0.006798106905620707,54126.76596945528,54027.39399999999,53928.02203054471
2024-09-08 18:18:00,53952.0,53974.0,53951.99,53973.63,7.43835,24.80499849167373,-50.01904574002401,-31.22143508559205,-18.797610654431963,31.446085501259976,54026.92893485914,54110.284981364384,198.9825556321448,82.4873909009862,34.22747496323377,-107.40944117076039,54084.01,59332.55396569463,54061.63933333334,-0.0079812046906455,54109.01927781608,54009.528000000006,53910.03672218393
2024-09-08 18:19:00,53973.63,54099.06,53973.62,54070.0,72.02023,52.51395920813754,-45.73057109983347,-34.12326228844033,-11.607308811393139,30.100674660803296,54037.696701144356,54107.18613664406,213.45072650579095,75.86508139001286,40.74265532300243,-10.750919222176192,53938.02,59332.51317240132,54057.86266666667,-0.008789873526000223,54120.0533632529,54013.328,53906.602636747106
2024-09-08 18:20:00,54070.01,54070.01,54037.0,54068.81,14.4968,52.2287737070603,-41.94443773673265,-35.6874973780988,-6.256940358633855,28.85136459466495,54045.475025858264,54104.23412613298,198.18357673098217,68.18358293669971,40.190322799930975,20.327332053299674,53941.2408,59332.50495942517,54054.92742857143,-0.009300107053813742,54109.37978836549,54010.288,53911.19621163451
2024-09-08 18:21:00,54068.82,54070.99,54058.0,54062.0,3.63902,50.351004490148696,-39.04334250653483,-36.358666403786,-2.684676102748824,27.668304833766907,54049.6062693937,54100.985347199676,206.15161916830402,58.75572864620982,38.24744259993576,51.56195765358921,53944.397184,59332.50289512179,54051.85552380952,-0.009594894443149912,54128.36380958415,54025.288,53922.21219041585
2024-09-08 18:22:00,54061.99,54061.99,53960.34,53985.01,27.6797,33.843635762641,-42.46711869361752,-37.58035686175231,-4.886761831865215,28.040194299375184,54033.457202045276,54092.064166645854,172.64096822490683,49.1121764021901,42.77691098565488,-46.34914004206257,53947.49044032,59332.48696397076,54039.47047619047,-0.00999162434901373,54118.210484112446,54031.88999999999,53945.56951588754
2024-09-08 18:23:00,53985.0,53985.01,53964.0,53964.99,17.33444,30.702711629829892,-46.262645692695514,-39.31681462794095,-6.9458310647545645,28.385520231725728,54016.340401533955,54082.28923075002,182.25682935256918,51.44363984939585,41.22213162953682,-82.67541724278448,53950.5218315136,59332.47694976816,54025.985714285714,-0.010492400642591234,54121.29041467628,54030.162,53939.03358532371
2024-09-08 18:24:00,53965.0,53979.12,53964.99,53975.0,22.44271,34.35793497986194,-47.91062102595606,-41.03557590754397,-6.875045118412089,28.706180026051236,54006.005301150464,54074.03621300002,179.16486219645594,51.94106995063507,39.28697937028452,-64.00738641878641,53953.492594883326,59332.464008724295,54015.753142857146,-0.010984882198448802,54100.744431098225,54011.162,53921.57956890177
2024-09-08 18:25:00,53975.0,53979.11,53964.0,53968.0,5.74795,32.90160441772288,-49.21418436653039,-42.67129759934126,-6.542886767189131,29.01814123246765,53996.50397586285,54065.879581230794,144.64743423271284,46.83593767194378,37.5600522724071,-57.07861287492886,53956.40394298566,59332.46068998796,54006.34914285714,-0.011454542693376429,54063.32371711636,53991.0,53918.67628288364
2024-09-08 18:26:00,53967.99,53973.0,53960.0,53971.0,7.76845,34.333080236808044,-49.43533303090226,-44.02410468565346,-5.411228345248794,29.368663795901433,53990.12798189714,54058.58115190535,27.78201271178841,47.62055289063019,35.80576282437802,-63.422335235687285,53959.257064125944,59332.456207175506,53999.1260952381,-0.011855634854596593,53986.6910063559,53972.8,53958.90899364411
2024-09-08 18:27:00,53971.0,53975.0,53965.0,53968.99,4.28881,33.754112159770656,-49.205573915744026,-45.060398531671574,-4.145175384072452,29.629035049899574,53984.84348642285,54051.68952483571,13.30311145388987,46.0322260167236,33.96249405120816,-61.40756172520744,53960.0,59332.45373137741,53993.32085714286,-0.012177735313554329,53976.24755572694,53969.596,53962.94444427305
2024-09-08 18:28:00,53968.99,53970.0,53961.1,53967.0,4.93048,33.09114515935495,-48.623562370637956,-45.773031299464854,-2.8505310711731013,29.93823809079157,53980.382614817136,54045.1749460022,11.316529783900478,46.511375046551805,32.1723159046934,-57.73903897168592,54099.06,59332.45088410976,53988.14523809524,-0.012416545966049755,53975.65626489195,53969.998,53964.33973510805
2024-09-08 18:29:00,53967.01,53967.01,53959.0,53959.0,3.44535,30.227099997390212,-48.25163238662208,-46.2687515168963,-1.9828808697257756,30.26359294020666,53975.036961112855,54038.54610400203,16.468729349493515,40.87437675832422,30.446436197215444,-63.54836446093711,54096.3008,59332.44889151443,53982.702952380954,-0.012593984744750295,53975.03236467474,53966.797999999995,53958.56363532525
2024-09-08 18:30:00,53959.0,53959.01,53897.0,53952.99,40.95736,28.039331093531544,-47.88978829788539,-46.592958873094126,-1.2968294247912624,31.524510250196847,53969.525220834636,54031.96486523265,27.065076656479505,30.94341796529715,32.70097646884306,-226.14212542507764,54090.808767999995,59332.42517771672,53977.649904761915,-0.01271984716959071,53977.328538328235,53963.795999999995,53950.263461671755
2024-09-08 18:31:00,53952.99,54022.5,53951.0,54007.0,26.73163,59.58454130851576,-42.75204961527925,-45.824777021531155,3.072727406251907,30.747876758504795,53978.89391562597,54030.044490983986,75.56507112640247,15.032320876286143,35.47233529249713,196.52041076131573,54079.180241919996,59332.4098559431,53980.12209523809,-0.012585973418942834,54008.7785355632,53970.996,53933.2134644368
2024-09-08 18:32:00,54006.99,54013.0,53986.0,53994.0,9.3029,52.8880650478693,-39.276589968052576,-44.51513961083545,5.238549642782871,30.026717087647885,53982.670436719476,54027.27183783137,83.60784560244065,16.132189657648613,34.86716848589019,155.25894970257644,54068.24942740479,59332.40451080237,53980.33714285715,-0.012306170082501946,54017.80192280122,53975.998,53934.19407719878
2024-09-08 18:33:00,53994.01,54030.0,53993.0,54011.11,9.63371,59.98989580976653,-34.74115474622522,-42.5603426379134,7.8191878916881805,28.89048421302561,53989.7803275396,54026.02861953665,97.11370773572708,19.82271191329094,35.019513594040895,140.65177894450082,54057.9744617605,59332.3989933411,53982.63952380952,-0.011854788428711214,54033.37685386787,53984.82000000001,53936.26314613214
2024-09-08 18:34:00,54011.11,54023.0,54011.1,54022.99,4.98186,64.45439697446119,-29.844148179305193,-40.017103746191765,10.172955566886571,27.835410829447778,53998.0827456547,54025.79487957229,96.64024092495674,24.44490275974308,33.36811976589522,115.86807739261575,54048.31599405487,59332.396146482504,53987.086761904764,-0.011241755422420875,54045.93812046248,53997.618,53949.297879537524
2024-09-08 18:35:00,54022.99,54042.0,54014.0,54014.0,9.75256,58.52427287413019,-26.384508866998658,-37.29058477035315,10.906075903354491,26.32116622841415,54002.06205924103,54024.88758114366,37.981472192303045,25.766566274971687,32.984682639759846,98.32855306101452,53897.0,59332.39056400408,53990.771714285715,-0.010557233131687873,54028.810736096144,54009.81999999999,53990.82926390384
2024-09-08 18:36:00,54014.0,54030.0,53997.0,54030.0,8.23699,65.3356618481909,-22.09693380616227,-34.251854577514976,12.154920771352707,25.311419701726038,54009.04654443077,54025.28084413261,48.80295308526547,28.368212724127524,32.98577673691985,72.37761543652059,53899.9,59332.3858632492,53997.04714285715,-0.009775782208708058,54038.82147654263,54014.42,53990.018523457366
2024-09-08 18:37:00,54030.0,54030.0,54002.0,54002.0,11.97769,48.58123662089386,-20.719523900312197,-31.545388442074422,10.825864541762225,24.373797926944217,54007.284908323076,54023.49000996857,38.73066265665693,27.19810281060992,32.629649827139865,43.10406391574361,53902.742,59332.37899163906,53999.16076190476,-0.009044996497310491,54035.385331328325,54016.02,53996.65466867167
2024-09-08 18:38:00,54002.01,54029.0,54002.0,54028.11,30.81617,60.046092200602374,-17.321387661817425,-28.700588286023024,11.379200624205598,23.503149136075386,54012.49118124231,54023.845393817144,41.30007542106614,26.81860895907744,32.22753198234416,58.71286730713743,53905.52716,59332.36139905823,54004.403238095234,-0.0082675473996332,54040.07003771053,54019.42,53998.769962289465
2024-09-08 18:39:00,54028.11,54028.12,53970.0,53979.95,21.38758,40.204317706980156,-18.303458840644453,-26.621162396947312,8.31770355630286,23.463663603950383,54004.35588593173,54020.46882506198,73.92272185116599,23.714562634498485,34.076993983605476,-112.75938947008983,53908.2566168,59332.34907835525,54002.71857142857,-0.007650091323332137,54047.77336092558,54010.812,53973.850639074415
2024-09-08 18:40:00,53979.94,53997.93,53892.51,53930.03,46.57503,28.493047386315084,-22.846523623593384,-25.866234642276527,3.019711018683143,24.76026078792509,53985.774414448795,54013.51199236491,147.65423125015514,29.605032921406735,39.17292298477639,-235.99961550611317,54042.0,59332.321997925515,53994.26409523809,-0.0073318312863860135,54067.84511562508,53994.018000000004,53920.190884374926
2024-09-08 18:41:00,53930.04,53954.99,53902.0,53902.01,22.31327,23.81957106915779,-28.380759295432654,-26.369139572907756,-2.011619722524898,25.964243887330177,53964.8333108366,54004.93491602915,185.10566471710627,43.13006618028931,40.15985705729222,-170.35603521064982,54039.0102,59332.30895697828,53982.463809523804,-0.007314694836123061,54060.97283235856,53968.420000000006,53875.86716764145
2024-09-08 18:42:00,53902.0,53935.0,53856.52,53856.53,61.74424,18.05233125076049,-36.02130565603875,-28.299572789533958,-7.721732866504791,27.67255788246509,53937.75748312745,53993.51915325768,239.11158895942208,60.5903174226308,42.89701012462872,-147.2222993728716,54036.080195999995,59332.27256877554,53965.237428571425,-0.007650194589864529,54058.88179447971,53939.326,53819.77020552029
2024-09-08 18:43:00,53856.53,53867.34,53852.74,53860.08,15.36871,19.86960560482484,-41.31379860915331,-30.902417953457828,-10.411380655695481,29.303640830585632,53918.33811234559,53983.25460300709,184.3257869943336,69.49800451036107,40.87579511572657,-123.67284937640729,54028.89778815999,59332.26351736387,53949.53647619048,-0.008179860873365266,53997.88289349716,53905.719999999994,53813.55710650283
2024-09-08 18:44:00,53860.09,53899.99,53860.08,53899.98,13.45851,38.318312462061066,-41.80662016947463,-33.083258396661186,-8.72336177281344,29.69746410214339,53913.74858425919,53976.84886431424,111.15845543757314,68.49455726003723,40.80680975031726,-73.35885778095505,54018.328320870394,59332.25564878485,53940.09761904761,-0.008656745418732533,53945.30522771879,53889.726,53834.146772281216
2024-09-08 18:45:00,53899.99,53941.0,53896.0,53935.0,7.69072,50.356375739512366,-38.92268697405234,-34.25114411213942,-4.6715428619129185,28.873023129407592,53919.061438194396,53973.62972090546,117.05309116488206,64.78249194908241,41.10632333958031,-18.832216785066922,54008.39302161817,59332.25118136746,53935.83295238096,-0.008934327994040163,53949.24654558245,53890.72000000001,53832.19345441757
2024-09-08 18:46:00,53935.0,53943.0,53930.01,53940.01,7.32724,51.965739845421155,-35.81997365030111,-34.56491001977176,-1.2550636305293494,28.053043232173103,53924.2985786458,53971.04358852812,141.9288348122791,57.04529786654964,39.09801452961013,14.578802517376943,53999.05384032108,59332.24692904761,53932.921999999984,-0.00903091290141042,53969.28441740615,53898.32000000001,53827.35558259387
2024-09-08 18:47:00,53940.01,53963.5,53940.0,53951.0,11.45398,55.74249612254561,-32.104172913466755,-34.07276259851076,1.9685896850440017,26.73438058936365,53930.97393398435,53969.50177402596,133.13208829937503,52.31117798342765,37.98387063463798,65.0048170853019,53990.275009901816,59332.24029536016,53931.99057142857,-0.00894471541975007,53983.78004414969,53917.214,53850.64795585031
2024-09-08 18:48:00,53951.0,53956.8,53950.0,53950.0,5.38388,55.26800813688166,-28.906845579324,-33.03957919467341,4.132733615349409,25.5099081353263,53935.73045048826,53968.001637562425,74.45383755555667,40.16934177549051,35.75645130359262,86.16172550874964,53982.02290930771,59332.23717665825,53931.49828571429,-0.00872589994553958,53972.424918777775,53935.198,53897.97108122222
2024-09-08 18:49:00,53950.0,53956.8,53927.0,53932.99,9.68927,47.086702050370775,-27.429317376452673,-31.917526831029264,4.488209454576591,24.886872168161677,53935.04533786619,53965.30843467302,29.87654984553228,34.83214812666607,35.33099049619336,53.919805766751885,53974.265934749244,59332.23154625855,53929.43314285714,-0.008472099452368334,53956.73827492277,53941.8,53926.86172507724
2024-09-08 18:50:00,53932.99,53940.0,53932.0,53940.0,3.5006,50.69602476991038,-25.39992271749361,-30.614006008322132,5.214083290828523,24.30833877008024,53936.28400339965,53963.361632005865,27.184705822597607,35.42355098278125,33.3787768893224,43.064104684870486,53966.97437866429,59332.22951471649,53929.07419047619,-0.008163870604511915,53956.3923529113,53942.8,53929.207647088704
2024-09-08 18:51:00,53940.0,53964.0,53906.0,53906.01,19.89066,36.29194492153519,-26.23193632978655,-29.737592072615016,3.5056557428284663,24.33273559176464,53928.715502549734,53958.949968005414,65.616097344624,35.26069842074637,35.13743568294223,4.714841754361252,53852.74,59332.21789861446,53925.040380952385,-0.007939415949127483,53968.80804867231,53936.0,53903.19195132769
2024-09-08 18:52:00,53906.0,53906.0,53856.52,53856.52,13.12812,24.252329599143195,-30.532779629109427,-29.8966295839139,-0.636150045195528,25.22854561649408,53910.6666269123,53951.07073969731,134.48849934084865,35.26260904204563,36.16261884844673,-170.36907151670934,53854.9652,59332.21016192314,53915.3220952381,-0.007944272363545099,53984.34824967043,53917.10400000001,53849.85975032958
2024-09-08 18:53:00,53856.52,53871.1,53843.14,53856.0,17.54934,24.151308944799553,-33.595915779529605,-30.636486823037043,-2.9594289564925624,26.263782278970744,53896.999970184224,53943.757605874445,144.62739317005617,36.0120516371754,35.57671750212905,-171.40851661207714,53964.0,59332.199818761146,53907.168666666665,-0.008088980951520618,53970.61769658503,53898.304000000004,53825.990303414976
2024-09-08 18:54:00,53856.0,53856.01,53753.36,53766.24,63.69873,12.964956122302567,-42.77329121613002,-33.06384770165564,-9.70944351447438,28.28359117840997,53864.309977638164,53930.10240542256,234.69645002757898,59.86602327790683,40.367666251977084,-173.03678015271225,53961.5828,59332.16166122761,53888.22771428571,-0.008630172590813846,53982.302225013795,53864.954000000005,53747.605774986216
2024-09-08 18:55:00,53766.24,53767.0,53700.0,53733.01,117.79372,10.75245197067295,-52.12692392325698,-36.87646294597591,-15.250460977281072,30.600607511475555,53831.48498322863,53914.9414511593,255.63475439778995,79.02205826918885,42.26997580540729,-160.24725454521322,53953.253888,59332.090679213725,53866.416,-0.009517261339527242,53951.3733771989,53823.556000000004,53695.73862280111
2024-09-08 18:56:00,53733.01,53808.25,53720.0,53793.0,59.87696,34.84126715422427,-54.07570255221799,-40.31631086722433,-13.759391684993659,31.584803586804476,53821.863737421474,53905.56133953166,195.97842650728126,80.92614787420175,45.554263247878204,-90.0145474355121,53938.05865472,59332.05498487279,53854.21247619047,-0.01036249355851213,53898.943213253646,53800.954000000005,53702.964786746365
2024-09-08 18:57:00,53793.01,53853.44,53792.99,53801.02,43.35125,37.54559281546409,-54.34650401306135,-43.12234949639174,-11.224154516669607,31.39406343968175,53816.65280306611,53897.51969802923,162.9599351263896,77.76915553078042,46.61824444445865,-35.71717842064151,53923.7751354368,59332.02917967729,53843.683333333334,-0.011094224844894241,53871.33396756319,53789.85399999999,53708.3740324368
2024-09-08 18:58:00,53801.02,53803.0,53726.56,53726.57,26.98054,25.67507507728395,-59.87836835972848,-46.473553269059096,-13.404815090669388,31.953114117886653,53794.13210229958,53884.36972125775,121.03391594378627,79.04279313385948,48.74836984128319,-83.07282237646868,53910.348627310595,59332.01290322707,53823.78999999999,-0.011966367455982148,53824.48495797189,53763.96799999999,53703.4510420281
2024-09-08 18:59:00,53726.56,53726.57,53640.0,53687.0,61.34689,21.366557694029538,-66.68665674119984,-50.51617396348725,-16.170482777712593,33.20617002397826,53767.349076724684,53869.18743500717,171.96272407956712,82.04315225503878,51.44991485262009,-130.03998662506302,53897.72770967196,59331.97563381985,53800.27219047619,-0.013015164889021165,53834.10136203978,53748.119999999995,53662.13863796021
2024-09-08 19:00:00,53686.99,53750.85,53672.0,53715.01,43.96924,31.17679128730711,-69.02640796039486,-54.21822076286877,-14.808187197526095,33.85089982745267,53754.26430754352,53857.327632314315,179.27992211318633,71.5560998544145,53.40706379171855,-84.39873141493379,53877.109492898206,59331.94905451208,53782.85095238095,-0.014010680186556154,53834.15996105659,53744.52,53654.8800389434
2024-09-08 19:01:00,53715.0,53727.99,53658.0,53658.01,21.93979,23.89649236556933,-74.61992919525801,-58.29856244934662,-16.32136674591139,34.57042247433737,53730.20073065764,53841.99550675168,192.11132566617744,67.44377645058078,54.59155923516708,-103.85587112307176,53858.14073346635,59331.93565746611,53759.97257142857,-0.015106941834333636,53813.577662833086,53717.522,53621.46633716691
2024-09-08 19:02:00,53658.01,53743.99,53629.01,53743.98,49.44534,46.50545407599312,-71.29394236564985,-60.897638432607266,-10.396303933042589,35.48410550583604,53733.645547993234,53834.45585238617,121.46782807535783,58.157316074767934,58.905019289797714,-56.340296962770054,53840.68947478905,59331.9059224675,53751.34723809524,-0.015883056445667672,53766.84791403768,53706.114,53645.38008596232
2024-09-08 19:03:00,53743.98,53789.09,53743.98,53784.99,45.21966,54.28047769521488,-64.6041926573671,-61.638949277559234,-2.965243379807859,35.35210988095925,53746.48166099492,53830.650786818005,176.46444675687235,46.71212843594525,57.9196607690974,64.41372145526202,53819.52152731014,59331.87892852205,53750.152,-0.01623188709872054,53806.03022337843,53717.797999999995,53629.56577662156
2024-09-08 19:04:00,53784.99,53831.89,53758.68,53830.0,21.7706,61.62610066123542,-55.03616433712887,-60.31839228947317,5.2822279523443,34.39986364106071,53767.361245746186,53830.60072629355,235.16549782840593,54.293988788590035,59.01182785701895,94.63300697873707,53629.01,59331.86603807733,53756.36761904762,-0.016084711545067184,53863.980748914204,53746.398,53628.8152510858
2024-09-08 19:05:00,53829.99,53855.0,53806.0,53839.99,30.98132,63.2008187860192,-46.11573001970828,-57.47785983552019,11.362129815811912,33.09631388558675,53785.51843430963,53831.322978117125,264.9219320037373,61.266328696234574,58.29669729580331,110.46707981532786,53633.0676,59331.84772734694,53764.96285714286,-0.015543836262690446,53903.854966001876,53771.39400000001,53638.93303399814
2024-09-08 19:06:00,53839.99,53841.0,53811.11,53831.0,7.27048,60.51897245477941,-39.31840136622486,-53.84596814166113,14.52756677543627,31.885874826932362,53796.888825732225,53831.29813364658,145.8132521007792,64.76018606044828,56.26764748896018,97.9071088390769,53641.944896,59331.84342329611,53772.988190476186,-0.01476453229269897,53878.898626050395,53805.992000000006,53733.085373949616
2024-09-08 19:07:00,53831.0,53857.98,53828.0,53851.01,8.48118,64.53818345435303,-31.948546707615606,-49.46648385485203,17.517937147236424,30.435164242456814,53810.41911929917,53832.81443105839,90.05364005947195,69.85663900468741,54.38995838260611,91.55552623876825,53650.46710016,59331.838420795255,53783.924571428564,-0.013757530023005273,53872.42482002974,53827.398,53782.371179970265
2024-09-08 19:08:00,53851.01,53856.53,53808.0,53818.0,15.82224,53.713494030025416,-28.443634405768535,-45.26191396503533,16.8182795592668,29.388578330086265,53812.31433947438,53831.67485943852,44.044343926158035,69.99574476536864,53.97138992670559,59.05756881914059,53662.9178741504,59331.82903209331,53790.507142857154,-0.012733920796187164,53856.02217196308,53834.0,53811.97782803692
2024-09-08 19:09:00,53817.99,53838.01,53813.01,53825.48,5.42072,55.732426283674194,-24.776781355547428,-41.16488744313776,16.38810608759033,28.416748554313614,53815.60575460579,53831.198331789405,45.912068739009555,63.88549729998645,51.9020049319409,46.78087727335965,53674.62160170138,59331.82581988274,53797.59409523809,-0.011691148806422106,53856.0520343695,53833.096,53810.13996563049
2024-09-08 19:10:00,53825.48,53831.0,53811.1,53811.1,5.84037,50.637071134181035,-22.768656813575944,-37.4856413172254,14.716984503649456,27.545868366379683,53814.47931595435,53829.65230626715,54.496818328800146,58.38494242472825,49.616147436802365,23.71900826446142,53685.6231055993,59331.82234996194,53801.883047619056,-0.010709609705420805,53854.56640916441,53827.31800000001,53800.06959083561
2024-09-08 19:11:00,53811.11,53811.11,53740.32,53793.0,18.50063,44.4929639627997,-22.379742636083392,-34.464461580997,12.084718944913611,27.772454266090417,53809.10948696576,53826.832898092754,75.96763000152714,31.47960632169588,51.128565477030826,-119.46167883214254,53695.96451926334,59331.811322232265,53803.58628571428,-0.009855971831492281,53857.70181500077,53819.71800000001,53781.734184999244
2024-09-08 19:12:00,53793.0,53793.0,53725.0,53751.58,11.2037,33.37309912125656,-25.124157538215513,-32.5964007724407,7.472243234225189,28.17468490511274,53794.72711522432,53821.04421362409,105.67566308415553,29.671861956190238,52.3336679429572,-178.4021477504279,53705.68544810754,59331.8045940878,53799.843238095236,-0.009255665033806669,53852.66983154209,53799.83200000001,53746.99416845793
2024-09-08 19:13:00,53751.57,53768.99,53744.01,53765.01,8.84135,39.27786109881274,-25.91668593687791,-31.260457805328144,5.343771868450233,28.548184784204896,53787.29783641824,53816.733889499155,110.42757615919982,32.36409170587108,50.379834518459965,-115.1373033551339,53714.82312122109,59331.79929739236,53797.65266666666,-0.008784143820260876,53844.4477880796,53789.234,53734.0202119204
2024-09-08 19:14:00,53765.01,53765.01,53724.0,53757.99,11.59904,37.20939802346879,-26.80226589666563,-30.368819423595646,3.566553526930015,29.158834998740684,53779.97087731368,53812.215128768454,90.54745483196166,35.66243949635011,49.710560624284405,-100.26845338133204,53723.41253394783,59331.79233986647,53793.783142857144,-0.00842749627926907,53821.00972741598,53775.736,53730.462272584016
2024-09-08 19:15:00,53757.99,53757.99,53691.3,53714.0,17.19433,26.654246915348935,-30.699831211073615,-30.43502178109124,-0.26480942998237467,30.12542512650819,53763.47815798526,53804.66011886319,101.77901068865322,43.1643910435101,50.92337772254945,-117.82951204136357,53857.98,59331.78194471518,53783.63895238095,-0.008306264385728485,53807.20550534433,53756.316000000006,53705.42649465568
2024-09-08 19:16:00,53713.99,53750.0,53713.99,53750.0,9.68279,42.634751127992146,-30.531828751292778,-30.454383175131547,-0.0774455761612316,31.0229731022923,53760.10861848894,53800.455494335256,70.68925107014365,42.59073436972592,49.858136456653206,-73.4373092567642,53854.646400000005,59331.77612833478,53777.761523809524,-0.008201211207013184,53783.06062553507,53747.716,53712.37137446493
2024-09-08 19:17:00,53750.0,53815.22,53749.99,53808.59,12.27871,59.75830803781272,-25.378415670245886,-29.439189674154417,4.060774003908531,30.117532313209075,53772.228963866706,53801.081225540234,121.35552467328671,36.87231500936887,50.95612670974963,45.97752922861034,53851.37947200001,59331.76883004219,53779.63876190477,-0.007882962205338467,53819.79576233664,53759.117999999995,53698.44023766335
2024-09-08 19:18:00,53808.59,53829.0,53804.19,53816.01,8.85023,61.5045951317838,-20.45971977289446,-27.643295693902427,7.183575921007968,28.960871634825544,53783.17422290003,53802.22959280637,152.67243421329476,36.64596857826148,49.08854623048164,109.81447270959407,53848.177882560005,59331.76357666889,53782.28057142857,-0.007393205029403943,53845.65421710664,53769.31799999999,53692.981782893345
2024-09-08 19:19:00,53816.01,53831.0,53805.0,53831.0,6.16414,65.16885401282627,-15.177097975567449,-25.150056150235436,9.972958174667987,27.83957567737885,53795.13066717502,53804.44270105204,177.9373019702325,37.45198205310158,47.43936435687581,120.24381074823819,53845.040324908805,59331.75992767094,53787.05428571429,-0.0067407245294412756,53872.888650985115,53783.92,53694.95134901488
2024-09-08 19:20:00,53831.0,53838.0,53824.18,53835.8,6.60385,66.39789015758535,-10.482427359711437,-22.216530392130636,11.734103032419199,26.62508852269899,53805.29800038127,53806.85480097111,123.02788071072428,40.43894772419972,45.03798118852751,107.37203756918188,53841.96551841063,59331.75602179364,53792.55361904762,-0.005976640826456531,53869.79394035537,53808.280000000006,53746.766059644644
2024-09-08 19:21:00,53835.81,53856.53,53833.89,53856.53,3.59814,71.59266466315486,-5.0311335454607615,-18.779451022796664,13.748317477335902,25.041757974144897,53818.10600028595,53810.67597012718,66.73486626890372,46.7974683163718,43.43812538934693,104.7163891000294,53691.3,59331.75390168664,53800.77123809524,-0.005083689151056966,53862.95343313445,53829.585999999996,53796.218566865544
2024-09-08 19:22:00,53856.52,53856.53,53805.0,53805.01,5.39522,49.00047797979415,-4.8126995480270125,-15.986100727842734,11.173401179815722,24.17281344191237,53814.83200021447,53810.24012627125,70.47987451702647,45.114556307524694,44.01611643296492,49.135432643821524,53694.604600000006,59331.750692788606,53802.06695238095,-0.004319777263082297,53864.10993725851,53828.869999999995,53793.63006274148
2024-09-08 19:23:00,53805.0,53833.0,53805.0,53832.0,5.56332,57.4429484239457,-2.4336677888059057,-13.275614140035369,10.841946351229463,23.365936376267882,53819.12400016085,53811.91396271193,65.6194544925529,45.30578389302937,42.87210811632457,41.65143925877073,53697.84310800001,59331.747400073145,53807.085047619046,-0.003568755242443815,53864.87772724627,53832.06799999999,53799.258272753716
2024-09-08 19:24:00,53831.99,53835.0,53811.1,53834.01,11.88141,58.063348176512285,-0.3816780311462935,-10.696826918257555,10.315148887111262,22.560058177829244,53822.845500120646,53813.61365788794,65.63941431710555,43.69350158585076,41.516957536587206,40.37288482146108,53701.01684584001,59331.74037050609,53812.30904761904,-0.0028443671786107703,53865.48970715855,53832.67,53799.850292841445
2024-09-08 19:25:00,53834.01,53834.01,53822.0,53826.1,1.41965,54.32353603107964,0.5993587081247824,-8.437589792981088,9.03694850110587,21.81174270785051,53823.65912509048,53814.574145742714,65.99312624747108,28.57918575846285,39.40931771254541,27.965899131551662,53704.12710892321,59331.739529371174,53816.260190476205,-0.002192098396068314,53863.72656312374,53830.73,53797.73343687627
2024-09-08 19:26:00,53826.09,53843.0,53826.09,53842.99,3.77171,60.79399023966971,2.708497364721552,-6.20837236144056,8.916869726162112,20.834061774652948,53828.49184381786,53816.75998068559,50.87923749376205,15.658916230402422,37.80222359022099,79.16471611043319,53707.175166744746,59331.73730151031,53822.148095238095,-0.0015505903032517418,53853.46161874688,53828.022,53802.582381253116
2024-09-08 19:27:00,53843.0,53843.0,53826.09,53826.1,5.97995,51.96111667184349,2.982739931976539,-4.370149902757141,7.35288983473368,19.926215193826643,53827.89388286339,53817.47844370978,24.925621996226255,14.043031991408531,36.30992190520546,14.568399418568056,53710.16226340985,59331.73375842808,53824.91342857143,-0.0010021306346737898,53844.70281099812,53832.240000000005,53819.77718900189
2024-09-08 19:28:00,53826.1,53843.67,53826.09,53843.66,4.95489,59.332729212998224,4.564408724756504,-2.583238177254412,7.147646902010916,19.05970515562137,53831.83541214754,53819.492409578255,30.84514885475801,13.575273590939227,34.97207034054805,60.43665872349251,53713.089618141654,59331.73083205424,53829.43828571429,-0.0004738850592399876,53849.99457442738,53834.572,53819.14942557262
2024-09-08 19:29:00,53843.67,53850.59,53843.66,53848.0,4.35224,61.10297062232028,6.0978026937518734,-0.847030003053155,6.944832696805029,18.002928296766804,53835.87655911066,53821.68530114916,37.445259137050016,14.297678434815149,32.96906531622269,111.73699508876291,53715.95842577882,59331.72826364271,53833.7259047619,3.479527971183186e-05,53856.09262956852,53837.369999999995,53818.64737043147
2024-09-08 19:30:00,53848.01,53848.19,53831.1,53842.01,6.08765,56.993983155354414,6.751854348163761,0.6727468671902282,6.079107480973533,17.433041295014444,53837.409919333,53823.24873952231,30.04328357228951,14.469154039740518,31.834846365064198,72.0110414630452,53718.76985726324,59331.72466718388,53835.93866666666,0.00048669687096352987,53855.57364178615,53840.552,53825.53035821386
2024-09-08 19:31:00,53842.01,53875.58,53842.0,53875.58,7.50795,70.3866230514771,9.865292489383137,2.51125599162881,7.354036497754327,16.44471197395157,53846.95243949974,53827.27422109752,64.26588450906274,18.2777670580085,31.959500196131167,200.09883864591274,53721.52506011798,59331.720258771034,53841.751142857145,0.0010020324393260926,53879.202942254524,53847.06999999999,53814.93705774546
2024-09-08 19:32:00,53875.57,53896.0,53872.0,53878.73,21.55734,71.38984637268487,12.443452942025033,4.497695381708055,7.945757560316978,16.149531910541633,53854.89682962481,53831.23235793618,64.48041668298538,18.561482333283845,31.390964467836085,184.65906047458074,53727.68725771326,59331.70760838156,53847.34561904762,0.0015471864062817598,53889.8362083415,53857.596000000005,53825.35579165851
2024-09-08 19:33:00,53878.74,53913.0,53878.0,53896.0,12.772,76.60429949538657,15.699237308712327,6.73800376710891,8.961233541603416,16.3450627045673,53865.17262221861,53836.21448424878,80.63842840417055,23.883173150688766,31.648752720133505,151.09406550420934,53737.78602225047,59331.700137215266,53854.64542857142,0.0021485372140109013,53908.383214202084,53868.064,53827.74478579791
2024-09-08 19:34:00,53896.0,53897.27,53879.0,53897.27,3.65943,76.97462860515948,18.17246737027017,9.024896487741163,9.147570882529006,16.526627013305422,53873.196966663956,53840.91106238349,79.93934805454046,26.968068191317442,30.693127525838026,98.73855147286105,53751.80314047043,59331.69799708263,53861.49552380953,0.002762087841005859,53917.88767402726,53877.91799999999,53837.94832597272
2024-09-08 19:35:00,53897.28,53925.8,53897.28,53925.8,5.55435,83.86119199851763,22.17898702112143,11.655714594417216,10.523272426704214,17.43306855882562,53886.34772499796,53847.44098066169,71.46730032119376,31.97516000793014,30.53861841685003,126.79557745386543,53764.69888923279,59331.694765806555,53871.564190476194,0.003455572667176962,53930.409650160596,53894.676,53858.9423498394
2024-09-08 19:36:00,53925.8,53929.0,53908.91,53909.38,13.84439,69.50430621237216,23.755388604877226,14.075649396509219,9.679739208368007,18.35136067821867,53892.10579374847,53852.20552061079,62.460985383877414,33.164559209137735,29.79228852993192,99.77901495680766,53780.80900030951,59331.68668730378,53878.78380952382,0.004106429122996785,53932.66649269194,53901.436,53870.20550730806
2024-09-08 19:37:00,53909.37,53928.0,53909.37,53927.0,3.79218,75.01277859736692,26.12532843711233,16.485585204629842,9.639743232482488,19.20406050336936,53900.82934531136,53857.95894210227,53.400724255581736,32.2222240212451,28.994982206365165,96.53906818734292,53798.591920272374,59331.68448167908,53887.35876190476,0.004756651242358015,53937.790362127795,53911.090000000004,53884.38963787221
2024-09-08 19:38:00,53927.0,53941.14,53927.0,53939.14,6.74553,78.25957279367063,28.65282741180272,18.919033646064417,9.733793765738302,20.330925688468337,53910.407008983515,53864.20363886363,58.733817234417074,32.96531370315212,27.933912048767613,113.1734322518098,53814.24088983969,59331.68056713083,53896.64761904761,0.005413230151200528,53949.08490861722,53919.71800000001,53890.3510913828
2024-09-08 19:39:00,53939.13,53939.14,53921.63,53938.5,12.45901,77.62151292132279,30.25547957245726,21.186322831342988,9.069156741114274,21.099970636900956,53917.430256737636,53869.918743566435,43.336354886341724,31.349926755131747,27.189346902427214,88.30269928351403,53832.00676526214,59331.67333610774,53904.849904761904,0.006032909325922587,53949.63217744317,53927.964,53906.29582255683
2024-09-08 19:40:00,53938.5,53966.0,53938.5,53965.99,16.46588,84.24319292408134,33.359261412595515,23.620910547593496,9.738350865002019,22.47434726555445,53929.57019255323,53877.30884021518,73.86764275883615,29.00353765401078,27.2115364093967,149.03090790547193,53847.28541812544,59331.663828298304,53915.64704761905,0.006689156284356908,53972.93582137942,53936.002,53899.06817862058
2024-09-08 19:41:00,53966.0,53973.0,53954.9,53973.0,7.48503,85.55143111752761,35.97003907752514,26.090736253579827,9.879302823945316,23.905179892694996,53940.42764441492,53884.66969866017,70.55787280386721,30.488238111106437,26.560712380153973,138.32492163400465,53866.27975122537,59331.65951191313,53926.20742857143,0.007354002328397332,53984.004936401936,53948.726,53913.44706359807
2024-09-08 19:42:00,53973.0,53978.0,53960.0,53964.35,14.07584,76.18512924923347,36.915576688763394,28.25570434061654,8.659872348146855,25.34532455333069,53946.408233311195,53890.79895260939,57.93347887467826,27.941118024472186,25.94923292442869,110.05947323706432,53885.4893960048,59331.65138172794,53934.21542857143,0.007950223067718296,53985.162739437335,53956.195999999996,53927.22926056266
2024-09-08 19:43:00,53964.36,53974.0,53960.01,53969.0,6.16076,77.75610607499287,37.606632347844425,30.125889942062116,7.480742405782308,26.682601738206696,53952.056174983394,53896.814417793285,48.77872821690107,26.513260179584854,25.095002001255065,84.86207196355427,53903.99151680384,59331.64782637233,53941.694,0.008476132489207186,53986.55736410844,53962.16799999999,53937.77863589154
2024-09-08 19:44:00,53969.0,53980.0,53968.99,53979.99,5.10633,81.26180958343133,38.59618726764893,31.81994940717948,6.77623786046945,28.069843247993383,53959.039631237545,53903.212539501495,22.394055781987845,24.174490982101666,24.08893042973699,90.90288543383627,53918.793213443074,59331.64488556776,53949.485523809526,0.008955592792669087,53981.66302789099,53970.46599999999,53959.268972109
2024-09-08 19:45:00,53979.99,53995.0,53970.31,53994.99,21.58602,85.10632110564035,40.12821819038072,33.48160316381973,6.646615026560994,29.70172210584035,53968.02722342816,53910.27234415523,42.70489590553916,26.516277848033518,24.131863970470228,111.13231054979842,53931.03457075446,59331.63248876663,53957.962952380956,0.009420184464068697,53997.61844795276,53976.26599999999,53954.91355204722
2024-09-08 19:46:00,53994.99,54024.56,53994.95,54024.55,103.98128,89.97184020205621,43.229288364134845,35.431140203882755,7.79814816025209,31.775549780748324,53982.15791757112,53919.06293306637,86.88578603079077,28.860616317978334,24.523159401150966,185.93288460605962,53943.82765660357,59331.5731041334,53969.24447619048,0.009943583943821936,54030.018893015396,53986.576,53943.133106984606
2024-09-08 19:47:00,54024.56,54024.56,53954.0,53954.0,11.56028,46.48210222702382,39.53834005737008,36.25258017458022,3.2857598827898613,31.524038702027458,53975.11843817834,53921.75039975358,96.41381464402366,25.727984263345824,27.811505158211446,24.8359281699438,54024.56,59331.5664142705,53969.73057142858,0.010208527524878941,54032.71290732202,53984.50600000001,53936.299092678
2024-09-08 19:48:00,53954.0,53957.99,53951.64,53952.01,2.45567,45.733837731725544,36.03724562835123,36.20951326533442,-0.17226763698319303,31.182598970736137,53969.34132863376,53924.078061311004,108.26196897456248,24.274047957759766,26.27854050405338,-104.60994707921812,54024.56,59331.564992665655,53969.39895238095,0.010261788044453003,54035.23898448729,53981.10800000001,53926.977015512726
2024-09-08 19:49:00,53952.0,53961.0,53946.0,53946.0,4.33429,43.21277213234027,32.40411186625715,35.44843298551897,-3.0443211192618165,30.59920907567448,53963.505996475316,53925.76436428708,122.15350437186135,23.22981713780806,25.472930468049565,-111.14891548698698,54024.56,59331.56248071294,53967.74466666666,0.01012912617817741,54035.38675218593,53974.31,53913.23324781407
2024-09-08 19:50:00,53946.0,53946.01,53870.01,53870.01,14.80988,23.531347887451446,23.126481575534854,32.98404270352215,-9.857561127987296,29.398324418130706,53940.13199735649,53921.475567034235,195.87579404970165,39.96626921995888,29.082006863188884,-218.14189810555956,54019.846399999995,59331.55377650651,53955.765999999996,0.009582368181309435,54047.25189702485,53949.314,53851.37610297515
2024-09-08 19:51:00,53870.0,53901.1,53869.9,53882.65,10.01102,29.90385602517594,16.602452355444257,29.707724633906572,-13.105272278462316,28.286087861176235,53925.76149801737,53918.48898495468,146.9291071738844,46.99596593588173,29.233292087246614,-153.02520478227729,54007.859487999995,59331.54790636554,53945.84761904761,0.008808909387869159,53994.39855358695,53920.93400000001,53847.469446413066
2024-09-08 19:52:00,53882.65,53882.66,53861.0,53861.01,4.97583,25.532538211524965,9.575563908307231,25.681292488786706,-16.105728580479475,27.493547586005636,53909.57362351303,53914.067524573555,155.0679664377094,55.07474997993492,28.692342652443532,-123.11211462076525,53994.0635392,59331.54497711582,53933.46628571428,0.007821248885458843,53979.869983218865,53902.33600000001,53824.802016781156
2024-09-08 19:53:00,53861.0,53875.99,53861.0,53875.98,4.64338,33.591095466409854,5.155231775555876,21.576080346140543,-16.420848570584667,26.75761733049008,53901.17521763477,53911.137714990975,121.13355898055306,58.049580310596376,27.713603891554563,-87.22962245087331,53978.095914496,59331.54225106108,53923.825047619044,0.006771584122993861,53947.69677949028,53887.130000000005,53826.56322050973
2024-09-08 19:54:00,53875.99,53913.0,53875.98,53912.99,5.08389,49.73011555984726,4.5856241869259975,18.177989114297635,-13.592364927371637,24.944573243746074,53904.12891322608,53911.280198453205,70.89257568582252,55.99719235828416,28.37834647072901,-35.03249593108701,53964.04440475648,59331.53928664071,53919.71390476191,0.005846420023327136,53915.97428784292,53880.528000000006,53845.081712157094
2024-09-08 19:55:00,53912.99,53929.0,53909.0,53909.0,8.07297,48.21424786086675,3.768802011371008,15.296151693712309,-11.5273496823413,23.744929911827505,53905.34668491956,53911.104798572196,79.32780783105409,50.832143677942746,27.779893151391224,5.300927338184587,53951.679076185705,59331.53457582577,53915.57552380952,0.005018531392994994,53927.98990391553,53888.326,53848.662096084474
2024-09-08 19:56:00,53908.0,53908.01,53871.35,53879.44,18.05698,37.93437872142781,0.7278296286822297,12.382487280706293,-11.654657652024063,22.612071722254793,53898.87001368967,53908.66904483588,80.22398229512328,35.779295328730576,28.484900783434814,-44.820382216302576,53940.79758704342,59331.523981638304,53908.10533333334,0.0041744648217392315,53927.79599114757,53887.68400000001,53847.57200885245
2024-09-08 19:57:00,53879.44,53906.0,53879.43,53901.99,6.89762,48.07006835546702,0.13586745274369605,9.933163315113774,-9.797295862370078,21.56013197479442,53899.65001026725,53908.155272156204,61.14905257806822,31.246510983823637,28.348122156046593,-2.674186179334653,53931.2218765982,59331.519951493465,53904.45047619048,0.003429397973034607,53926.45452628904,53895.880000000005,53865.30547371097
2024-09-08 19:58:00,53902.0,53919.0,53901.99,53919.0,4.53945,54.75788166488639,1.0274541530525312,8.152021482701526,-7.124567329648995,20.151451571692565,53904.48750770044,53908.98948199034,54.75421130012546,26.405395256659695,27.538256287757694,106.44326190133091,53922.795251406416,59331.517307493974,53903.7018095238,0.002837598853532547,53931.86110565006,53904.484,53877.106894349934
2024-09-08 19:59:00,53919.0,53919.0,53907.17,53907.18,2.72907,49.447727424837396,0.7713758794634487,6.6758923620539115,-5.904516482590463,18.843391197383703,53905.160630775325,53908.85029106801,52.613231863389956,20.37021989715275,26.416237981489413,77.216279836944,53861.0,59331.51571447901,53901.958,0.002325527373364464,53929.628615931695,53903.322,53877.015384068305
2024-09-08 20:00:00,53907.18,53947.7,53907.17,53947.7,4.94811,63.8635443154786,3.794318817483145,6.099577653139759,-2.3052588356566144,18.278930745879997,53915.795473081496,53911.83873021663,89.4905894886324,25.30156454969558,27.42436383995437,134.7535356837418,53862.16,59331.51284774239,53906.45314285714,0.0020311357383034014,53955.807294744314,53911.062,53866.31670525568
2024-09-08 20:01:00,53947.69,53980.0,53947.69,53974.01,5.73512,70.43311268610691,8.218284722570388,6.523319067025885,1.694965655544503,18.594579624133512,53930.349104811125,53916.62113558459,108.46536172811466,33.59766439965189,27.773337851386035,191.7793734118003,53865.581600000005,59331.50954128512,53915.18819047618,0.001986566191971405,53984.20868086406,53929.976,53875.743319135945
2024-09-08 20:02:00,53974.0,53978.0,53952.0,53952.0,5.02805,59.56269857256403,9.83491573399806,7.18563840042032,2.6492773335777393,18.88768215394035,53935.761828608345,53919.34258669346,95.96866075285652,31.46109761461452,27.64667086200132,119.82168338846766,53872.446704,59331.50663056781,53920.798,0.002027635517556887,53987.96233037643,53939.978,53891.993669623575
2024-09-08 20:03:00,53952.0,53977.0,53952.0,53977.0,2.41665,66.5907796144607,12.983730164778535,8.345256753291963,4.638473411486572,19.15984878876099,53946.07137145626,53923.77777233243,100.17380020028213,32.68939068140488,27.45762294328694,102.8293235600639,53878.89990176,59331.50523808174,53929.74123809524,0.0022109177449589385,54001.66490010014,53951.578,53901.49109989986
2024-09-08 20:04:00,53977.0,53995.39,53976.99,53991.93,2.72193,70.29112185218142,16.493784432030225,9.974962289039615,6.51882214299061,19.88643361330146,53957.53602859219,53929.02025138379,65.88379957451252,37.78751194086613,26.810649875909405,111.27638812860788,53884.9659076544,59331.503674065774,53940.379904761896,0.0025313534289097828,54001.46989978726,53968.528000000006,53935.58610021275
2024-09-08 20:05:00,53991.94,54021.23,53977.18,54007.0,11.33284,73.80529926801024,20.258028835931327,12.031575598417959,8.226453237513368,21.14128363898692,53969.90202144414,53935.018693585036,73.74447020786465,42.44913888431059,28.04203202763037,111.95463003430594,53893.799835042046,59331.49718062509,53951.86676190476,0.002979534211868663,54017.26023510393,53980.388,53943.51576489607
2024-09-08 20:06:00,54007.0,54007.01,53988.48,53988.48,11.9316,62.842964275960966,21.498983524608775,13.925057183656124,7.573926340952651,22.306501519980564,53974.54651608311,53939.13110177081,73.37307521296316,37.21212641095902,27.362601168513834,85.78744377365146,53906.542851537844,59331.49032034752,53959.7,0.003421098406114966,54019.96853760647,53983.28199999999,53946.59546239351
2024-09-08 20:07:00,53988.49,54041.8,53988.48,54041.78,11.71837,75.44082437751406,26.47809066218906,16.435663879362714,10.042426782826347,24.068272933804476,53991.35488706233,53947.02717086536,89.68817718073842,40.51588061528909,29.216701085048538,129.91814076317024,53918.01156638406,59331.48364989987,53973.42590476191,0.004025635206287997,54046.08208859037,54001.238,53956.39391140963
2024-09-08 20:08:00,54041.78,54041.79,54020.0,54026.59,10.65115,67.60238586860595,28.865618013136555,18.921654706117483,9.943963307019072,25.70420353235525,54000.16366529674,53953.1473884911,81.52839979964483,39.56270281793246,28.686222436116562,119.09374092288094,53932.86617841798,59331.47756955002,53983.54742857142,0.004650439692360322,54051.92019989982,54011.155999999995,53970.39180010017
2024-09-08 20:09:00,54026.59,54031.1,54013.0,54031.1,5.52522,68.75889619315636,30.76700704293762,21.290725173481512,9.476281869456109,26.863312376323496,54007.89774897256,53959.143743222565,75.86126857495401,32.525051487527435,27.93006369067956,90.20023894504953,53945.938237007824,59331.47441809212,53993.188380952386,0.0052691854763388815,54056.92063428748,54018.990000000005,53981.05936571253
2024-09-08 20:10:00,54031.09,54072.0,54030.64,54071.99,9.20848,77.49818150040151,35.167958481753885,24.06617183513599,11.101786646617896,28.675723299873734,54023.92081172942,53967.82422451314,107.6128788094502,36.47642806351073,28.889344855631062,138.07766996585215,53957.441648566884,59331.46920631518,54007.11847619048,0.005995053789020301,54085.79443940472,54031.988,53978.18156059527
2024-09-08 20:11:00,54071.99,54072.0,54062.0,54062.02,4.87647,71.63499040978738,37.419895267361426,26.73691652158108,10.682978745780346,30.358676300313242,54033.44560879706,53975.07005339675,70.34235803195043,38.41582539713974,27.5401059373717,124.55904129260325,53973.47981776752,59331.46644112346,54017.88542857143,0.006713601614954421,54081.86717901597,54046.695999999996,54011.52482098402
2024-09-08 20:12:00,54062.02,54065.0,54050.11,54050.11,3.39681,64.62611361428392,37.80771018181258,28.951075253627383,8.856634928185198,31.307507133851235,54037.61170659779,53980.842356981615,69.73952341015683,32.63483836933947,26.63652694184511,84.09869546817472,53987.27264328006,59331.464510617945,54025.54028571429,0.0073400569745575555,54083.23176170508,54048.362,54013.49223829492
2024-09-08 20:13:00,54050.12,54085.5,54032.19,54073.17,19.643,71.17811999930805,39.52024083919969,31.064908370741847,8.45533246845784,32.570509573773165,54046.50127994834,53987.944483367646,62.670004351151874,31.118490552832313,28.541775017427433,84.06479438974742,53999.13447322085,59331.453395703706,54035.02114285714,0.007947018453054705,54089.013002175576,54057.678,54026.342997824424
2024-09-08 20:14:00,54073.16,54111.34,54073.16,54108.63,23.25206,78.51973800559723,43.24031197146542,33.499989090886565,9.740322880578852,34.15903137090454,54062.033459961254,53997.22798464706,78.27927422506036,35.04882196250501,29.23021965903926,140.7430762161269,54012.95295750551,59331.440327404125,54047.649142857146,0.008627649854749333,54112.323637112524,54073.183999999994,54034.044362887464
2024-09-08 20:15:00,54108.01,54112.5,54096.95,54099.0,11.08877,72.5012963836382,44.89392540021072,35.77877635275139,9.115149047459326,35.65179499328174,54071.275094970944,54005.05660121268,88.25456256275356,35.71705364338135,28.253061111965234,137.319396086221,54030.66262515452,59331.43408374122,54057.46047619047,0.009276565706743147,54122.71328128137,54078.585999999996,54034.45871871862
2024-09-08 20:16:00,54099.01,54146.99,54099.0,54146.99,11.60152,81.14414831543247,49.50614189965563,38.524249462132246,10.981892437523385,37.517568480235234,54090.203821228206,54015.97455496555,131.3890816961357,37.88153205682814,29.662842461110426,150.33991317877346,54047.030100123615,59331.42761129674,54072.4800952381,0.010031887474437116,54161.27454084807,54095.58,54029.885459151934
2024-09-08 20:17:00,54146.99,54152.0,54141.53,54150.01,10.89844,81.58130895708206,52.79644095876574,41.37868776145895,11.417753197306794,39.312435333501625,54105.15536592116,54026.284973814356,117.21867252589436,43.592330070531695,28.291925142459764,131.9553176424634,54067.02208009889,59331.421534654466,54086.04533333333,0.010817234157769548,54174.169336262945,54115.56,54056.95066373705
2024-09-08 20:18:00,54150.01,54186.96,54141.53,54186.95,11.95704,86.25781810419551,57.71942237591429,44.64683468435002,13.072587691564273,41.369955884770505,54125.604024440865,54038.643821982485,126.54498256540683,49.986476714405605,29.516073346569804,139.15729844811239,54084.01766407911,59331.41491531539,54102.88819047619,0.0117013912006523,54201.58849128271,54138.316000000006,54075.0435087173
2024-09-08 20:19:00,54186.95,54271.98,54181.0,54238.99,33.25111,90.38486932445763,65.07002693492541,48.7314731344651,16.33855380046031,43.91195449376571,54153.95051833065,54054.05506644538,186.41467711579753,61.07356485690503,33.906353821815046,162.18507635242898,54104.60613126329,59331.39669401341,54124.81238095238,0.012779053825193315,54257.5953385579,54164.388,54071.1806614421
2024-09-08 20:20:00,54238.99,54238.99,54212.0,54217.0,10.9405,78.43977238769469,68.33332079813408,52.6518426671989,15.681478130935183,46.27238177354699,54169.712888747985,54066.589292103425,144.96501041259035,65.76317535000688,33.412328548828114,113.48241480327188,54138.08090501063,59331.39067285998,54141.595142857135,0.013835244144451826,54260.47050520629,54187.988,54115.5054947937
2024-09-08 20:21:00,54217.0,54217.0,54163.02,54165.0,14.53945,57.04631773559664,65.96315706363384,55.31410554648589,10.649051517147953,46.48856154821487,54168.53466656099,54074.15934655701,130.84197578713065,61.27297585313369,34.88144793819776,45.959192733595636,54271.98,59331.38258967245,54149.26819047619,0.014616280241794557,54257.01098789357,54191.590000000004,54126.16901210644
2024-09-08 20:22:00,54164.99,54176.0,54164.99,54174.73,5.56006,59.52500718980824,64.13065662135341,57.0774157614594,7.053240859894011,46.68929991040647,54170.08349992074,54081.895550668014,110.02588191795803,52.14170764917112,33.17634451404092,17.60451113950848,54269.800800000005,59331.37950439287,54157.06504761904,0.015185980612570206,54251.54694095898,54196.534,54141.52105904102
2024-09-08 20:23:00,54174.0,54194.0,54165.0,54193.99,8.73453,64.40417218578017,63.50051346432883,58.36203530203329,5.1384781622955416,47.10188838837258,54176.06012494056,54090.518200616636,108.63128317298833,44.19671426852014,32.87803419160942,28.58679608735118,54267.665184000005,59331.37467570871,54166.019047619055,0.015629536254792423,54252.2576415865,54197.942,54143.62635841351
2024-09-08 20:24:00,54193.99,54200.0,54192.0,54197.0,3.29586,65.19110989915293,62.523272945705685,59.194282830767776,3.328990114937909,47.55946158025025,54181.29509370542,54098.709108261515,72.68679530631925,39.57078596815569,31.10103174935161,40.541107749346864,54265.572280320004,59331.37285473814,54173.823047619044,0.01594977265436414,54225.88739765317,54189.54400000001,54153.20060234685
2024-09-08 20:25:00,54197.0,54200.0,54190.0,54190.0,7.78568,61.40282687451799,60.486708175325475,59.452767899679316,1.0339402756461595,47.89871109850207,54183.471320279066,54105.73148454909,49.04297515406506,28.588482372527963,29.593815195826494,15.080545123984061,54263.521234713604,59331.368547271755,54179.503142857146,0.01611707172997595,54208.66548757704,54184.14400000001,54159.622512422975
2024-09-08 20:26:00,54190.01,54206.7,54190.0,54194.0,2.35759,62.88187815979151,58.52089009966585,59.26639233967663,-0.7455022400107794,48.30708477569164,54186.1034902093,54112.52137035301,31.702476431644754,25.10142202545574,28.672828396124395,10.872788216723581,54261.51121001933,59331.36724393951,54184.49771428571,0.01615764380826714,54205.795238215826,54189.944,54174.09276178418
2024-09-08 20:27:00,54194.0,54198.99,54190.1,54198.98,5.32541,64.89183382506668,56.71107946945267,58.755329765631835,-2.0442502961791646,48.68628890451053,54189.32261765698,54119.172034172014,12.217782607564004,20.64850470594421,27.25976922497261,-5.41672929503877,54259.54138581894,59331.36430278152,54188.7859047619,0.016097961083130614,54200.90289130379,54194.79400000001,54188.68510869623
2024-09-08 20:28:00,54198.99,54214.0,54197.0,54214.0,7.12603,70.64497216862392,55.84503319826035,58.17327045215754,-2.3282372538971856,49.25863783456651,54195.49196324273,54126.46649308186,32.731254357277066,21.145925715620578,26.526928566045996,87.22055257806156,54257.61095810257,59331.36037868631,54193.87857142857,0.015996469989191523,54215.16162717865,54198.79600000001,54182.43037282137
2024-09-08 20:29:00,54213.99,54242.95,54213.99,54226.01,5.25821,74.63349138696557,55.48815896073938,57.636248153873915,-2.148089193134531,50.1653283846478,54203.12147243205,54134.12368592172,53.780363737474545,18.623350842212933,26.700719382756933,197.21487299789953,54255.71913894051,59331.35748994409,54199.56904761905,0.015883415502412606,54231.488181868735,54204.598,54177.70781813126
2024-09-08 20:30:00,54226.01,54230.09,54226.0,54226.0,4.87299,74.62336062212087,54.57541522524116,57.024081568147366,-2.4486663429062077,51.007255324009,54208.84110432404,54141.19109469697,53.35455297961016,19.86925254237327,25.085667998274044,129.93080198721614,54253.8651561617,59331.354812830745,54204.04857142857,0.015736330470794993,54238.4752764898,54211.797999999995,54185.12072351019
2024-09-08 20:31:00,54226.0,54246.0,54226.0,54245.99,3.70541,80.8566842843849,54.833004432752205,56.58586614106834,-1.7528617083161322,51.98410414055644,54218.12832824303,54149.25254895106,62.00202296326461,21.385052618255447,24.722405998397328,132.1225949997265,54252.04825303847,59331.35278513266,54210.44095238096,0.015614179726766887,54253.19701148164,54222.19600000001,54191.19498851838
2024-09-08 20:32:00,54246.0,54246.0,54217.0,54217.0,6.24519,56.643483972106345,52.09734920293704,55.688162753442086,-3.5908135505050467,52.39839119265922,54217.84624618227,54154.463891339445,44.69989068774157,18.48265940878164,25.02794842708323,59.90426543731853,54250.2676879777,59331.349348121395,54212.053904761895,0.015378679642590294,54248.149945343874,54225.8,54203.45005465613
2024-09-08 20:33:00,54217.01,54242.62,54217.0,54240.0,2.91585,66.26214467033418,51.19508542797848,54.78954728834937,-3.5944618603708847,52.78308631246894,54223.3846846367,54161.04359200565,42.013333924347535,19.66140110133997,25.0702378251489,69.90966740003888,54248.522734218146,59331.347750615176,54216.44733333334,0.015130370314001078,54252.006666962174,54231.0,54209.993333037826
2024-09-08 20:34:00,54240.0,54275.0,54230.24,54244.01,6.37728,67.75862682228319,50.2246498729146,53.87656780526242,-3.6519179323478212,53.58897163990465,54228.54101347753,54167.425623389834,44.94120856629161,20.50829742494786,26.476649409066983,120.38851015952535,54163.02,59331.34425945127,54221.3658095238,0.014869020056135463,54257.070604283144,54234.6,54212.12939571685
2024-09-08 20:35:00,54244.01,54308.72,54241.0,54294.0,13.4109,80.61894109230916,52.879782701595104,53.67721078452896,-0.7974280829338554,54.70435215463924,54244.905760108144,54177.16211389831,100.57053359333077,28.602875476034328,29.42260302270514,196.7061956188427,54165.2596,59331.33698997518,54232.69238095238,0.01476154977659045,54298.48526679666,54248.2,54197.91473320333
2024-09-08 20:36:00,54294.01,54298.0,54285.0,54291.77,4.42724,78.93354253435857,54.179504630599695,53.77766955374311,0.40183507685658526,55.74006263260707,54256.621820081105,54185.97810513691,121.78747641340306,31.494182036829464,28.249559949654774,155.40143660872275,54170.998016,59331.3345890997,54242.49304761905,0.014724766370158624,54318.24973820671,54257.35600000001,54196.462261793306
2024-09-08 20:37:00,54291.78,54293.44,54274.0,54274.0,16.78636,65.78301654540464,53.16282517747459,53.65470067848941,-0.4918755010148246,56.081459260960926,54260.96636506083,54192.74902012638,91.80283552821493,29.573110984199566,27.62030566753674,88.23406317462536,54176.50689536,59331.3254538424,54248.80971428571,0.01464390975318878,54314.657417764116,54268.75600000001,54222.8545822359
2024-09-08 20:38:00,54274.0,54330.16,54274.0,54321.0,77.86,77.61807918067228,55.50972503411322,54.02570554961418,1.4840194844990364,56.8377582467612,54275.97477379562,54202.61448011666,101.57169985209475,35.045570396272225,29.658855262712937,118.96121946428757,54181.7954195456,59331.28347608225,54260.63104761905,0.014677950825144762,54335.74184992605,54284.956000000006,54234.17015007396
2024-09-08 20:39:00,54321.0,54333.0,54301.0,54301.0,15.93401,65.96693604528394,55.12043318351061,54.24465107639347,0.8757821071171463,57.57052953292446,54282.23108034671,54210.18259703076,60.80174183951749,35.46566021384219,29.82607988680487,99.94457438348883,54190.69729437286,59331.27485114932,54268.60476190476,0.01468653162767761,54326.754870919765,54296.35400000001,54265.95312908025
2024-09-08 20:40:00,54301.01,54390.0,54301.0,54381.0,29.06324,80.21933120882909,60.569045742922754,55.509530009699326,5.059515733223428,58.760541309938745,54306.923310260034,54223.322397259166,147.52214955906675,47.964046129136854,34.05278846631881,160.93877777868417,54202.08151082303,59331.259369751766,54286.188,0.014937537758982416,54387.515074779534,54313.754,54239.99292522047
2024-09-08 20:41:00,54381.0,54397.75,54364.11,54364.11,10.44357,72.52460636914994,62.80030577387515,56.967685162534494,5.8326206113406585,59.922190893946365,54321.219982695024,54234.15221285462,158.05503396718996,52.70116967893677,34.02330357586742,145.70491957371988,54220.873359740726,59331.25378771701,54299.73828571429,0.01524984459733051,54407.24951698359,54328.221999999994,54249.1944830164
2024-09-08 20:42:00,54364.12,54364.12,54315.96,54319.01,9.15274,55.47424476160291,60.23505017677962,57.62115816538352,2.6138920113961035,58.86643765791444,54320.667487021274,54240.67973494273,120.61629993608221,45.825373708601376,35.03306760616285,50.396460861569516,54242.09855657184,59331.24885121614,54305.70257142857,0.0153971937941246,54397.53214996804,54337.224,54276.91585003196
2024-09-08 20:43:00,54319.01,54344.3,54317.0,54336.0,8.69387,59.7517744711778,58.894122855090245,57.875751103324866,1.018371751765379,57.88609536731337,54324.500615265955,54248.012063024056,116.476554766341,40.96069102042698,34.48070563429429,32.92631796415062,54260.77672978322,59331.24417810865,54312.932095238095,0.015458846604254143,54398.46227738317,54340.224,54281.98572261683
2024-09-08 20:44:00,54336.01,54344.99,54336.0,54336.01,2.51661,59.75450525221183,57.173178396740695,57.73523656200803,-0.562058165267338,56.9868646564873,54327.37796144947,54254.78113509913,88.97130846604705,33.497734384213835,32.65994094613027,36.97576250426468,54277.21352220923,59331.24282539101,54319.11542857143,0.015430212254754388,54391.711654233026,54347.226,54302.74034576698
2024-09-08 20:45:00,54336.01,54360.0,54336.0,54359.01,3.25687,66.10225787392817,57.00807173112116,57.589803595830666,-0.5817318647095036,56.394766794821294,54335.285971087105,54262.79874009151,66.33694236402516,33.81205927197861,32.041373735692396,61.067924047423425,54291.67789954413,59331.241082833534,54327.31771428571,0.015395042504956054,54375.996471182014,54342.828,54309.65952881799
2024-09-08 20:46:00,54359.01,54359.01,54297.04,54321.04,14.12418,50.36509643916199,53.200104152849235,56.71186370723438,-3.5117595543851436,54.27256059301363,54331.72447831533,54267.27883700755,57.29845486837439,31.48618469515797,34.1791327545716,-46.117776653090594,54397.75,59331.2334681305,54329.380952380954,0.015189989383852267,54362.86322743419,54334.214,54305.56477256581
2024-09-08 20:47:00,54321.04,54346.94,54320.0,54346.94,4.2328,58.46008317485423,51.67648164392449,55.704787294572405,-4.028305650647916,52.301940548477944,54335.5283587365,54273.40661877621,50.620004605312715,24.412373547377605,33.66205184353093,-11.899046946691385,54395.7358,59331.231197922105,54333.90666666666,0.014943611124186837,54365.11000230266,54339.8,54314.48999769735
2024-09-08 20:48:00,54346.94,54367.59,54326.23,54367.59,11.4021,64.0669984449299,51.54114797859802,54.87205943137753,-3.3309114527795103,50.908900039080415,54343.543769052376,54280.65149425496,65.94552298808412,25.134025123039272,34.21190528327825,45.14734546577407,54393.761884,59331.22510789724,54340.16723809524,0.014725311791048409,54379.09076149404,54346.117999999995,54313.14523850595
2024-09-08 20:49:00,54368.0,54374.0,54345.07,54363.93,8.68728,62.27909949041072,50.55578800741932,54.00880514658589,-3.453017139166569,49.74557588346101,54348.64032678928,54287.057533158426,67.36632157176791,20.928442422261877,33.83462633447268,77.77211697967581,54391.82744632,59331.22046448528,54344.76285714285,0.014493183315444965,54385.38516078589,54351.702000000005,54318.01883921412
2024-09-08 20:50:00,54363.93,54377.57,54352.01,54352.01,5.56944,56.154603255055356,48.25676480484253,52.858397078237225,-4.601632273394692,48.74011112523083,54349.48274509196,54292.05387676163,65.85030662135978,17.857205610635997,33.2435815962959,97.06041322848641,54389.9316973936,59331.217480441526,54347.10314285714,0.014190466361684395,54383.22715331068,54350.302,54317.37684668932
2024-09-08 20:51:00,54352.01,54352.01,54342.0,54342.01,2.32622,51.09611316723816,45.10788036061422,51.30829373471262,-6.200413374098403,47.35958064054239,54347.614558818976,54295.89665547228,39.17658854572801,16.779611073413236,31.58404005370348,0.4541903895274183,54388.07386344573,59331.21623157675,54347.53638095238,0.013789715330225185,54374.08429427286,54354.496,54334.907705727135
2024-09-08 20:52:00,54342.0,54387.17,54342.0,54380.99,38.37946,65.59372052921745,45.23627140447934,50.09388926866597,-4.857617864186629,46.826536449591835,54355.95841911423,54302.442297359026,53.444101358400076,17.79388250058725,32.55446576415311,124.10223613661125,54297.04,59331.19578808015,54352.51923809524,0.013453955862034213,54388.0280506792,54361.306,54334.5839493208
2024-09-08 20:53:00,54380.99,54390.01,54354.72,54354.72,24.20363,52.90897432294658,42.72573707810079,48.620258830552935,-5.8945217524521425,46.38632630935074,54355.64881433567,54306.46365910064,52.561410959329805,17.062403536595074,32.74986106671366,84.98093722796608,54298.8426,59331.18282725829,54353.428095238094,0.01305523261872743,54385.01270547966,54358.731999999996,54332.45129452033
2024-09-08 20:54:00,54354.73,54400.08,54354.72,54394.0,29.25428,65.03971116860804,43.405338536605996,47.57727477176355,-4.171936235157553,46.17440542619003,54365.23661075175,54313.19722378521,77.96031791859423,20.393013291690316,33.65058527623416,132.32727272721584,54302.48929600001,59331.16728559854,54359.06266666668,0.012747376312025653,54403.726158959296,54364.746,54325.7658410407
2024-09-08 20:55:00,54394.01,54400.0,54390.0,54390.47,18.19223,63.281739338454294,43.161546647548676,46.69412914692058,-3.5325824993719053,45.97762174896935,54371.544958063816,54319.14128349404,82.03414217193495,22.811031639316795,31.96125775650315,152.6496102589415,54308.344738240005,59331.15761391436,54364.10276190476,0.012475950861827553,54413.45507108597,54372.438,54331.420928914034
2024-09-08 20:56:00,54390.48,54393.0,54387.05,54390.48,18.84756,63.28511284879795,42.47946984960436,45.85119728745734,-3.3717274378529822,45.635755608922864,54376.27871854787,54324.62887707142,57.488295867762645,19.498661834652225,30.103310773895576,105.36809815951102,54313.8488539456,59331.14759389193,54368.89314285714,0.012216214458574811,54410.87614793388,54382.132,54353.38785206612
2024-09-08 20:57:00,54390.47,54408.63,54382.39,54408.62,19.37272,69.40412542907532,42.90804820050107,45.26256747006609,-2.3545192695650172,45.66032386132851,54384.3640389109,54331.089732681314,71.11476134895929,21.625766113868455,29.82736000433146,111.04227719361064,54319.02272270886,59331.13733253256,54375.42152380952,0.01201685501287522,54423.215380674475,54387.657999999996,54352.100619325516
2024-09-08 20:58:00,54408.63,54471.9,54408.62,54461.57,63.31749,80.68173729721882,46.97877997741307,45.605809971535486,1.3729700058775833,46.69393745023164,54403.66552918318,54341.12667632122,108.44495821147575,34.74136164437234,32.21683428973627,200.4313224486909,54326.191304892156,59331.104155522546,54388.31828571428,0.012033520105896698,54463.25047910574,54409.028000000006,54354.80552089427
2024-09-08 20:59:00,54461.58,54519.3,54454.42,54510.01,55.22119,86.24686736732104,53.49688857780711,47.18402569278982,6.312862885017296,48.150588725024356,54430.25164688739,54354.11770121959,187.23210041345737,51.89679677570365,34.54991755475544,197.8322315759098,54340.76217440294,59331.075508995884,54406.47790476191,0.01234484461785102,54525.84605020673,54432.23,54338.613949793275
2024-09-08 21:00:00,54510.0,54531.1,54439.45,54444.0,33.40057,58.628289175766504,52.728262682649074,48.29287309076167,4.435389591887407,48.83463571359774,54433.68873516554,54361.0317242027,167.58519448066363,50.885950134969576,38.62849487227301,100.6260776616196,54362.186713474584,59331.057945055094,54414.398095238095,0.012578408928209725,54526.72859724033,54442.936,54359.14340275967
2024-09-08 21:01:00,54444.0,54464.0,54415.0,54415.0,13.84522,50.16017772313643,49.2117807114264,48.47665461489462,0.7351260965317792,48.45933013176163,54429.01655137415,54365.18313003327,146.2604938630684,45.35254117623519,39.36931666711065,20.959768022184313,54385.834573588145,59331.05062127587,54417.28057142857,0.012620893501996102,54520.97024693154,54447.840000000004,54374.70975306847
2024-09-08 21:02:00,54415.0,54418.31,54404.0,54418.31,8.12037,51.127028239334244,46.15992981418822,48.01330965475334,-1.8533798405651254,47.68371646671903,54426.33991353061,54369.2698123384,138.56492543587228,43.75146935982683,37.579365476602575,-23.687177402648707,54531.1,59331.04632870312,54419.956190476194,0.01252079304222539,54519.06046271794,54449.778000000006,54380.49553728207
2024-09-08 21:03:00,54418.31,54487.0,54418.3,54485.99,8.81364,66.88797229523516,48.64181381418166,48.13901048663901,0.5028033275426509,47.93867806785244,54441.25243514795,54378.24828831238,150.2325125963107,42.077067296344836,39.80226794255933,63.24091101996885,54528.558,59331.04173384891,54431.17276190477,0.01254840735874485,54529.77825629815,54454.662,54379.54574370184
2024-09-08 21:04:00,54486.0,54495.0,54387.41,54388.31,16.73247,42.91757608089495,42.23985040889238,46.959178471089686,-4.719328062197306,47.14034040314779,54428.01682636097,54379.0222661345,131.8189516012353,42.67985593064853,44.64424880380484,-32.17553077603434,54526.06684,59331.032834793485,54428.20285714285,0.012284536611844346,54496.23147580062,54430.322,54364.41252419938
2024-09-08 21:05:00,54388.31,54388.32,54378.0,54378.01,6.96247,41.055853005417106,35.921048875876295,44.75155255204701,-8.830503676170714,46.10134375311497,54415.51511977073,54378.94439950878,150.82276104549237,44.15973892880638,42.19251674639019,-124.85046587250743,54520.5205664,59331.02912414207,54423.5139047619,0.011775769077281506,54492.53538052274,54417.123999999996,54341.71261947725
2024-09-08 21:06:00,54378.01,54393.0,54352.17,54393.0,8.43887,45.206844665160794,31.756847687604022,42.15261157915841,-10.395763891554388,44.353898747742406,54409.88633982805,54380.02559954656,155.83839209075086,43.91548226150413,42.095194121648156,-116.31152579238305,54511.969332416,59331.024640261465,54420.480761904764,0.011155760812764145,54490.64319604538,54412.724,54334.80480395463
2024-09-08 21:07:00,54392.99,54393.48,54374.0,54374.0,3.69023,40.833069851699825,26.616725985251833,39.045434460377095,-12.428708475125262,42.74051276754163,54400.91475487104,54379.562091889136,166.5165068139613,47.06460462944091,40.47982311295923,-89.4683915270053,54499.185385822726,59331.02267196534,54414.79990476191,0.010397823454733928,54487.12025340698,54403.862,54320.60374659302
2024-09-08 21:08:00,54374.0,54374.0,54349.99,54370.34,9.25971,39.93983185939725,21.994274782715365,35.63520252484475,-13.640927742129385,40.53198542763401,54393.27106615328,54378.85270020536,34.34658879377821,48.40320201792632,39.30340717631943,-99.69868965035495,54487.424154956905,59331.01772937832,54408.44742857143,0.009546644537551035,54397.90529439689,54380.732,54363.558705603115
2024-09-08 21:09:00,54370.35,54370.35,54356.98,54364.83,2.96793,38.421451146976814,17.6825050396219,32.04466302780018,-14.362157988178282,38.48121004057693,54386.160799614954,54377.7740309588,38.10881223308388,38.37148271283791,37.45102094943915,-82.82282909803291,54473.68073946121,59331.01614341865,54401.58561904761,0.008631173981833037,54395.09040611654,54376.036,54356.98159388346
2024-09-08 21:10:00,54364.82,54364.83,54342.01,54351.34,4.53706,34.561285586565745,13.026702476920036,28.241070917624157,-15.21436844070412,36.13150109631099,54377.45559971121,54375.740643961966,54.18711139996594,38.60580913425881,36.40594802447919,-92.1740966558382,54461.31166551509,59331.013712386164,54393.169333333324,0.007646675316390073,54397.79555569999,54370.702000000005,54343.60844430002
2024-09-08 21:11:00,54351.34,54378.93,54346.01,54346.02,7.9585,32.9926216119558,8.806154002129915,24.354087534525313,-15.547933532395398,34.31067952230614,54369.596699783404,54373.45444058028,43.38302674976876,40.53384090988333,36.156951737016264,-72.55305323550141,54446.99546565328,59331.00944353902,54384.41647619048,0.006624225509667767,54382.99751337489,54361.306000000004,54339.61448662512
2024-09-08 21:12:00,54346.01,54371.0,54346.01,54366.01,4.80757,44.376293439805096,6.993745322433824,20.882019092107015,-13.88827376967319,32.61991663215878,54368.700024837555,54372.88179130488,37.368399510654854,39.40563176071299,35.35931232722924,-55.272233753751046,54434.397209774885,59331.00687515851,54378.92514285713,0.005679201283682038,54378.392199755326,54359.708,54341.02380024467
2024-09-08 21:13:00,54366.0,54367.0,54362.0,54362.01,2.84763,42.63699244151111,5.174977891641902,17.740610852013994,-12.565632960372092,31.049922519879086,54367.027518628165,54372.04549966604,31.736724500267883,14.796767252408788,33.190790018141435,-26.388501255903762,54423.3107446019,59331.00535262559,54373.81057142858,0.0048011926364806235,54373.910362250135,54358.042,54342.17363774987
2024-09-08 21:14:00,54362.01,54367.0,54362.0,54367.0,2.20459,45.81617302711516,4.089106224877469,15.01030992658669,-10.92120370170922,29.5920708441908,54367.020638971124,54371.65738430712,33.36983982581296,13.219115452375867,31.17716215970276,-0.4998537323536886,54413.554655249674,59331.004175089074,54370.77085714286,0.004014358945293732,54375.16091991291,54358.476,54341.791080087096
2024-09-08 21:15:00,54366.99,54400.0,54364.0,54392.01,4.85308,59.36210476534539,5.186852283972257,13.045618398063805,-7.858766114091548,29.15893629827433,54373.267979228345,54373.22297012965,59.080421680235304,15.09310777251453,31.52165057686685,171.52923357220317,54404.96929661971,59331.001595978,54371.79914285713,0.0034044196352365336,54396.15021084012,54366.61,54337.06978915988
2024-09-08 21:16:00,54392.0,54449.0,54392.0,54413.0,9.83556,67.5358821612609,7.662216264354356,11.968937971321916,-4.30672170696756,29.780413359358732,54383.20098442126,54376.28274165814,78.41632463823771,19.390653877297613,33.341532678519215,227.8728476821453,54342.01,59330.99639120996,54375.84504761904,0.0030079351443327985,54419.21416231913,54380.00600000001,54340.79783768089
2024-09-08 21:17:00,54413.0,54415.0,54387.0,54387.01,3.19055,51.996305774678014,7.441008941132168,11.063352165283966,-3.6223432241517983,30.158797044799037,54384.15323831595,54377.10791537675,73.4643966130825,20.06467899930818,32.95999463005356,86.42017234792283,54344.1498,59330.99469391902,54376.47619047619,0.0026722312464605136,54420.93819830655,54384.206000000006,54347.473801693464
2024-09-08 21:18:00,54387.01,54393.0,54384.0,54393.0,1.43184,54.868328089041704,7.660735295401537,10.38282879130748,-2.722093495905943,30.385971107075985,54386.36492873696,54378.33038342469,58.76499612574116,21.11389139909805,31.248566442192587,48.275233274923494,54346.246804,59330.99393314002,54378.84866666666,0.0024079659633109967,54419.78649806287,54390.404,54361.02150193713
2024-09-08 21:19:00,54392.99,54415.6,54392.99,54413.0,1.96792,63.59516136333954,9.34102534167323,10.174468101380631,-0.8334427597074008,31.047096349305207,54393.02369655272,54380.99727700741,44.49884458682209,24.026744543285936,30.631525982036013,88.06816420004043,54348.30186792,59330.99289176118,54383.84314285714,0.0022700490067081,54421.85342229342,54399.60400000001,54377.354577706596
2024-09-08 21:20:00,54413.0,54413.0,54394.0,54394.01,2.22444,52.11356543221251,9.036169676030113,9.946808416310528,-0.9106387402804152,31.66099835994663,54393.27027241454,54381.998255699145,43.51073395794083,22.286762613592117,29.80070269760487,51.79899018010117,54350.3158305616,59330.99171009304,54385.97238095238,0.002150048080963502,54421.75936697897,54400.004,54378.24863302103
2024-09-08 21:21:00,54394.0,54394.01,54388.0,54388.0,3.37789,48.76962628089132,8.214916152508522,9.600429963550127,-1.385513811041605,31.94890083647423,54391.952704310905,54382.459928337674,37.6008506500948,18.03012889017686,28.10136679063324,-3.4869950436471373,54352.28951395037,59330.98991350528,54387.29066666667,0.002021418082199415,54413.80442532505,54395.004,54376.20357467495
2024-09-08 21:22:00,54388.0,54391.46,54371.0,54371.01,4.81732,40.051444569946106,6.122538991323381,8.904851769104779,-2.7823127777813976,31.44614348209123,54386.71702823318,54381.5791646194,53.737971394948545,17.42705409595297,27.555554877016515,-82.01516033347575,54354.22372367136,59330.98734252797,54386.210285714275,0.0018275617779705976,54418.67298569748,54391.804000000004,54364.93501430253
2024-09-08 21:23:00,54371.01,54371.01,54351.01,54356.71,10.11335,33.926054512549854,3.27269889076706,7.778421193437236,-4.505722302670176,30.163650203882174,54379.215271174886,54379.666151956364,77.33963724844216,18.36103340763811,27.01587238580105,-173.61102750856062,54449.0,59330.98192953595,54383.216857142856,0.001543411577450588,54423.215818624216,54384.545999999995,54345.876181375774
2024-09-08 21:24:00,54356.7,54356.71,54326.89,54332.48,14.21461,25.87865039672073,-0.9302550215288647,6.036685950444016,-6.966940971972881,28.112033702143975,54367.53145338117,54376.03644795973,88.97168539422273,24.76603698202279,27.21616721538667,-172.10637332122542,54447.0402,59330.97428437729,54377.0700952381,0.0011209453517087792,54412.927842697114,54368.442,54323.95615730289
2024-09-08 21:25:00,54332.48,54332.48,54300.41,54307.37,17.70556,19.98377603215215,-6.215643357121735,3.586220088930866,-9.8018634460526,26.809238887889673,54352.491090035874,54370.75441350129,113.82100179699773,34.344183674033836,27.562869557144744,-163.3400660130852,54442.234192,59330.964713848094,54367.75495238095,0.000531601249260735,54408.0245008985,54351.114,54294.2034991015
2024-09-08 21:26:00,54307.37,54318.25,54307.37,54312.0,4.34665,23.82324298874437,-9.916438852444116,0.8856883006558698,-10.802127153099987,25.599500846082112,54342.3683175269,54366.23484323196,98.99712142396311,36.868421552693746,26.371236017348505,-115.3109353457704,54433.72474048,59330.96236648931,54359.42523809524,-0.00012862145378845697,54385.412560711986,54335.914000000004,54286.41543928802
2024-09-08 21:27:00,54312.01,54312.01,54289.02,54289.03,13.11529,18.529926812522504,-14.535279324823932,-2.198505224440091,-12.336774100383842,25.00575399448622,54329.033738145175,54360.2960091372,92.69080732413568,43.0122243218877,26.129719158966843,-110.135282870532,54425.7258560512,59330.95525132457,54348.54723809525,-0.0008902144857946671,54365.863403662064,54319.518,54273.17259633793
2024-09-08 21:28:00,54289.02,54289.03,54281.0,54286.0,8.33028,17.900346312923702,-18.230094175545673,-5.404823014661208,-12.825271160884466,24.674647180438733,54318.27530360888,54354.580931511264,67.53016963215487,45.90330049862842,24.83688207618341,-104.61672673845399,54414.7893875671,59330.95072936604,54337.96028571429,-0.0016961531988454166,54339.14108481608,54305.376000000004,54271.61091518393
2024-09-08 21:29:00,54286.0,54303.99,54285.99,54290.01,6.80291,22.103529646707358,-20.597255734654027,-8.443309558659772,-12.153946175994255,23.768224065620565,54311.208977706665,54349.61393677963,42.55248620979546,41.954565160101794,24.348533356456024,-74.12749238482728,54401.41044881039,59330.94703945703,54328.67942857143,-0.0024794791262788317,54318.1582431049,54296.882000000005,54275.60575689511
2024-09-08 21:30:00,54290.01,54314.49,54279.35,54288.51,15.41075,21.606983874455906,-22.33680105037638,-11.222007857003096,-11.114793193373284,22.52641838017552,54305.53423328,54344.913633950426,38.149200603336794,37.88061192735592,25.11935240242341,-62.923615977569476,54389.369403929355,59330.93867817489,54320.17,-0.003214571661635433,54312.18460030167,54293.11,54274.03539969833
2024-09-08 21:31:00,54288.51,54310.0,54288.0,54308.63,4.14192,42.42536006774255,-21.84012799516495,-13.345631884635466,-8.494496110529482,21.37331310083369,54306.30817496,54342.12258518501,32.81791661090392,30.04634000615337,24.896541516536022,-31.056503919286257,54376.16707545783,59330.93643989942,54315.52885714286,-0.0038072479116341663,54308.84495830545,54292.436,54276.02704169455
2024-09-08 21:32:00,54308.01,54308.01,54285.83,54285.84,4.61327,31.17296094175896,-23.02011203458096,-15.280527914624567,-7.739584119956394,20.381796684499754,54301.19113122,54337.793155555395,34.243296609507524,23.504857748169343,24.74678855106885,-55.067115454832006,54364.54902640289,59330.93393559825,54308.59552380952,-0.004353497451518443,54308.91964830475,54291.797999999995,54274.67635169524
2024-09-08 21:33:00,54285.83,54325.99,54277.0,54322.01,17.283,54.27176376942356,-20.79690736992052,-16.38380380568376,-4.41310356423676,19.124896338194873,54306.395848415006,54336.57906666652,56.17807887971867,16.709868141782486,26.478446511706643,68.54920561547144,54354.32514323454,59330.92462085327,54307.50542857142,-0.004706767316945593,54327.08903943986,54299.0,54270.91096056014
2024-09-08 21:34:00,54322.01,54354.3,54312.13,54337.33,16.31326,60.93532120527305,-17.59597029795259,-16.626237104137523,-0.9697331938150668,18.926475730040504,54314.12938631125,54336.636830769094,78.52184390678303,17.7262513736095,27.599271760870852,199.24204374229993,54277.0,59330.91585567644,54309.32457142857,-0.004851351300853631,54347.72492195339,54308.464,54269.20307804661
2024-09-08 21:35:00,54337.33,54369.36,54337.33,54368.01,3.84158,71.06720017203804,-12.440182332189579,-15.789026149747937,3.3488438175583575,19.184426343421666,54327.59953973344,54339.05015147916,110.42157746727753,27.299004234721053,27.915752349379996,192.94279536072435,54277.0,59330.91380426686,54315.77419047619,-0.0047302136328602785,54379.57478873364,54324.364,54269.15321126636
2024-09-08 21:36:00,54368.0,54376.81,54362.0,54362.0,5.19606,66.98332197726859,-8.738409056073579,-14.378902731013067,5.6404936749394885,19.633820795451083,54336.19965480008,54340.8155244423,118.78757309690991,32.11683651552394,26.979627181566972,135.9115914701577,54280.6944,59330.911026205475,54321.612857142856,-0.004448592359294986,54394.431786548455,54335.038,54275.644213451546
2024-09-08 21:37:00,54362.01,54374.91,54361.1,54374.9,3.46402,71.24015487125328,-4.7095165000719135,-12.445025484824837,7.735508984752924,20.00710560832759,54345.87474110006,54343.43740717751,79.83435792986711,36.019333882290006,26.038939525741114,104.12732334166574,54286.461336,59330.909178985086,54329.25733333333,-0.004016501380422117,54392.76717896493,54352.85,54312.932821035065
2024-09-08 21:38:00,54374.91,54382.99,54370.0,54382.98,6.68226,73.78096828084352,-0.8547486399547779,-10.126970115850826,9.272221475896048,20.596988531456855,54355.151055825045,54346.47914508694,62.09591524368443,38.14553569328748,25.10687241675946,96.66675588149054,54291.88225584,59330.905621422186,54337.805904761895,-0.0034652738161756774,54396.09195762184,54365.043999999994,54333.99604237815
2024-09-08 21:39:00,54382.98,54387.0,54373.0,54376.01,8.86058,67.59896880185563,1.6190979585880996,-7.777756500963041,9.39685445955114,21.26592276573879,54360.36579186878,54348.75074931102,28.72927263038582,37.3066467714732,24.31352438699093,77.95694662747164,54299.1708753728,59330.900897508094,54344.9441904762,-0.0028761765778643196,54387.1446363152,54372.780000000006,54358.41536368481
2024-09-08 21:40:00,54376.02,54417.91,54376.01,54417.9,14.71753,79.80347291780805,6.880498023449036,-4.846105596080625,11.726603619529662,22.708078391598864,54374.74934390159,54354.06992244094,75.32728696671256,39.59254218498968,25.569701216491683,115.11956578283757,54307.95378783552,59330.89311738596,54357.01409523809,-0.0021308728600031596,54420.421643483365,54382.75800000001,54345.09435651665
2024-09-08 21:41:00,54417.91,54417.91,54410.0,54410.0,5.74294,73.53511137657304,10.294067897368222,-1.818070897390856,12.112138794759078,24.047222901326077,54383.56200792619,54358.372236099334,72.08038957764802,39.78707612622926,24.30829398674253,128.61277334975057,54321.14853329526,59330.89007662287,54367.0220952381,-0.0013371586439508412,54428.39819478883,54392.35800000001,54356.31780521118
2024-09-08 21:42:00,54410.0,54410.01,54404.36,54404.37,0.96087,68.90645737426858,12.40208910459478,1.0259611030062712,11.376128001588508,24.951592385463396,54388.76400594464,54361.910525630155,64.23531117387756,30.613196446616797,22.97555870197531,95.25671803610112,54332.75990929983,59330.889567281185,54375.12733333334,-0.0005627368369362212,54430.36965558694,54398.252,54366.13434441306
2024-09-08 21:43:00,54404.37,54404.37,54404.36,54404.36,4.27573,68.89721391621333,13.911540601940942,3.6030770027932055,10.308463599147736,25.791364049305198,54392.663004458474,54365.175869812454,56.62741528234619,25.20951698629954,21.335161651834362,65.93459663327762,54342.97792018385,59330.887300782364,54382.1039047619,0.0001665402850206889,54430.84170764118,54402.528000000006,54374.21429235883
2024-09-08 21:44:00,54404.36,54413.99,54404.36,54413.99,4.16017,73.07160017685126,15.703828349411197,6.023227272116804,9.680601077294392,26.85261930226405,54397.99475334385,54368.93080290381,21.29860768879007,20.7795942644882,20.499078676703146,72.67095380688069,54351.96976976179,59330.88509985276,54389.275428571425,0.0008685062260304282,54420.77330384439,54410.123999999996,54399.4746961556
2024-09-08 21:45:00,54413.98,54417.0,54413.98,54416.99,4.79296,74.3581282751985,17.168397629058745,8.252261343505193,8.916136285553552,27.925180923118177,54402.743565007884,54372.627664218904,20.259891447945847,20.409371159643772,19.250573056938407,81.69403949066596,54359.88259739037,59330.882565696484,54395.651904761915,0.0015310830560167504,54420.071945723976,54409.942,54399.81205427603
2024-09-08 21:46:00,54416.98,54416.99,54376.01,54382.0,8.69585,44.561280394419526,15.328975866621477,9.66760424812845,5.6613716184930265,26.709735411963475,54397.55767375592,54373.34861312514,49.0623032637086,17.432032711828306,20.802674981442514,-49.97755978714448,54366.84588570353,59330.87793525402,54396.33104761905,0.0020100640077764247,54428.87315163186,54404.342000000004,54379.81084836815
2024-09-08 21:47:00,54382.0,54382.0,54365.47,54365.47,2.47095,36.31221459278697,12.394511797858286,10.212985758074417,2.1815260397838685,25.09594676929749,54389.53575531694,54372.74256596167,79.20830967531947,19.023906860675286,20.497483911339394,-149.68967060335478,54417.91,59330.87661510767,54393.89038095238,0.0022821389218339876,54436.16615483766,54396.562,54356.95784516234
2024-09-08 21:48:00,54365.48,54365.48,54362.91,54365.47,5.01925,36.31221459278697,9.954182264802512,10.161225059420037,-0.20704279461752506,23.48017636483664,54383.519316487706,54372.183137810774,90.58085608837428,21.182684018862084,19.2169493462437,-150.25490163303002,54416.99,59330.873933491595,54391.03580952382,0.0023994566539899437,54434.07442804419,54388.784,54343.49357195581
2024-09-08 21:49:00,54365.47,54376.0,54360.0,54360.0,7.84528,33.36871765127485,7.492451921076281,9.627470431751288,-2.135018510675007,22.43416255701999,54377.63948736578,54371.245973363795,83.41166902666737,23.32882797022905,18.987167250083438,-103.63377351661183,54414.826799999995,59330.86973741135,54387.18390476191,0.0023837215923049695,54419.69183451333,54377.986,54336.28016548666
2024-09-08 21:50:00,54360.0,54394.99,54356.0,54394.98,6.11509,58.92153476630971,8.268789094268868,9.355734164254805,-1.086945069985937,22.195593328118118,54381.974615524334,54373.07166772043,51.99436248153506,21.8017504143654,20.415941017934475,-31.668971022128858,54411.537191999996,59330.866489750995,54388.07228571428,0.002400562286989858,54399.58118124078,54373.58400000001,54347.58681875924
2024-09-08 21:51:00,54394.99,54420.67,54394.98,54420.66,17.97761,69.2950414459626,10.83134626307583,9.65085658401901,1.1804896790568193,22.78773715438479,54391.64596164325,54376.73230866502,92.80031707802846,23.019150892188936,20.79265951665309,79.07760495451734,54356.0,59330.85699172896,54392.07057142857,0.002526075743152093,54427.71615853902,54381.316000000006,54334.91584146099
2024-09-08 21:52:00,54420.66,54420.66,54415.0,54415.0,4.52277,64.95656643919446,12.264103631656326,10.173505993546474,2.090597638109852,23.337584993060982,54397.484471232434,54379.67597722926,99.3432892634446,23.84205117988837,19.711755265463832,85.19424939777632,54356.0,59330.854599487604,54394.878380952374,0.002693716464556191,54440.89364463172,54391.221999999994,54341.55035536827
2024-09-08 21:53:00,54415.01,54425.21,54415.0,54425.2,2.49254,69.13544666779626,14.060547682449396,10.95091433132706,3.109633351122337,23.987776673042656,54404.41335342433,54383.1778251347,95.69777009708923,25.6973235099741,19.03305846078778,91.50426661664524,54357.2934,59330.853283838005,54398.74123809524,0.002913750543640999,54451.01688504855,54403.168000000005,54355.31911495146
2024-09-08 21:54:00,54425.21,54425.21,54425.2,54425.2,0.45186,69.13544666779626,15.307783930998994,11.822288251261448,3.4854956797375465,24.591526090168497,54409.61001506825,54386.41030012434,45.028685983706964,26.791672607962074,17.67426857073166,94.00046127032644,54360.010064,59330.853045330616,54402.135619047614,0.003153725008632711,54438.72234299186,54416.208000000006,54393.69365700815
2024-09-08 21:55:00,54425.21,54450.0,54425.2,54449.99,5.9676,78.22363777956923,18.088065505435225,13.075443702096203,5.012621803339021,25.880206928829004,54419.70501130118,54391.30104626863,47.96649065030215,31.186146301417324,18.183249387108177,106.4821213871268,54362.61806144,59330.84991134384,54408.76580952381,0.0034796326414876103,54451.19324532515,54427.21,54403.22675467485
2024-09-08 21:56:00,54449.99,54450.0,54443.5,54443.51,1.90859,71.60957551192674,19.543293912698573,14.369013744216677,5.174280168481896,27.076839136156618,54425.65625847589,54395.317119632586,51.76432966104767,33.15806360822017,17.348731573743304,98.8748490471842,54367.8609777536,59330.84890768541,54414.15114285713,0.003819006311971334,54457.66216483053,54431.780000000006,54405.89783516948
2024-09-08 21:57:00,54443.51,54443.51,54424.0,54424.0,3.33371,54.852737055036236,18.904361252716626,15.276083245916666,3.6282780067999596,26.955399925331704,54425.24219385692,54397.52349504547,43.82211570929212,30.128813765490634,17.503107889904644,50.697868995859835,54372.789319088384,59330.847147610744,54416.56238095238,0.004075254222533793,54455.49105785465,54433.58,54411.668942145356
2024-09-08 21:58:00,54424.01,54424.01,54412.0,54412.01,3.60194,46.7799436613002,17.231871433614288,15.667240883456191,1.5646305501580962,26.177892277848155,54421.93414539269,54398.637841580436,55.4361138723325,25.27789049359648,17.110743040625888,-27.350519655401914,54377.42195994308,59330.84524127522,54417.1879047619,0.0042137660815644235,54458.66005693616,54430.941999999995,54403.22394306383
2024-09-08 21:59:00,54412.01,54412.01,54412.0,54412.01,1.27691,46.7799436613002,15.725141558999894,15.678821018564934,0.04632054043496048,25.455920890899147,54419.45310904452,54399.666469151176,63.27130636625225,15.812866492102653,15.88926139486704,-85.324584485179,54381.77664234649,59330.84456546786,54417.83228571427,0.004259222302054177,54459.93965318313,54428.304000000004,54396.66834681688
2024-09-08 22:00:00,54412.01,54417.0,54412.0,54417.0,1.41622,51.09350454843296,14.763513975660317,15.495759609984011,-0.7322456343236947,24.99270767351336,54418.83983178339,54400.999817678014,47.01822592741519,12.84773235625238,15.111457009519395,-67.48554415916533,54385.870043805706,59330.84381669097,54419.18942857142,0.004249990963302527,54445.21511296371,54421.706000000006,54398.1968870363
2024-09-08 22:01:00,54416.99,54427.0,54411.1,54426.99,5.76029,59.06441288524463,14.63877995479561,15.324363678946332,-0.6855837241507228,24.96431081763549,54420.877373837546,54402.99906247201,24.57785347412573,12.795647568533678,15.167781508839541,-28.025426239701364,54389.717841177364,59330.84077733274,54421.54523809524,0.004232099001644595,54430.690926737065,54418.402,54406.11307326294
2024-09-08 22:02:00,54426.99,54427.0,54418.09,54418.1,2.84346,50.30852185965237,13.66505637771479,14.992502218700025,-1.3274458409852343,24.937942308606036,54420.18303037816,54404.16067305109,21.95003420060675,12.559379718778121,14.720797115351251,-31.84288735981102,54393.33477070672,59330.83927429162,54422.12980952381,0.00416897381998684,54428.1970171003,54417.221999999994,54406.24698289969
2024-09-08 22:03:00,54418.1,54464.42,54418.09,54464.41,7.51045,74.20872335506486,16.44068541131128,15.282138857222277,1.1585465540890016,26.16030201251567,54431.23977278362,54408.79523666255,75.91477643582039,17.599120686043655,16.978597321397714,114.9754740214397,54396.73468446432,59330.835341726546,54428.38780952381,0.0042364319873404895,54465.659388217915,54427.702000000005,54389.744611782095
2024-09-08 22:04:00,54464.41,54464.41,54452.0,54452.01,3.73909,64.27543938547882,17.438791515560297,15.713469388889882,1.7253221266704148,27.29535030900318,54436.43232958772,54412.11944922697,76.43233138677897,18.895732293904757,16.65226894129813,126.97358275706665,54402.149509707175,59330.83337890617,54431.998095238094,0.0043356423715692856,54473.918165693394,54435.702000000005,54397.485834306615
2024-09-08 22:05:00,54452.01,54469.67,54452.0,54469.66,2.47553,70.92336692925997,19.430028018716257,16.456781114855158,2.9732469038610994,28.49985347448012,54444.73924719079,54416.54564544028,81.47362744537531,21.77987062586092,16.724964016919564,130.4381245196323,54407.1311489306,59330.83208408869,54437.41857142857,0.004506760196804556,54486.970813722684,54446.234,54405.49718627731
2024-09-08 22:06:00,54469.67,54475.0,54459.98,54475.0,10.89253,72.76349699345914,21.19467168336996,17.40435922855812,3.79031245481184,29.77057106182832,54452.30443539309,54421.04213425257,81.3981658823177,25.30382529342969,16.603180872853653,107.6306780079901,54413.38503403754,59330.826393054864,54443.08438095239,0.004729046985161344,54496.535082941155,54455.835999999996,54415.13691705884
2024-09-08 22:07:00,54474.99,54475.0,54469.73,54472.0,4.96661,69.78611425726135,22.09637630173529,18.342762643193556,3.7536136585417346,30.95052310722308,54457.22832654482,54424.9619700793,32.33556012954796,27.032343118608924,15.793667953363878,90.25547907920789,54420.77882995304,59330.823796545155,54447.77876190476,0.004956027805637713,54482.783780064776,54466.616,54450.44821993523
2024-09-08 22:08:00,54471.99,54472.0,54471.99,54471.99,2.21076,69.77469391724368,22.550231757122674,19.18425646597938,3.365975291143293,32.04619286366107,54460.91874490862,54428.57951084243,32.949345378554426,26.303115342229322,14.666263099552319,77.40123806034545,54427.28537035867,59330.82264077348,54452.0260952381,0.005166663288635111,54484.606672689275,54468.132,54451.65732731072
2024-09-08 22:09:00,54471.99,54472.0,54471.99,54471.99,3.62459,69.77469391724368,22.64883381753316,19.877171936290136,2.7716618812430234,33.0636004946392,54463.68655868146,54431.91877923917,6.786751861844095,23.937700461312488,13.619387163870156,67.39319182058766,54433.01112591563,59330.82074586139,54455.827809523806,0.005347187844170169,54475.521375930926,54472.128000000004,54468.73462406908
2024-09-08 22:10:00,54472.0,54475.0,54463.0,54463.0,8.09715,57.576918828725105,21.750828778618597,20.251903304755828,1.4989254738627693,33.175580195766486,54463.5149190111,54434.30964237462,16.27287217574485,20.18068804684055,13.503716652165144,36.334372595861915,54438.04979080576,59330.81650489705,54458.221333333335,0.005457047703240062,54478.93243608787,54470.795999999995,54462.65956391212
2024-09-08 22:11:00,54463.0,54463.0,54441.1,54441.11,6.85337,38.110245425182,19.053180058348516,20.012158655474366,-0.9589785971258493,31.616663266519847,54457.91368925832,54434.83274680734,47.88755329851119,18.118475807858456,14.103451177010594,-122.66141254917113,54475.0,59330.81289923922,54457.510571428575,0.0054255968718763935,54487.96177664926,54464.018000000004,54440.07422335075
2024-09-08 22:12:00,54441.1,54471.1,54441.0,54470.48,12.0319,59.925193624431905,19.065413339529186,19.82280959228533,-0.7573962527561449,30.57712798558391,54461.05526694374,54437.57484320678,47.13261597791279,10.76008018566501,15.24606180722402,-38.9485380408071,54475.0,59330.80660711617,54460.55285714286,0.005395675126086373,54487.280307988956,54463.714,54440.14769201104
2024-09-08 22:13:00,54470.49,54474.0,54470.0,54470.0,8.02431,59.51378674748849,18.819437553102034,19.622135184448673,-0.8026976313466392,29.75546170329849,54463.291450207806,54440.06908603703,46.110933724281495,10.861227270634728,14.442771678136591,56.58157414094763,54441.0,59330.802410370576,54462.974285714285,0.005355791228285217,54486.37146686215,54463.316000000006,54440.260533137865
2024-09-08 22:14:00,54470.01,54470.99,54470.0,54470.85,1.14448,60.095941046317854,18.48006122410152,19.393720392379244,-0.9136591682777251,28.992485869747746,54465.18108765585,54442.43684864957,45.45612918988627,9.800248525340685,13.481859415412403,41.09637333096675,54441.0,59330.80181190831,54464.95676190476,0.005303529166602464,54485.81606459495,54463.088,54440.35993540506
2024-09-08 22:15:00,54470.85,54474.0,54470.84,54470.85,2.70837,60.095941046317854,18.00356910053233,19.115690134009863,-1.112121033477532,28.44791302649114,54466.59831574189,54444.62247567654,47.11254780746822,9.835096398027112,12.744583742883195,52.527510316392316,54441.66,59330.800395669874,54466.42638095238,0.005234854462162373,54488.21427390373,54464.657999999996,54441.10172609626
2024-09-08 22:16:00,54470.84,54474.0,54446.0,54446.0,7.83853,37.434973788815384,15.442743999730737,18.38110090715404,-2.9383569074233016,26.63451292647641,54461.448736806415,54444.72843908604,39.29184303263901,11.574051871013177,13.834256332677253,-95.59792269357538,54442.306800000006,59330.79627585688,54464.16495238095,0.00505871825899794,54485.28192151632,54465.636,54445.99007848368
2024-09-08 22:17:00,54446.01,54461.0,54446.01,54460.99,1.0396,50.850528655830736,14.456197336716286,17.59612019306649,-3.1399228563502035,24.950641405034162,54461.33405260481,54445.97932838712,38.47333623330633,11.337140146989004,13.91752373748602,-67.55018430645578,54442.94066400001,59330.79573113609,54463.63647619048,0.004862087631120572,54482.97466811665,54463.738,54444.501331883344
2024-09-08 22:18:00,54461.0,54461.0,54406.0,54406.0,16.27973,26.15860510850368,9.13185226071073,15.90326660659534,-6.77141434588461,25.27912379706262,54447.50053945361,54442.903995434266,96.95897277227778,21.043093589606197,16.85198632766559,-206.13562890574212,54474.0,59330.78710471476,54455.80857142858,0.004453340498496301,54499.41748638614,54450.938,54402.45851361386
2024-09-08 22:19:00,54406.01,54410.94,54406.0,54408.0,1.99389,27.691029830376294,5.015834297904803,13.725780144857234,-8.709945846952431,25.58414316108905,54437.62540459021,54440.219072708554,107.25648288652883,25.31663361938908,16.00113016140393,-175.16857444813778,54472.64,59330.78604860902,54448.68552380953,0.003918566874642515,54491.99624144326,54438.367999999995,54384.73975855673
2024-09-08 22:20:00,54408.0,54416.18,54408.0,54416.18,1.60622,34.37526015497046,2.3864090074202977,11.457905917369848,-9.07149690994955,25.49861566629688,54432.264053442654,54438.36991326944,88.26234695102903,27.063995189075438,15.442478007017954,-105.86039863415547,54471.3072,59330.78519925487,54443.24038095238,0.0033440654131325995,54471.56517347552,54427.43400000001,54383.302826524494
2024-09-08 22:21:00,54416.17,54416.18,54400.0,54400.01,2.9538,28.193102657274608,-0.9907921062986134,8.968166312636155,-9.958958418934769,25.751311461916607,54424.20054008199,54435.41915071025,87.97843354710494,30.76463828693522,15.495158149373834,-94.35275923659677,54470.001056,59330.78363217464,54436.199428571425,0.002703092449052651,54462.22521677355,54418.236,54374.246783226445
2024-09-08 22:22:00,54400.0,54400.01,54317.0,54334.99,10.46419,15.094402687482003,-8.812236943464086,5.412085661416107,-14.224322604880193,28.05024167195548,54401.89790506149,54427.69383142485,117.92344622538076,43.84961635494656,20.317646852990134,-166.5937715677336,54467.20101376,59330.778007407374,54421.17476190476,0.0018065613590270732,54451.99772311269,54393.036,54334.07427688731
2024-09-08 22:23:00,54334.99,54335.0,54334.99,54334.99,1.12988,15.094402687482003,-14.839725212543271,1.3617234866242311,-16.201448699167504,30.184962581277286,54385.17092879611,54420.56276746909,144.64737581381632,49.97075535888016,18.86710064920527,-152.56016243556124,54458.188952934404,59330.77740006901,54407.45485714286,0.0007738390457047258,54451.1576879069,54378.833999999995,54306.51031209309
2024-09-08 22:24:00,54335.0,54344.3,54334.99,54344.29,7.26607,22.509740065817383,-18.65112228703947,-2.6408456681085095,-16.01027661893096,31.600189578394147,54374.95069659709,54414.69563150994,139.3612210120191,50.24801829169868,18.184450602833817,-101.92880572486118,54449.71761575834,59330.773501651376,54396.27971428572,-0.0002738928542013524,54435.772610506,54366.09199999999,54296.41138949398
2024-09-08 22:25:00,54344.29,54370.94,54344.29,54364.01,8.66897,36.59920512484333,-19.851605780881073,-6.0829976906630225,-13.76860809021805,31.47608635046758,54372.21552244782,54410.79673677841,98.3124740919011,45.13480489987259,18.78913270263151,-51.378547125778596,54441.75455881284,59330.76886894651,54388.86447619048,-0.001215389853469067,54404.814237045946,54355.657999999996,54306.501762954045
2024-09-08 22:26:00,54364.01,54373.0,54364.0,54370.01,5.02867,40.5460809239694,-20.087293922435492,-8.883856937017518,-11.203436985417975,31.258301194350434,54371.66414183586,54407.65929548777,58.768686918585445,41.171010148886495,18.08990893815783,-20.90650732346745,54434.26928528407,59330.76618487134,54382.98352380952,-0.0020213861097102695,54379.04234345929,54349.657999999996,54320.2736565407
2024-09-08 22:27:00,54370.01,54370.01,54338.0,54339.0,4.75554,29.252090265956895,-22.516767037057434,-11.6104389570255,-10.906328080031933,31.72392064752706,54363.498106376894,54402.377811219485,55.8433887414285,33.085615605696844,19.08420115686099,-54.54077547753584,54427.23312816703,59330.76363071622,54373.92476190476,-0.002809319353176663,54378.38169437071,54350.46,54322.538305629285
2024-09-08 22:28:00,54338.99,54345.0,54338.99,54344.99,1.63071,33.54296470883092,-23.685764297384594,-14.02550402509732,-9.660260272287275,32.15628156833393,54358.871079782664,54397.9633642026,48.83036008576164,31.662264062459354,18.15032964565678,-60.418700144738594,54420.61914047701,59330.76275592904,54366.91228571429,-0.0035243466905176923,54376.87518004288,54352.46,54328.04481995712
2024-09-08 22:29:00,54344.99,54369.0,54344.99,54368.99,2.61025,48.54701293637064,-22.417192187414912,-15.703841657560838,-6.713350529854074,31.350320407351592,54361.400809836996,54395.73464387933,51.523983406310435,28.062849542555977,18.568877528110015,17.46626686652317,54414.401992048384,59330.761362412995,54364.29847619047,-0.004066834353819257,54383.16199170316,54357.4,54331.638008296846
2024-09-08 22:30:00,54368.99,54368.99,54353.0,54363.0,2.15168,45.47225582497055,-21.64566483985982,-16.892206294020635,-4.753458545839184,30.601927900725137,54361.80060737775,54393.21659435016,51.13321114554128,20.66508768165133,18.384671990387726,66.59271552099241,54408.55787252548,59330.76021232437,54361.8560952381,-0.004483991635144753,54382.76460557277,54357.198,54331.631394427226
2024-09-08 22:31:00,54363.0,54375.0,54360.0,54374.99,3.36345,52.672330888540394,-19.838050367106916,-17.48137510863789,-2.356675258469025,29.609932044709957,54365.09795553331,54391.81454863092,55.55572310791467,15.726727850676648,18.142909705360033,94.7050049097163,54403.06440017396,59330.758418875994,54361.802857142866,-0.004747490384875406,54385.97186155395,54358.193999999996,54330.41613844604
2024-09-08 22:32:00,54375.0,54390.0,54375.0,54384.0,3.65619,57.70807651973443,-17.477007115034212,-17.480501509917158,0.003494394882945784,27.983082566812033,54369.823466649985,54391.21342950547,52.36951756459894,16.771818592249275,17.919130440691607,151.71830849851895,54397.90053616352,59330.75647287961,54363.770000000004,-0.004855122663134611,54393.378758782295,54367.193999999996,54341.0092412177
2024-09-08 22:33:00,54384.0,54384.0,54368.0,54371.76,3.73256,49.17792506245241,-16.404428987450956,-17.265287005423918,0.8608580179729621,26.743992130491733,54370.30759998749,54389.71701185121,27.802512150723487,14.890346313545582,17.78204969492792,78.08304498268295,54393.04650399371,59330.754481321455,54364.314666666665,-0.004888153893459253,54386.44925607536,54372.547999999995,54358.64674392463
2024-09-08 22:34:00,54371.76,54386.0,54371.76,54385.99,1.45132,57.86656398312369,-14.241988243767992,-16.660627253092734,2.4186390093247425,25.495415223069973,54374.22819999062,54389.43031863189,33.551591346084024,15.060821580258882,17.529046145290067,95.02373995616388,54390.0,59330.753709172444,54367.10180952381,-0.00480916862123083,54392.72379567304,54375.948,54359.172204326955
2024-09-08 22:35:00,54385.99,54407.0,54376.62,54376.62,8.42897,50.97982484147183,-13.132930815023428,-15.955087965478874,2.822157150455446,23.972364880928183,54374.826149992965,54388.44490950636,21.724393704425893,15.338332265045334,18.446971420626305,100.47277299035214,54317.0,59330.749216195756,54368.92714285714,-0.004682766376004486,54389.53419685221,54378.672,54367.809803147786
2024-09-08 22:36:00,54376.63,54376.63,54376.62,54376.63,0.37871,50.987295110857424,-12.113550427093287,-15.186780457801758,3.073230030708471,22.558103848939375,54375.277112494725,54387.53607031357,20.98066695369198,15.57881356935653,17.130044890581196,36.077007632676036,54318.8,59330.74901432884,54370.97657142858,-0.004520845918734508,54389.490333476846,54379.0,54368.509666523154
2024-09-08 22:37:00,54376.62,54376.63,54372.0,54372.0,1.65254,47.007245840921655,-11.546189149630663,-14.45866219616754,2.912473046536876,21.01849390786518,54374.457834371045,54386.340987981755,20.6113654532528,11.599774375544216,16.23718454125378,-7.036001775426975,54320.564000000006,59330.74813263878,54372.01209523811,-0.004349877265653885,54386.905682726625,54376.6,54366.29431727337
2024-09-08 22:38:00,54372.0,54372.01,54332.52,54332.52,6.9862,26.13347165661652,-14.119496534542122,-14.390829063842457,0.27133252930033436,21.023528677612813,54363.97337577828,54382.200911983164,74.71383594712825,14.988900634458478,17.898099931164598,-199.84581497797222,54322.292720000005,59330.74437557471,54367.43114285714,-0.004313426928610688,54406.108917973565,54368.752,54331.395082026436
2024-09-08 22:39:00,54332.51,54353.0,54332.51,54352.99,4.35054,42.12382152639454,-14.34178013769997,-14.38101927861396,0.039239140913990056,21.028540100377473,54361.227531833705,54379.953918753694,68.77013655655901,16.005291764013744,18.08323565036698,-146.0607654872771,54323.9868656,59330.74204551023,54365.69161904762,-0.004286768917914326,54396.53706827828,54362.152,54327.76693172172
2024-09-08 22:40:00,54352.99,54368.97,54352.99,54368.97,5.47223,51.88179950969183,-13.077737033192534,-14.120362829529677,1.042625796337143,20.22827359394972,54363.16314887528,54379.10900192649,64.58170021006663,15.86528036683024,17.933004532483853,-35.4784543799007,54325.647128288,59330.7391241023,54366.18771428571,-0.00420208025448357,54392.91285010503,54360.621999999996,54328.33114989496
2024-09-08 22:41:00,54368.96,54368.97,54346.0,54359.76,2.95398,46.463801655248076,-12.673056685976917,-13.830901600819125,1.157844914842208,19.75583326655896,54362.31236165646,54377.62061716292,56.31174231064506,16.02558343558225,18.292789923020802,-49.15095654249758,54327.27418572224,59330.73754416298,54365.46571428572,-0.004107012069304388,54385.40387115532,54357.248,54329.09212884468
2024-09-08 22:42:00,54359.76,54359.77,54348.81,54348.81,1.59197,40.438792492985705,-13.085081408979022,-13.681737562451104,0.5966561534720825,19.317138676838965,54358.93677124235,54375.40441584269,48.56219008767221,16.01569899970949,17.76901921423354,-63.98643938914028,54328.8687020078,59330.73669082096,54363.086,-0.0040403723012748275,54376.89109504384,54352.61,54328.328904956164
2024-09-08 22:43:00,54348.82,54358.6,54348.82,54358.0,4.93283,47.31869289450161,-12.525669651673525,-13.45052398029559,0.9248543286220645,18.909779414956116,54358.70257843176,54374.06561462403,27.280022911552805,15.923503837055,17.19908927035978,-39.4035479224208,54330.43132796764,59330.73405156068,54361.89523809524,-0.003954759062538438,54371.34601145577,54357.70599999999,54344.065988544215
2024-09-08 22:44:00,54358.0,54358.01,54358.0,54358.0,0.96153,47.31869289450161,-11.944641412737838,-13.14934746678404,1.204706054046202,18.531517243207755,54358.52693382382,54372.82979811449,25.636733061051928,13.795961889173412,15.971297179619942,-6.685925308224113,54331.96270140829,59330.733537104206,54360.80914285714,-0.0038523911965662474,54371.526366530525,54358.708,54345.88963346947
2024-09-08 22:45:00,54358.01,54381.0,54358.0,54370.28,16.19937,56.89849323198885,-10.373697448754683,-12.594217463178168,2.220520014423485,17.50752582135539,54361.465200367864,54372.633659798,27.343589852855075,13.097259764398197,16.473347381075662,106.57046050626187,54333.46344738012,59330.72489122189,54361.407999999996,-0.003691578063959191,54372.64179492642,54358.969999999994,54345.298205073566
2024-09-08 22:46:00,54370.27,54370.28,54365.0,54365.01,1.32542,52.02638363444755,-9.44508098182996,-11.964390166908528,2.5193091850785674,16.55667664392105,54362.351400275904,54372.04722442893,29.065028918441385,11.89838327029135,15.673822568141603,95.01589746129936,54334.934178432515,59330.72418307224,54361.34904761904,-0.003510230680041068,54374.55251445922,54360.02,54345.487485540776
2024-09-08 22:47:00,54365.01,54388.5,54365.0,54388.5,2.35159,67.09639105239455,-6.736050063518633,-10.918722146230548,4.182672082711916,16.53554235749141,54368.88855020693,54373.31282254978,45.05568290397059,14.758224524452128,16.232835241845773,162.12588707183377,54336.37549486387,59330.72293260108,54364.602952380956,-0.0032317046389790495,54390.485841451984,54367.958,54345.43015854801
2024-09-08 22:48:00,54388.49,54388.5,54378.0,54378.0,1.85781,57.420985488604316,-5.374432676646393,-9.809864252313718,4.435431575667325,16.515917662949597,54371.1664126552,54373.67337466134,42.18282306697802,12.001947249625465,15.82334701028536,128.66958454234057,54337.78798496659,59330.7219426018,54366.29742857143,-0.0029314296668429157,54393.04941153349,54371.958,54350.86658846651
2024-09-08 22:49:00,54378.01,54378.01,54372.0,54374.0,3.02672,53.86984632357721,-4.565479650729685,-8.760987331996912,4.195507681267227,16.116608107456344,54371.8748094914,54373.698499687394,31.708853051866754,11.528216061538581,15.12239365240798,59.98556882874575,54339.17222526726,59330.720328406,54367.534666666674,-0.0026381227671605258,54391.01242652593,54375.157999999996,54359.30357347406
2024-09-08 22:50:00,54373.99,54378.01,54372.0,54372.0,2.0815,51.942451262994645,-4.039200446371979,-7.816629954871925,3.7774295084999467,15.74582066306975,54371.90610711855,54373.56784586529,30.973017965021427,11.627099189464838,14.47150839152184,44.14921647484536,54340.52878076192,59330.7192178631,54368.53019047619,-0.0023641155986311143,54390.98850898251,54375.502,54360.01549101749
2024-09-08 22:51:00,54372.0,54391.0,54372.0,54390.99,1.57489,65.86004521567119,-2.0659708652237896,-6.666498136942298,4.600527271718509,16.058885599317506,54376.67708033891,54374.90801156796,30.703430456618662,13.447575452960765,14.79497207784171,105.01078877967282,54341.85820514668,59330.718380830054,54372.10180952381,-0.0020419894173045526,54396.049715228306,54380.698,54365.34628477169
2024-09-08 22:52:00,54391.0,54391.0,54378.0,54378.0,6.53858,53.21072574049585,-1.532688761864847,-5.639736261926808,4.107047500061961,16.349588754404706,54377.00781025418,54375.145856831965,26.46972311580612,11.236623850802046,14.666759786567301,75.42030401073995,54343.16104104375,59330.7148965263,54373.760571428575,-0.001744130601803921,54391.8328615579,54378.598,54365.363138442095
2024-09-08 22:53:00,54378.01,54380.0,54370.0,54370.01,3.26688,46.60398766152445,-1.734787526904256,-4.858746514922299,3.1239589880180425,16.029828191232927,54375.25835769064,54374.75079092182,29.910804500133963,9.995521052978363,14.333419801812495,-39.209511062119965,54344.437820222876,59330.71315285205,54373.92085714285,-0.001500618618020999,54391.95540225007,54377.0,54362.04459774993
2024-09-08 22:54:00,54370.01,54370.01,54352.0,54352.0,1.55246,34.88732839623121,-3.3100525134577765,-4.549007714629394,1.2389552011716178,15.17750084012455,54369.44376826798,54373.00073008168,50.55785028949322,11.201894532633997,14.596032673111749,-178.47396699008632,54345.68906381842,59330.71232122954,54371.51771428572,-0.0013657364611511689,54397.878925144745,54372.6,54347.32107485525
2024-09-08 22:55:00,54352.01,54352.01,54343.09,54343.09,1.47862,30.35649961250965,-5.2172823175860685,-4.682662635220729,-0.5346196823653395,14.870478310779058,54362.85532620098,54370.69990469079,69.33057162578916,14.871382212047381,14.190601767889875,-193.11276345353593,54407.0,59330.71152774445,54368.08819047619,-0.0013387631914426829,54401.4832858129,54366.81800000001,54332.15271418711
2024-09-08 22:56:00,54343.1,54343.1,54330.0,54340.87,5.93619,29.22181883403458,-6.829188490984961,-5.111967806373576,-1.7172206846113856,15.225947673145228,54357.358994650735,54368.40529663765,59.02440961221873,17.675500055982027,14.112701641611922,-145.2054794520495,54405.7218,59330.708340738274,54364.52142857143,-0.001390603105305853,54386.30620480612,54356.79400000001,54327.2817951939
2024-09-08 22:57:00,54340.87,54340.88,54340.86,54340.87,0.80194,29.221818834034593,-8.014252433211368,-5.692424731741134,-2.3218277014702338,15.55602636677096,54353.23674598805,54366.287196896286,44.4293506834656,18.171402716116894,13.106080095782271,-95.46560093131107,54402.692928,59330.70791019513,54361.03028571428,-0.0014903024789101784,54371.582675341735,54349.368,54327.15332465827
2024-09-08 22:58:00,54340.86,54340.87,54339.0,54339.0,1.68998,27.954391208912753,-9.00056461092754,-6.354052707578416,-2.6465119033491247,15.955918217552442,54349.677559491036,54364.188181750425,18.41251667274628,18.995241772688107,12.303502946083725,-79.36070825892644,54399.78521088,59330.70700254396,54357.452952380954,-0.0016215903568121454,54352.37225833638,54343.166000000005,54333.95974166363
2024-09-08 22:59:00,54339.0,54339.01,54337.01,54337.01,4.93902,26.487334515319006,-9.82949221898889,-7.049140609860511,-2.7803516091283784,16.431141884008174,54346.51066961828,54362.09755238501,8.170336728566326,19.576707588386473,11.567538449934887,-70.94567875920518,54396.9938024448,59330.70434884908,54353.79123809524,-0.0017723842027949502,54344.25316836429,54340.168000000005,54336.08283163572
2024-09-08 23:00:00,54337.02,54360.0,54337.01,54345.01,5.69618,41.3387085262283,-9.728743282634241,-7.585061144415257,-2.143682138218984,15.355154188044738,54346.135502213714,54360.783125278474,10.58759284511325,19.037651961893072,12.383428560653678,-20.911221524304175,54394.314050347006,59330.701293244856,54351.513047619046,-0.0018975725017129962,54345.84579642256,54340.552,54335.25820357745
2024-09-08 23:01:00,54345.0,54345.01,54312.57,54319.99,4.68576,23.51196640245969,-11.53483749737643,-8.375016415007492,-3.1598210823689374,15.613376049647114,54339.59912666028,54357.64519256475,34.43394561042078,16.67159837024963,13.816040806321439,-131.97270314663857,54391.74148833312,59330.698767049405,54346.08933333333,-0.002086400113330179,54353.592972805214,54336.376000000004,54319.15902719479
2024-09-08 23:02:00,54320.0,54320.0,54291.04,54291.05,5.8793,14.708218245382724,-15.127021426327701,-9.725417417271535,-5.401604009056166,16.69121789644244,54327.46184499521,54352.52248544439,78.14599569019629,20.663127331158123,14.897752177298416,-229.126869496298,54386.99119903313,59330.69557908734,54337.459428571434,-0.00240964061938297,54365.484997845095,54326.412,54287.3390021549
2024-09-08 23:03:00,54291.05,54310.87,54291.05,54310.87,2.64414,34.778582722185206,-16.187940214804257,-11.01792197677808,-5.170018238026177,17.692071039895243,54323.31388374641,54349.31844810252,76.59160456914105,18.830576553124267,15.249341307491365,-128.7766721651948,54379.31510311048,59330.69415098213,54332.300285714286,-0.00273315014494978,54359.08180228457,54320.786,54282.49019771543
2024-09-08 23:04:00,54310.86,54310.87,54285.0,54287.57,8.82683,26.110893630864226,-18.69335590134142,-12.553008761690748,-6.140347139650672,18.8444845397454,54314.37791280981,54344.56856747925,83.6073173985933,21.977577689496385,16.007959785527884,-120.82640325120563,54372.25309486164,59330.68936147153,54324.63571428573,-0.003121316753003892,54352.7016586993,54310.898,54269.094341300704
2024-09-08 23:05:00,54287.58,54295.0,54287.57,54295.0,1.25398,32.54407351514982,-19.8505521696934,-14.01251744329128,-5.838034726402121,19.914582789606264,54309.53343460736,54340.755600750075,49.746563808002975,22.94891989678399,15.395248372275914,-93.32340346304674,54363.527785375474,59330.68868205486,54318.765904761916,-0.003503352320300255,54325.769281903995,54300.89599999999,54276.02271809599
2024-09-08 23:06:00,54294.99,54295.0,54294.99,54295.0,0.98889,32.54407351514982,-20.530970303938375,-15.316208015420699,-5.214762288517676,20.90824545019135,54305.90007595552,54337.23593915392,31.931534300136263,23.058701635035707,14.296302059970637,-68.03759843906515,54355.675006837926,59330.688146266264,54313.81028571429,-0.003858041071381931,54311.86376715007,54295.898,54279.93223284993
2024-09-08 23:07:00,54295.0,54307.0,54294.99,54307.0,3.15527,43.90305553118059,-19.872825305930746,-16.22753147352271,-3.6452938324080364,20.870986456513492,54306.17505696664,54334.91009768055,34.2929940764152,21.45377273174578,14.13299476997288,-31.86505026103472,54348.607506154134,59330.68644079006,54311.245142857144,-0.004128537843773608,54316.23449703821,54299.088,54281.941502961796
2024-09-08 23:08:00,54307.0,54307.0,54306.45,54306.46,2.3893,43.50743705957462,-19.173790617394843,-16.81678330229714,-2.357007315097704,20.83638881952691,54306.24629272498,54332.7216286282,29.887479163255193,19.39930044504878,13.16278085783217,-5.812900864846292,54342.24675553872,59330.6851491954,54309.20809523809,-0.004324895661825615,54313.14973958163,54298.206000000006,54283.26226041838
2024-09-08 23:09:00,54306.46,54331.06,54306.45,54322.0,5.6185,56.914919179212056,-17.16795101108437,-16.887016844054585,-0.280934167029784,19.519772338639218,54310.18471954374,54331.89688796449,39.803081321151694,17.523937691084843,13.980439367987056,118.77887884693324,54336.52207998485,59330.68212137432,54309.67676190477,-0.004398872687781345,54324.99354066058,54305.092000000004,54285.19045933943
2024-09-08 23:10:00,54322.0,54322.01,54321.0,54321.0,1.00881,55.89062397788731,-15.480550168409536,-16.605723508925575,1.1251733405160387,18.297199892100647,54312.888539657804,54331.058665813376,40.44176656131458,12.932161973583508,13.053979413130984,145.7177942442118,54331.36987198636,59330.6815776164,54310.21295238095,-0.004382683959812045,54330.51288328066,54310.292,54290.071116719344
2024-09-08 23:11:00,54321.0,54343.07,54321.0,54343.07,1.64484,70.12837607428128,-12.221526144443487,-15.728884036029159,3.507357891585672,18.28570245100607,54320.43390474335,54331.982614596964,53.35202911315719,17.156483840126395,13.697980883621607,157.48791250555067,54285.0,59330.680694938506,54313.88104761905,-0.004218916935067404,54346.58201455658,54319.906,54293.229985443424
2024-09-08 23:12:00,54343.06,54355.46,54337.89,54355.46,2.94164,75.46379094784068,-8.540507024306862,-14.2912086336847,5.750701609377838,18.81689204281194,54329.190428557515,54333.788567320276,69.68178989077569,21.633341268194645,13.974553677648615,147.90439244148453,54286.1614,59330.67912027521,54319.18019047619,-0.0039105409538805775,54364.438894945386,54329.598,54294.75710505461
2024-09-08 23:13:00,54355.46,54364.04,54355.46,54364.04,4.0822,78.63490217557069,-4.8747455253469525,-12.407916012017152,7.533170486670199,19.65309456591942,54337.90282141814,54336.115600603334,69.40093349697418,26.63964939679678,13.589228414959551,142.2951910858525,54288.933344,59330.67693883897,54325.46657142857,-0.0034800480391312116,54375.81446674849,54341.114,54306.413533251514
2024-09-08 23:14:00,54364.04,54364.04,54347.0,54349.72,4.32196,62.465877216029796,-3.089493689694791,-10.54423154755268,7.454737857857889,19.83073628989585,54340.857116063606,54337.162092864615,58.24614117851888,25.54867148075686,13.83571209960536,86.78133960949161,54293.439743359995,59330.674622623446,54329.5861904762,-0.0030308929647018938,54375.78107058927,54346.65800000001,54317.53492941075
2024-09-08 23:15:00,54349.71,54357.23,54349.71,54352.74,3.14831,64.32243657176629,-1.414672522849287,-8.718319742612001,7.3036472197627145,19.99568931930253,54343.827837047706,54338.360393413495,27.5601910391415,24.289191400266542,13.384589806776697,69.12083666279405,54297.67575875839,59330.67293641226,54334.06361904762,-0.0025717556450985317,54366.78609551958,54353.00600000001,54339.22590448044
2024-09-08 23:16:00,54352.74,54352.74,54325.41,54325.41,3.52683,41.84522577923766,-2.2665400129480986,-7.427963796679221,5.161423783731123,18.611159362583575,54339.223377785784,54337.36420930477,51.778104736993555,20.851278884098075,14.38069053486368,-12.159594680199007,54301.65761323289,59330.671037099215,54334.58514285715,-0.0022188568458006907,54375.3630523685,54349.474,54323.584947631505
2024-09-08 23:17:00,54325.41,54340.0,54325.41,54339.99,3.84568,52.476543348916515,-1.7450511232746067,-6.291381261998299,4.546330138723692,17.325524402773116,54339.41503333933,54337.5661932044,51.97087401794852,18.455659685779015,14.395641210944595,-28.657495665819596,54305.400556438915,59330.66897210945,54336.72342857144,-0.0018955623803109097,54372.36543700898,54346.380000000005,54320.39456299103
2024-09-08 23:18:00,54339.99,54349.32,54339.99,54344.74,2.2639,55.646456551679634,-0.9376732054661261,-5.220639650691864,4.282966445225738,16.64783394308048,54340.746275004494,54338.11802449637,38.382065424273605,14.796638844877124,14.033809695877249,9.5042548583563,54308.91892305258,59330.66775763561,54339.21771428572,-0.0015852172630293076,54361.71103271213,54342.52,54323.32896728786
2024-09-08 23:19:00,54344.75,54351.0,54343.18,54343.19,2.09425,54.23001579581612,-0.4180731478627422,-4.26012635012604,3.8420532022632976,16.110162851874044,54341.35720625337,54338.50817645819,35.79722405785287,13.05856347365976,13.58996614617171,-1.3065315635643069,54312.226187669425,59330.66663382213,54340.960857142854,-0.0012993564184754377,54359.11261202893,54341.214,54323.31538797107
2024-09-08 23:20:00,54343.19,54343.19,54333.0,54333.01,4.69104,45.168620915996094,-0.8182944913496613,-3.571759978370764,2.753465487021103,14.961989815342376,54339.27040469003,54338.085239807566,28.680460287316237,11.123688886363107,13.347111421445325,-85.98544659519044,54315.33501640926,59330.66411138662,54340.887714285716,-0.0010762332075927856,54351.60823014366,54337.268000000004,54322.927769856346
2024-09-08 23:21:00,54333.0,54351.99,54333.0,54351.51,3.31482,59.812385779296896,0.35325054713030113,-2.786757873270551,3.1400084204008523,14.409425361708356,54342.33030351753,54339.117913668524,24.20136529688898,11.268675215288377,13.750174891341942,-0.5493538049990397,54318.25731542471,59330.66233556276,54342.91923809524,-0.0008361312116002245,54354.58868264844,54342.488,54330.38731735155
2024-09-08 23:22:00,54351.51,54351.52,54341.1,54341.11,3.02918,50.68144683081703,0.43747243713005446,-2.14191181119043,2.5793842483204843,13.896329797619625,54342.02522763815,54339.27115107864,23.895850732529652,10.83271957216777,13.512305256245964,10.329095982554318,54321.004276499225,59330.66070937424,54343.14019047619,-0.0006307188770292733,54354.659925366264,54342.712,54330.764074633735
2024-09-08 23:23:00,54341.1,54341.11,54341.1,54341.11,0.70151,50.68144683081703,0.49847280750691425,-1.6138348874509612,2.1123076949578756,13.419883916680089,54341.79642072861,54339.41260099567,23.61419171259331,8.40199638944237,12.54785488079997,-16.52227722765257,54323.58641990927,59330.660332774954,54343.03114285714,-0.00045614095114724924,54353.793095856294,54341.986,54330.1789041437
2024-09-08 23:24:00,54341.1,54341.1,54257.0,54269.56,12.30661,20.17262268743977,-5.167107789005968,-2.3244894677619623,-2.8426183212440055,15.483250230025499,54323.73731554646,54334.039323996,117.7666828368965,24.08617743280849,17.659436675028584,-295.02530111885653,54364.04,59330.653631352405,54333.20009523809,-0.0005660094069249555,54386.14334141844,54327.259999999995,54268.37665858155
2024-09-08 23:25:00,54269.57,54294.23,54269.56,54294.22,10.04648,36.08526022558765,-7.579889079272107,-3.3755693900639914,-4.204319689208115,17.39923323527481,54316.357986659845,54330.97629907324,127.64583691798907,26.11478025499395,18.160191198241222,-155.71519445481044,54361.8992,59330.648187326435,54327.14695238096,-0.0007719747926734147,54383.324918458995,54319.502,54255.679081541006
2024-09-08 23:26:00,54294.22,54301.0,54285.0,54300.99,4.16658,40.023892439136596,-8.843807308636315,-4.469216973778456,-4.374590334857858,18.758100519374945,54312.51598999488,54328.669660682994,111.70581579580903,27.527435788661958,18.005891826938278,-84.72572060916573,54359.801216,59330.64593256213,54322.46171428572,-0.0010076291470243013,54365.250907897906,54309.398,54253.5450921021
2024-09-08 23:27:00,54300.99,54316.0,54300.99,54309.01,4.01588,44.854701181839374,-9.093500424991362,-5.394073664021038,-3.699426760970324,19.144907234863542,54311.639492496164,54327.157379091994,92.74225359931006,27.514177617847228,17.79189955358569,-36.07516793503767,54357.74519168,59330.643762817024,54319.36457142857,-0.0012222552829803596,54349.34912679966,54302.978,54256.60687320035
2024-09-08 23:28:00,54309.0,54309.01,54302.59,54302.59,2.17124,41.6334411706174,-9.697636052616872,-6.2547861417402055,-3.4428499108766664,19.50408489924581,54309.377119372126,54325.2675807003,54.763339295226615,27.0112764103801,16.97962101404425,-36.400540270482495,54355.730287846396,59330.64258821592,54315.935523809516,-0.0014342646729435928,54322.65566964761,54295.274,54267.892330352384
2024-09-08 23:29:00,54302.59,54302.6,54288.7,54288.71,4.94775,35.09468876455951,-11.167683783067332,-7.237365670005632,-3.9303181130617,20.313970358698406,54304.21033952909,54322.45545910797,28.041488739370834,27.001414036717158,16.759648084469763,-59.271399138424634,54353.75568208947,59330.639904186835,54311.104666666666,-0.0016825067837403747,54313.12474436969,54299.10400000001,54285.08325563032
2024-09-08 23:30:00,54288.7,54295.79,54279.01,54295.78,3.36131,40.77973647375256,-11.628174924771884,-8.115527520958882,-3.512647403813002,21.3721846740497,54302.10275464682,54320.40350071505,27.272573232403374,26.52621338689804,16.76110179272184,-61.753259954081486,54351.82056844768,59330.6380833198,54307.82628571428,-0.0019156622978669475,54313.05228661621,54299.416000000005,54285.7797133838
2024-09-08 23:31:00,54295.79,54305.62,54288.0,54292.51,2.86165,38.8891692365245,-12.11729846970411,-8.915881710707929,-3.2014167589961815,21.74268405881499,54299.704565985114,54318.2578468139,29.025157135431073,22.369726491650265,16.822451664670464,-28.833431035874305,54349.92415707873,59330.63653211956,54304.39409523809,-0.002136711348302819,54312.232578567724,54297.72000000001,54283.20742143229
2024-09-08 23:32:00,54292.51,54292.51,54287.0,54288.0,1.59476,36.117891002238544,-12.722198130613833,-9.67714499468911,-3.0450531359247233,22.122914788691855,54296.77842448883,54315.930320135914,21.316581404724275,18.419734706074504,16.014419402908434,-64.8574775478521,54348.065673937155,59330.63566688259,54300.81276190476,-0.002352197176660115,54304.176290702366,54293.518000000004,54282.85970929764
2024-09-08 23:33:00,54287.99,54288.0,54271.97,54277.97,9.76997,30.34666509945744,-13.851254011606215,-10.511966798072532,-3.3392872135336837,22.999358865239376,54292.07631836662,54313.01029551008,24.013942009594757,11.68550821294712,16.015532302700606,-142.86419448382335,54346.24436045841,59330.63035564898,54296.43447619048,-0.0025861663851657318,54300.6009710048,54288.594000000005,54276.58702899521
2024-09-08 23:34:00,54277.97,54300.95,54275.0,54275.0,3.54158,28.716207404010206,-14.814915980910882,-11.372556634640201,-3.442359346270681,22.99464845996578,54287.80723877496,54310.08642662469,32.36787300504511,10.604847108520335,16.725137138221783,-93.6393231495807,54344.45947324924,59330.62842921639,54292.28133333333,-0.0028281005975160788,54302.03593650252,54285.852,54269.66806349748
2024-09-08 23:35:00,54275.01,54275.01,54241.79,54243.56,7.7267,17.067530736297968,-17.909125033998862,-12.679870314511934,-5.229254719486928,24.039522060743057,54276.745429081224,54304.96900919203,68.6338027722959,18.694793213726175,17.90334162834888,-213.13912809466646,54342.710283784254,59330.62420016741,54284.488666666664,-0.0031724908159952688,54309.72490138616,54275.40800000001,54241.09109861386
2024-09-08 23:36:00,54243.57,54243.57,54241.79,54241.79,0.34771,16.612279928536054,-20.270466884328926,-14.197989628475334,-6.072477255853592,25.009761832893386,54268.00657181092,54300.109085408025,75.7944587097154,22.832721256302737,16.75167436918102,-169.84979061231567,54338.673472432885,59330.624009789506,54277.48809523809,-0.0035709108988676162,54303.16122935486,54265.264,54227.366770645145
2024-09-08 23:37:00,54241.8,54251.0,54241.79,54250.99,2.36516,28.506650922796183,-21.155615435047366,-15.58951478978974,-5.566100645257626,25.4474363496477,54263.752428858184,54296.330694222794,62.17712379308068,22.431372077935627,16.212983342810887,-99.97946724340032,54334.79813353557,59330.62271716047,54272.66009523809,-0.003948380650562221,54288.95056189654,54257.862,54226.77343810346
2024-09-08 23:38:00,54251.0,54252.0,54250.99,54251.99,0.66079,29.81249877889799,-21.528246174952073,-16.77726106682221,-4.750985108129864,25.790300412970492,54260.811821643634,54292.919871590275,47.4393926103221,21.371169779424996,15.127055961181684,-65.21418816161331,54331.077808194146,59330.62235609065,54268.82371428572,-0.004284308525785284,54276.385696305166,54252.666000000005,54228.946303694844
2024-09-08 23:39:00,54252.0,54252.0,54241.79,54241.79,1.93709,24.365229314264255,-22.388532410783228,-17.899515335614414,-4.489017075168814,26.422475962677794,54256.056366232726,54288.986804544875,18.082388429320417,22.09890052481406,14.775837678240071,-70.2066444468032,54327.506295866384,59330.62129549759,54263.79466666666,-0.0046062970497169195,54255.06519421466,54246.024,54236.98280578534
2024-09-08 23:40:00,54241.8,54241.8,54184.0,54206.32,57.38215,13.824479128486942,-25.63692154243472,-19.446996576978478,-6.1899249654562425,28.404302073273556,54243.62227467455,54282.62781957989,66.81680725228216,26.370658019886893,17.84899212979456,-160.9438214092708,54324.07764403173,59330.58965891027,54254.53561904762,-0.005023678524225663,54271.98440362614,54238.576,54205.16759637386
2024-09-08 23:41:00,54206.32,54206.33,54195.0,54195.0,3.57692,11.859593386353069,-28.792817055356863,-21.316160672654156,-7.476656382702707,30.24456917596962,54231.466706005915,54275.887218073745,95.42878309761,29.607364267054827,17.38334983480936,-163.3746265206407,54315.67298538982,59330.58768249805,54244.66885714286,-0.005517968632026111,54276.9323915488,54229.21799999999,54181.50360845119
2024-09-08 23:42:00,54195.01,54201.0,54195.0,54201.0,4.32436,19.16700026357634,-30.45862901498913,-23.14465434112115,-7.313974673867978,31.953388628473107,54223.850029504436,54270.12666283731,92.40371371107176,29.077288138768925,16.57025341803726,-111.21054344287917,54307.77260626643,59330.585295884586,54236.6879047619,-0.006010238685867328,54265.42185685553,54219.219999999994,54173.01814314446
2024-09-08 23:43:00,54200.99,54228.84,54189.45,54228.84,17.77145,44.696410686080874,-29.19579076096852,-24.354881625090623,-4.840909135877897,31.862210502546407,54225.09752212832,54266.95076569599,71.09996278231847,25.620056898900188,18.20023531674884,-44.000000000001094,54300.34624989044,59330.575541079575,54233.38647619048,-0.006368186093109836,54250.13998139116,54214.590000000004,54179.040018608845
2024-09-08 23:44:00,54228.83,54228.84,54218.0,54218.01,2.95982,38.95341950786742,-28.737603630193917,-25.231426026111283,-3.506177604082634,31.777545099900184,54223.325641596246,54263.186091411684,48.61309094984608,21.382701652150587,17.674504222695102,-15.31671191860234,54293.365474897015,59330.57391297984,54229.21123809524,-0.0066472976988976844,54234.14054547492,54209.833999999995,54185.52745452507
2024-09-08 23:45:00,54218.0,54257.0,54218.0,54256.99,6.14941,60.740688764049594,-24.941615380957955,-25.17346389708062,0.231848516122664,30.283484738007537,54231.74173119718,54262.7094689954,88.2969635015179,22.845268023303227,19.197753921074025,63.65006814406621,54286.80354640319,59330.57055618478,54230.974,-0.006708437340772033,54264.11648175075,54219.96799999999,54175.819518249235
2024-09-08 23:46:00,54256.99,54261.0,54250.0,54261.0,2.38746,62.39738647997277,-21.363429540317156,-24.411457025727927,3.0480274854107705,28.716618456476315,54239.05629839789,54262.57797138038,91.6582269272476,24.74361800886267,18.612200069568736,101.03300413120205,54280.635333619,59330.56925396677,54233.60971428572,-0.006593382672610569,54278.997113463614,54233.16799999999,54187.33888653637
2024-09-08 23:47:00,54261.0,54264.0,54255.59,54255.64,2.07694,58.4416723757879,-18.744128046484548,-23.277991229879255,4.533863183394708,27.12250625478427,54243.20222379842,54262.044281274204,69.24713287441409,25.196543059886878,17.883471493171218,98.02874483022288,54274.83721360186,59330.56811992183,54235.7879047619,-0.006371619093781524,54278.719566437205,54244.096,54209.47243356279
2024-09-08 23:48:00,54255.64,54260.92,54255.64,54258.0,4.41886,59.78857566086868,-16.290098351346387,-21.880412654172684,5.590314302826297,25.642259210355945,54246.90166784881,54261.73318271465,64.22469932404056,25.799850924463858,16.98322352937319,86.03659926889719,54269.38698078575,59330.56570827202,54238.49342857143,-0.00606694942533459,54282.04034966202,54249.928,54217.81565033798
2024-09-08 23:49:00,54258.0,54259.0,54258.0,54258.99,1.73248,60.43408715135002,-14.102809007854376,-20.32489192490902,6.222082917054646,24.2677440976725,54249.923750886606,54261.52216865968,7.264773305083509,27.04895391184843,15.841564705846535,69.70345887062544,54264.2637619386,59330.564762933886,54241.49285714285,-0.005704405636999046,54261.75638665254,54258.123999999996,54254.491613347454
2024-09-08 23:50:00,54259.0,54263.0,54259.0,54259.01,8.35106,60.44947871632033,-12.226809562009294,-18.705275452329076,6.478465890319782,22.770441453874604,54252.19531316496,54261.32892491663,6.968672984861769,26.180400301558443,14.996452941143357,64.24282939380493,54184.0,59330.56020615067,54244.348,-0.0053074436550157485,54262.01233649244,54258.528000000006,54255.043663507575
2024-09-08 23:51:00,54259.0,54294.48,54253.0,54294.47,10.34073,78.36001357767506,-7.788954616546107,-16.522011285172482,8.733056668626375,22.366715551576224,54262.763984873716,54263.878238384576,58.70179965806892,26.39628746957425,16.88813487391906,128.45132743365534,54185.58,59330.5546031605,54251.76714285714,-0.004766515518792563,54294.57289982903,54265.221999999994,54235.87110017096
2024-09-08 23:52:00,54294.47,54369.36,54282.0,54366.65,36.35445,89.72535592720807,1.5347089973220136,-12.910667228673583,14.445376225995597,23.98207553300637,54288.735488655286,54271.78375850884,167.88590974484396,40.824560526521246,21.921839525782026,246.28715879532925,54189.936,59330.53518739724,54268.39619047619,-0.0038833193821305088,54371.36695487242,54287.424,54203.48104512758
2024-09-08 23:53:00,54366.65,54366.65,54347.01,54347.01,3.18335,76.59099099425558,7.255360444112739,-8.87746169411632,16.13282213822906,25.48205265862008,54303.30411649147,54277.5703924697,178.06235483857745,45.75522300446877,21.758850988226126,163.72635069241605,54200.701440000004,59330.53348055115,54281.314571428564,-0.002871814492440697,54394.25717741929,54305.226,54216.194822580714
2024-09-08 23:54:00,54347.01,54347.02,54333.52,54333.52,2.21447,68.34483916005766,10.57854479195521,-4.986260396902015,15.564805188857225,26.19522237078209,54310.8580873686,54281.874208433575,154.5059403469495,43.57496687031597,21.168933060495686,89.64457856000269,54210.82095360001,59330.53228998501,54291.43219047619,-0.0018607333252229523,54397.38497017347,54320.132,54242.87902982652
2024-09-08 23:55:00,54333.52,54360.01,54325.66,54360.0,14.70523,74.74873259579232,15.1739907078736,-0.954210175946892,16.12820088382049,27.151185395773513,54323.14356552645,54287.88388470792,102.35294654415338,47.16152265210078,22.110437841888746,81.1020422332435,54220.33329638401,59330.524425917305,54303.86904761904,-0.0007944578520391786,54391.50647327207,54340.329999999994,54289.15352672792
2024-09-08 23:56:00,54360.01,54364.62,54353.0,54364.61,15.4094,75.77266074684185,18.969237613993755,3.030479382041238,15.938758231952518,28.141474212973794,54333.51017414483,54293.78589357655,49.83955539642193,49.12134010095255,21.361120853182594,80.51349847756005,54229.27489860097,59330.516192942945,54315.34914285714,0.00028110903024746554,54379.27777769822,54354.35800000001,54329.4382223018
2024-09-08 23:57:00,54364.61,54370.58,54364.0,54366.0,9.32864,76.12297804445299,21.83743120010331,6.791869745653653,15.045561454449658,29.196024335598317,54341.63263060863,54299.34082483989,49.33485747536179,47.987918757238944,20.30532650652682,77.79389753958924,54237.68000468491,59330.51121022123,54325.45638095238,0.0013211154429576435,54378.895428737684,54354.228,54329.56057126232
2024-09-08 23:58:00,54366.0,54384.0,54365.99,54384.0,6.01992,80.50371088620672,25.271629238224705,10.487821644167864,14.78380759405684,30.46926680947905,54352.22447295647,54305.85306908298,65.02240821464511,46.16613852875903,20.141374613203624,95.31002619939525,54248.312004310115,59330.50800645511,54336.657333333336,0.0023547746580342512,54394.13720410733,54361.626000000004,54329.11479589268
2024-09-08 23:59:00,54383.99,54384.0,54379.01,54379.02,2.01009,75.88159184407753,27.276979504691553,13.845653216272602,13.431326288418951,31.651563392368303,54358.92335471735,54311.48129453814,36.65087133926863,39.831849023881944,19.059133569403222,101.52003387711325,54261.8808038791,59330.50693562092,54345.61342857143,0.003317205465959677,54389.05143566964,54370.726,54352.40056433037
